{"type":"FeatureCollection","name":"Ludhiana scene annotations","bbox":[75.91690063476562,30.816166860284437,75.93338012695312,30.83031865890364],"features":[{"type":"Feature","id":"T062.f01","geometry":{"type":"Polygon","coordinates":[[[75.91701865196228,30.83013440409447],[75.91705620288849,30.830051489314954],[75.91743171215057,30.83003306379868],[75.91772139072418,30.830051489314954],[75.91773211956024,30.83031865890364],[75.91700792312622,30.83031865890364],[75.91701865196228,30.83013440409447]]]},"properties":{"id":"T062.f01","tileId":"T062","modelObjectId":"f01","label":"unburned-looking field","tags":["edge-truncated","green-cover","parallel-texture"],"note":"Green cover has faint parallel lines without visible char-like patches.","visibility":"partial","center":[75.91737002134323,30.830175861457363],"polygon":[[20,0],[155,0],[153,58],[99,62],[29,58],[22,40]],"holes":[],"bbox":[20,0,155,62],"obb":[[20,0],[155,0],[155,62],[20,62]],"obbLonLat":[[75.91700792312622,30.83003306379868],[75.91773211956024,30.83003306379868],[75.91773211956024,30.83031865890364],[75.91700792312622,30.83031865890364],[75.91700792312622,30.83003306379868]],"angle":0,"polygonAreaPixels":7881,"tileOrigin":[47706368,27507968],"tileWidth":1024,"tileHeight":1024,"zoom":18,"sourceRunId":"b8167c24-e210-4b6b-9749-da8ad5da9d6c","sourceDates":[20201109],"imageryRelease":"2021-12-21","isField":true,"edgeFragment":true}},{"type":"Feature","id":"T062.f02","geometry":{"type":"Polygon","coordinates":[[[75.91775894165039,30.830185074202245],[75.91796278953552,30.830185074202245],[75.91797888278961,30.830102159466506],[75.9179413318634,30.83007912758275],[75.9179949760437,30.830023851039208],[75.91913759708405,30.83003306379868],[75.91913223266602,30.83031865890364],[75.91775894165039,30.83031865890364],[75.91775894165039,30.830185074202245]]]},"properties":{"id":"T062.f02","tileId":"T062","modelObjectId":"f02","label":"unburned-looking field","tags":["edge-truncated","pale-residue","linear-texture"],"note":"Pale tan cover shows fine linear texture. The outline excludes the small developed patch along its left side.","visibility":"partial","center":[75.91844826936722,30.830171255084593],"polygon":[[160,0],[416,0],[417,62],[204,64],[194,52],[201,47],[198,29],[160,29]],"holes":[],"bbox":[160,0,417,64],"obb":[[160,0],[417,0],[417,64],[160,64]],"obbLonLat":[[75.91775894165039,30.830023851039208],[75.91913759708405,30.830023851039208],[75.91913759708405,30.83031865890364],[75.91775894165039,30.83031865890364],[75.91775894165039,30.830023851039208]],"angle":0,"polygonAreaPixels":14837.5,"tileOrigin":[47706368,27507968],"tileWidth":1024,"tileHeight":1024,"zoom":18,"sourceRunId":"b8167c24-e210-4b6b-9749-da8ad5da9d6c","sourceDates":[20201109],"imageryRelease":"2021-12-21","isField":true,"edgeFragment":true}},{"type":"Feature","id":"T062.f03","geometry":{"type":"Polygon","coordinates":[[[75.9191644191742,30.830028457419054],[75.91982960700989,30.830019244659148],[75.91983497142792,30.83031865890364],[75.9191644191742,30.83031865890364],[75.9191644191742,30.830028457419054]]]},"properties":{"id":"T062.f03","tileId":"T062","modelObjectId":"f03","label":"unburned-looking field","tags":["edge-truncated","green-cover","uniform-surface"],"note":"Muted green cover appears relatively uniform, without visible burn patterns.","visibility":"partial","center":[75.91949969530106,30.83016895189813],"polygon":[[422,0],[547,0],[546,65],[422,63]],"holes":[],"bbox":[422,0,547,65],"obb":[[422,0],[547,0],[547,65],[422,65]],"obbLonLat":[[75.9191644191742,30.830019244659148],[75.91983497142792,30.830019244659148],[75.91983497142792,30.83031865890364],[75.9191644191742,30.83031865890364],[75.9191644191742,30.830019244659148]],"angle":0,"polygonAreaPixels":7968.5,"tileOrigin":[47706368,27507968],"tileWidth":1024,"tileHeight":1024,"zoom":18,"sourceRunId":"b8167c24-e210-4b6b-9749-da8ad5da9d6c","sourceDates":[20201109],"imageryRelease":"2021-12-21","isField":true,"edgeFragment":true}},{"type":"Feature","id":"T062.f04","geometry":{"type":"Polygon","coordinates":[[[75.91987252235413,30.828895281316782],[75.92051088809967,30.828909100618116],[75.92051088809967,30.829452658225588],[75.92048406600952,30.829558605536455],[75.92038214206696,30.82971061669129],[75.92038750648499,30.82986262760542],[75.92052698135376,30.829936329780182],[75.92053234577179,30.83031865890364],[75.91987788677216,30.83031865890364],[75.91987252235413,30.828895281316782]]]},"properties":{"id":"T062.f04","tileId":"T062","modelObjectId":"f04","label":"unburned-looking field","tags":["edge-truncated","green-cover","tree-margin","faint-boundaries"],"note":"A long green parcel has faint transverse lines and a tree-indented right edge. No coherent char-like pattern is visible.","visibility":"partial","center":[75.92020243406296,30.82960697274819],"polygon":[[555,0],[677,0],[676,83],[650,99],[649,132],[668,165],[673,188],[673,306],[554,309]],"holes":[],"bbox":[554,0,677,309],"obb":[[554,309],[555.0012777277392,-0.39481787143126224],[676.9999999999999,0],[675.9987222722607,309.39481787143126]],"obbLonLat":[[75.9205269744995,30.828893462614264],[75.92053234577179,30.83031865890364],[75.91987789362642,30.830320477579157],[75.91987252235413,30.828895281316782],[75.9205269744995,30.828893462614264]],"angle":-89.81457741265606,"polygonAreaPixels":35257,"tileOrigin":[47706368,27507968],"tileWidth":1024,"tileHeight":1024,"zoom":18,"sourceRunId":"b8167c24-e210-4b6b-9749-da8ad5da9d6c","sourceDates":[20201109],"imageryRelease":"2021-12-21","isField":true,"edgeFragment":true}},{"type":"Feature","id":"T062.f05","geometry":{"type":"Polygon","coordinates":[[[75.92059135437012,30.83001003189836],[75.92190027236938,30.830019244659148],[75.92190027236938,30.83031865890364],[75.92057526111603,30.83031865890364],[75.92059135437012,30.83001003189836]]]},"properties":{"id":"T062.f05","tileId":"T062","modelObjectId":"f05","label":"uncertain field","tags":["edge-truncated","mottled-surface","soil-confounder"],"note":"Olive-brown mottling and pale bare patches are visible. Haze and rough surface texture prevent distinguishing residue, exposed soil and possible scorching.","visibility":"partial","center":[75.9212377667427,30.830164345525024],"polygon":[[685,0],[932,0],[932,65],[688,67]],"holes":[],"bbox":[685,0,932,67],"obb":[[685,0],[932,0],[932,67],[685,67]],"obbLonLat":[[75.92057526111603,30.83001003189836],[75.92190027236938,30.83001003189836],[75.92190027236938,30.83031865890364],[75.92057526111603,30.83031865890364],[75.92057526111603,30.83001003189836]],"angle":0,"polygonAreaPixels":16204.5,"tileOrigin":[47706368,27507968],"tileWidth":1024,"tileHeight":1024,"zoom":18,"sourceRunId":"b8167c24-e210-4b6b-9749-da8ad5da9d6c","sourceDates":[20201109],"imageryRelease":"2021-12-21","isField":true,"edgeFragment":true}},{"type":"Feature","id":"T062.f06","geometry":{"type":"Polygon","coordinates":[[[75.92193245887756,30.83003306379868],[75.92239379882812,30.830046882936227],[75.92239379882812,30.83031865890364],[75.92194855213165,30.83031865890364],[75.92193245887756,30.83003306379868]]]},"properties":{"id":"T062.f06","tileId":"T062","modelObjectId":"f06","label":"unburned-looking field","tags":["edge-truncated","muted-cover","linear-texture"],"note":"Muted cover has faint cultivation lines without distinct burn evidence.","visibility":"partial","center":[75.92216312885284,30.830175861457363],"polygon":[[941,0],[1024,0],[1024,59],[938,62]],"holes":[],"bbox":[938,0,1024,62],"obb":[[938,0],[1024,0],[1024,62],[938,62]],"obbLonLat":[[75.92193245887756,30.83003306379868],[75.92239379882812,30.83003306379868],[75.92239379882812,30.83031865890364],[75.92193245887756,30.83031865890364],[75.92193245887756,30.83003306379868]],"angle":0,"polygonAreaPixels":5110,"tileOrigin":[47706368,27507968],"tileWidth":1024,"tileHeight":1024,"zoom":18,"sourceRunId":"b8167c24-e210-4b6b-9749-da8ad5da9d6c","sourceDates":[20201109],"imageryRelease":"2021-12-21","isField":true,"edgeFragment":true}},{"type":"Feature","id":"T062.f07","geometry":{"type":"Polygon","coordinates":[[[75.91702938079834,30.82889988775078],[75.91776967048645,30.828918313484554],[75.91834902763367,30.82889988775078],[75.91913759708405,30.828918313484554],[75.91913223266602,30.82999621275551],[75.9183543920517,30.82999621275551],[75.91772675514221,30.829986999992514],[75.91704547405243,30.829977787228614],[75.91702938079834,30.82889988775078]]]},"properties":{"id":"T062.f07","tileId":"T062","modelObjectId":"f07","label":"unburned-looking field","tags":["green-cover","parallel-strips","grouped-details"],"note":"Broad green cover contains regularly spaced narrow strips. These appear to be cultivation texture rather than confidently separable parcel bunds.","visibility":"clear","center":[75.91808348894119,30.829448051818115],"polygon":[[27,74],[154,72],[271,70],[416,70],[417,304],[270,308],[162,304],[24,308]],"holes":[],"bbox":[24,70,417,308],"obb":[[24,70],[417,70],[417,308],[24,308]],"obbLonLat":[[75.91702938079834,30.82889988775078],[75.91913759708405,30.82889988775078],[75.91913759708405,30.82999621275551],[75.91702938079834,30.82999621275551],[75.91702938079834,30.82889988775078]],"angle":0,"polygonAreaPixels":91770,"tileOrigin":[47706368,27507968],"tileWidth":1024,"tileHeight":1024,"zoom":18,"sourceRunId":"b8167c24-e210-4b6b-9749-da8ad5da9d6c","sourceDates":[20201109],"imageryRelease":"2021-12-21","isField":true,"edgeFragment":false}},{"type":"Feature","id":"T062.f08","geometry":{"type":"Polygon","coordinates":[[[75.91917514801025,30.828909100618116],[75.91982424259186,30.828909100618116],[75.91982960700989,30.829986999992514],[75.91917514801025,30.829986999992514],[75.91917514801025,30.828909100618116]]]},"properties":{"id":"T062.f08","tileId":"T062","modelObjectId":"f08","label":"unburned-looking field","tags":["green-cover","tonal-variation","straight-bunds"],"note":"Subdued green cover varies slightly across the parcel, with no visible ash-like or char-like patches.","visibility":"clear","center":[75.91950237751007,30.829448051818115],"polygon":[[424,72],[546,72],[545,306],[424,306]],"holes":[],"bbox":[424,72,546,306],"obb":[[424,72],[546,72],[546,306],[424,306]],"obbLonLat":[[75.91917514801025,30.828909100618116],[75.91982960700989,30.828909100618116],[75.91982960700989,30.829986999992514],[75.91917514801025,30.829986999992514],[75.91917514801025,30.828909100618116]],"angle":0,"polygonAreaPixels":28431,"tileOrigin":[47706368,27507968],"tileWidth":1024,"tileHeight":1024,"zoom":18,"sourceRunId":"b8167c24-e210-4b6b-9749-da8ad5da9d6c","sourceDates":[20201109],"imageryRelease":"2021-12-21","isField":true,"edgeFragment":false}},{"type":"Feature","id":"T062.f09","geometry":{"type":"Polygon","coordinates":[[[75.92054307460785,30.829899478699875],[75.9206074476242,30.82978431898275],[75.92053234577179,30.829687584713607],[75.9205162525177,30.82957703114379],[75.920569896698,30.829494115882902],[75.92189490795135,30.82946647744668],[75.92190027236938,30.82998239361067],[75.92059135437012,30.829977787228614],[75.92054307460785,30.829899478699875]]]},"properties":{"id":"T062.f09","tileId":"T062","modelObjectId":"f09","label":"unburned-looking field","tags":["green-cover","horizontal-texture","tree-margin"],"note":"Green cover has faint horizontal texture. The western outline follows the visible indentation around trees.","visibility":"clear","center":[75.92120826244354,30.829724435875242],"polygon":[[688,74],[932,73],[931,185],[684,179],[674,161],[677,137],[691,116],[679,91]],"holes":[],"bbox":[674,73,932,185],"obb":[[932,73],[930.9999999999999,185],[673.8062176165803,182.70362694300513],[674.8062176165804,70.70362694300513]],"obbLonLat":[[75.92052057740602,30.829992971581476],[75.920515212988,30.829477055474335],[75.92189490795135,30.82946647744668],[75.92190027236938,30.82998239361067],[75.92052057740602,30.829992971581476]],"angle":90.51155586658706,"polygonAreaPixels":27130.5,"tileOrigin":[47706368,27507968],"tileWidth":1024,"tileHeight":1024,"zoom":18,"sourceRunId":"b8167c24-e210-4b6b-9749-da8ad5da9d6c","sourceDates":[20201109],"imageryRelease":"2021-12-21","isField":true,"edgeFragment":false}},{"type":"Feature","id":"T062.f10","geometry":{"type":"Polygon","coordinates":[[[75.92193245887756,30.829452658225588],[75.92239379882812,30.829452658225588],[75.92239379882812,30.830019244659148],[75.9219378232956,30.83001003189836],[75.92193245887756,30.829452658225588]]]},"properties":{"id":"T062.f10","tileId":"T062","modelObjectId":"f10","label":"unburned-looking field","tags":["edge-truncated","muted-cover","diagonal-track"],"note":"Muted cover and a faint diagonal line are visible without coherent burn evidence.","visibility":"partial","center":[75.92216312885284,30.829735951860354],"polygon":[[939,67],[1024,65],[1024,188],[938,188]],"holes":[],"bbox":[938,65,1024,188],"obb":[[1024,65],[1024,188],[938,188],[938,65]],"obbLonLat":[[75.92193245887756,30.830019244659148],[75.92193245887756,30.829452658225588],[75.92239379882812,30.829452658225588],[75.92239379882812,30.830019244659148],[75.92193245887756,30.830019244659148]],"angle":90,"polygonAreaPixels":10430.5,"tileOrigin":[47706368,27507968],"tileWidth":1024,"tileHeight":1024,"zoom":18,"sourceRunId":"b8167c24-e210-4b6b-9749-da8ad5da9d6c","sourceDates":[20201109],"imageryRelease":"2021-12-21","isField":true,"edgeFragment":true}},{"type":"Feature","id":"T062.f11","geometry":{"type":"Polygon","coordinates":[[[75.91690063476562,30.829392774911202],[75.91695427894592,30.829369742857267],[75.91700792312622,30.829388168500856],[75.91700792312622,30.82996396808113],[75.91690063476562,30.829959361698187],[75.91690063476562,30.829392774911202]]]},"properties":{"id":"T062.f11","tileId":"T062","modelObjectId":"f11","label":"unburned-looking field","tags":["edge-truncated","pale-surface","narrow-fragment"],"note":"A narrow pale field fragment is visible beside the greener parcel. No char-like pattern is resolved.","visibility":"partial","center":[75.91695427894592,30.829666855928963],"polygon":[[0,78],[20,77],[20,202],[10,206],[0,201]],"holes":[],"bbox":[0,77,20,206],"obb":[[20,77],[20.00000000000001,206],[3.0616169978683787e-16,206],[-7.59281015471359e-15,77]],"obbLonLat":[[75.91690063476562,30.82996396808113],[75.91690063476562,30.829369742857267],[75.91700792312622,30.829369742857267],[75.91700792312622,30.82996396808113],[75.91690063476562,30.82996396808113]],"angle":90,"polygonAreaPixels":2525,"tileOrigin":[47706368,27507968],"tileWidth":1024,"tileHeight":1024,"zoom":18,"sourceRunId":"b8167c24-e210-4b6b-9749-da8ad5da9d6c","sourceDates":[20201109],"imageryRelease":"2021-12-21","isField":true,"edgeFragment":true}},{"type":"Feature","id":"T062.f12","geometry":{"type":"Polygon","coordinates":[[[75.91708302497864,30.828439243257183],[75.91715812683105,30.828402391602207],[75.91776430606842,30.828402391602207],[75.91776430606842,30.828872249143494],[75.9174370765686,30.82887685557859],[75.91706693172455,30.828863036272633],[75.91708302497864,30.828439243257183]]]},"properties":{"id":"T062.f12","tileId":"T062","modelObjectId":"f12","label":"unburned-looking field","tags":["tan-cover","diagonal-tracks","heterogeneous-surface"],"note":"Tan cover contains diagonal tracks and subdued mottling, without distinct char or ash patterns.","visibility":"clear","center":[75.91741561889648,30.828639623883507],"polygon":[[31,316],[100,313],[161,314],[161,416],[48,416],[34,408]],"holes":[],"bbox":[31,313,161,416],"obb":[[161,313],[161,416],[31.000000000000007,416],[31,313]],"obbLonLat":[[75.91706693172455,30.82887685557859],[75.91706693172455,30.828402391602207],[75.91776430606842,30.828402391602207],[75.91776430606842,30.82887685557859],[75.91706693172455,30.82887685557859]],"angle":90,"polygonAreaPixels":13038,"tileOrigin":[47706368,27507968],"tileWidth":1024,"tileHeight":1024,"zoom":18,"sourceRunId":"b8167c24-e210-4b6b-9749-da8ad5da9d6c","sourceDates":[20201109],"imageryRelease":"2021-12-21","isField":true,"edgeFragment":false}},{"type":"Feature","id":"T062.f13","geometry":{"type":"Polygon","coordinates":[[[75.91795742511749,30.828803152590467],[75.9179949760437,30.828734055987702],[75.91808080673218,30.828692598002174],[75.918048620224,30.828614288425115],[75.91792523860931,30.82865113999875],[75.9178876876831,30.828729449545744],[75.91778576374054,30.828720236661184],[75.9177964925766,30.82839317868626],[75.91821491718292,30.8283747528517],[75.91821491718292,30.82887685557859],[75.91796278953552,30.828881462013474],[75.91795742511749,30.828803152590467]]]},"properties":{"id":"T062.f13","tileId":"T062","modelObjectId":"f13","label":"unburned-looking field","tags":["pale-cover","tree-occlusion","narrow-parcel"],"note":"Pale cover and faint vertical lines are visible around an irregular tree intrusion. Trees obscure part of the upper-left boundary.","visibility":"partial","center":[75.91800034046173,30.82862810776688],"polygon":[[198,312],[245,313],[245,422],[167,418],[165,347],[184,345],[191,362],[214,370],[220,353],[204,344],[197,329]],"holes":[],"bbox":[165,312,245,422],"obb":[[245,312],[245,422],[165,422],[165,312]],"obbLonLat":[[75.91778576374054,30.828881462013474],[75.91778576374054,30.8283747528517],[75.91821491718292,30.8283747528517],[75.91821491718292,30.828881462013474],[75.91778576374054,30.828881462013474]],"angle":90,"polygonAreaPixels":6813,"tileOrigin":[47706368,27507968],"tileWidth":1024,"tileHeight":1024,"zoom":18,"sourceRunId":"b8167c24-e210-4b6b-9749-da8ad5da9d6c","sourceDates":[20201109],"imageryRelease":"2021-12-21","isField":true,"edgeFragment":true}},{"type":"Feature","id":"T062.f14","geometry":{"type":"Polygon","coordinates":[[[75.9182471036911,30.8283747528517],[75.91863334178925,30.828365539933095],[75.91864943504333,30.828867642708172],[75.9182471036911,30.828867642708172],[75.9182471036911,30.8283747528517]]]},"properties":{"id":"T062.f14","tileId":"T062","modelObjectId":"f14","label":"unburned-looking field","tags":["muted-cover","uniform-texture","visible-bunds"],"note":"The parcel has muted olive cover with no distinct char-like patches.","visibility":"clear","center":[75.91844826936722,30.828616591648874],"polygon":[[251,315],[326,315],[323,424],[251,422]],"holes":[],"bbox":[251,315,326,424],"obb":[[251,315],[326,315],[326,424],[251,424]],"obbLonLat":[[75.9182471036911,30.828365539933095],[75.91864943504333,30.828365539933095],[75.91864943504333,30.828867642708172],[75.9182471036911,30.828867642708172],[75.9182471036911,30.828365539933095]],"angle":0,"polygonAreaPixels":7939.5,"tileOrigin":[47706368,27507968],"tileWidth":1024,"tileHeight":1024,"zoom":18,"sourceRunId":"b8167c24-e210-4b6b-9749-da8ad5da9d6c","sourceDates":[20201109],"imageryRelease":"2021-12-21","isField":true,"edgeFragment":false}},{"type":"Feature","id":"T062.f15","geometry":{"type":"Polygon","coordinates":[[[75.91877818107605,30.827863434532063],[75.91923415660858,30.82785882804834],[75.91926097869873,30.827914105838456],[75.91925024986267,30.828858429836867],[75.91877818107605,30.828849216964674],[75.91877818107605,30.827863434532063]]]},"properties":{"id":"T062.f15","tileId":"T062","modelObjectId":"f15","label":"unburned-looking field","tags":["rough-residue","tan-mottling","visible-bunds"],"note":"Rough tan and olive residue forms a mottled surface, without a coherent ash-like or blackened pattern.","visibility":"clear","center":[75.91901957988739,30.82835863024356],"polygon":[[350,319],[438,317],[440,522],[435,534],[350,533]],"holes":[],"bbox":[350,317,440,534],"obb":[[349.99999999999994,534],[350,317],[440.00000000000006,317],[440,534]],"obbLonLat":[[75.91926097869873,30.82785882804834],[75.91926097869873,30.828858429836867],[75.91877818107605,30.828858429836867],[75.91877818107605,30.82785882804834],[75.91926097869873,30.82785882804834]],"angle":-90,"polygonAreaPixels":19164.5,"tileOrigin":[47706368,27507968],"tileWidth":1024,"tileHeight":1024,"zoom":18,"sourceRunId":"b8167c24-e210-4b6b-9749-da8ad5da9d6c","sourceDates":[20201109],"imageryRelease":"2021-12-21","isField":true,"edgeFragment":false}},{"type":"Feature","id":"T062.f16","geometry":{"type":"Polygon","coordinates":[[[75.9194165468216,30.82785882804834],[75.91977059841156,30.827868041015563],[75.91977059841156,30.827987809509096],[75.91984033584595,30.82803387427452],[75.91984033584595,30.828881462013474],[75.91942727565765,30.828867642708172],[75.9194165468216,30.82785882804834]]]},"properties":{"id":"T062.f16","tileId":"T062","modelObjectId":"f16","label":"unburned-looking field","tags":["pale-residue","parallel-windrows","tree-margin"],"note":"Dense pale parallel residue rows dominate. The lower-right outline excludes a tree intrusion.","visibility":"clear","center":[75.91962844133377,30.828370146392515],"polygon":[[471,315],[548,312],[548,496],[535,506],[535,532],[469,534]],"holes":[],"bbox":[469,312,548,534],"obb":[[469,534],[471.03381632440323,311.29711247784843],[549.6802251641823,312.0153445220473],[547.646408839779,534.7182320441989]],"obbLonLat":[[75.91983843903515,30.827855519523983],[75.91984934927612,30.828881391329933],[75.91942745706254,30.82888469981895],[75.9194165468216,30.82785882804834],[75.91983843903515,30.827855519523983]],"angle":-89.47676541781583,"polygonAreaPixels":16702.5,"tileOrigin":[47706368,27507968],"tileWidth":1024,"tileHeight":1024,"zoom":18,"sourceRunId":"b8167c24-e210-4b6b-9749-da8ad5da9d6c","sourceDates":[20201109],"imageryRelease":"2021-12-21","isField":true,"edgeFragment":false}},{"type":"Feature","id":"T062.f17","geometry":{"type":"Polygon","coordinates":[[[75.9198671579361,30.828001628941042],[75.91989934444427,30.827868041015563],[75.91997444629669,30.82785882804834],[75.92001736164093,30.82790949935716],[75.92002272605896,30.828853823400877],[75.91987788677216,30.828867642708172],[75.9198671579361,30.828001628941042]]]},"properties":{"id":"T062.f17","tileId":"T062","modelObjectId":"f17","label":"unburned-looking field","tags":["green-cover","narrow-parcel","transverse-lines"],"note":"A narrow green strip contains several transverse tonal lines but no visible burn pattern.","visibility":"clear","center":[75.91994494199753,30.828363236703304],"polygon":[[555,315],[582,318],[581,523],[573,534],[559,532],[553,503]],"holes":[],"bbox":[553,315,582,534],"obb":[[582.0139913386951,315.1317755675059],[580.9461523818588,534.0387617189359],[552.849259981916,533.9017037072289],[553.9170989387522,314.99471755579884]],"obbLonLat":[[75.91987207763819,30.828867667041404],[75.91986634930362,30.827859280848617],[75.92001707277979,30.82785864949311],[75.92002280111436,30.828867035692518],[75.91987207763819,30.828867667041404]],"angle":90.27948939054474,"polygonAreaPixels":5852,"tileOrigin":[47706368,27507968],"tileWidth":1024,"tileHeight":1024,"zoom":18,"sourceRunId":"b8167c24-e210-4b6b-9749-da8ad5da9d6c","sourceDates":[20201109],"imageryRelease":"2021-12-21","isField":true,"edgeFragment":false}},{"type":"Feature","id":"T062.f18","geometry":{"type":"Polygon","coordinates":[[[75.92003881931305,30.827868041015563],[75.92036604881287,30.827854221564394],[75.92049479484558,30.82788186046476],[75.92048943042755,30.828863036272633],[75.9200656414032,30.828844610528247],[75.92003881931305,30.827868041015563]]]},"properties":{"id":"T062.f18","tileId":"T062","modelObjectId":"f18","label":"unburned-looking field","tags":["pale-windrows","curved-headlands","residue-cover"],"note":"Pale residue rows curve around the headlands over an olive-brown surface, without distinct char-like patches.","visibility":"clear","center":[75.92026680707932,30.82835863024356],"polygon":[[590,320],[669,316],[670,529],[646,535],[585,532]],"holes":[],"bbox":[585,316,670,535],"obb":[[669,316.0000000000001],[670.0276394093014,534.887194181177],[585.0154286973773,535.286312541327],[583.9877892880759,316.39911836015]],"obbLonLat":[[75.92003338939165,30.828861197759572],[75.92003890207906,30.827852902670223],[75.92049494311493,30.827854741202593],[75.92048943042755,30.828863036272633],[75.92003338939165,30.828861197759572]],"angle":89.73100770630352,"polygonAreaPixels":17637,"tileOrigin":[47706368,27507968],"tileWidth":1024,"tileHeight":1024,"zoom":18,"sourceRunId":"b8167c24-e210-4b6b-9749-da8ad5da9d6c","sourceDates":[20201109],"imageryRelease":"2021-12-21","isField":true,"edgeFragment":false}},{"type":"Feature","id":"T062.f19","geometry":{"type":"Polygon","coordinates":[[[75.92054843902588,30.82785882804834],[75.921111702919,30.827868041015563],[75.92111706733704,30.828351720553528],[75.9212189912796,30.828365539933095],[75.9212189912796,30.829434232594373],[75.92054843902588,30.82945726463284],[75.92054843902588,30.82785882804834]]]},"properties":{"id":"T062.f19","tileId":"T062","modelObjectId":"f19","label":"unburned-looking field","tags":["green-cover","irregular-parcel","fine-rows"],"note":"Fine vertical texture extends through an L-shaped green parcel. No visible burn evidence is resolved.","visibility":"clear","center":[75.92088371515274,30.82865804966723],"polygon":[[680,187],[805,192],[805,424],[786,427],[785,532],[680,534]],"holes":[],"bbox":[680,187,805,534],"obb":[[805,186.99999999999997],[805,534],[680,534],[680,187]],"obbLonLat":[[75.92054843902588,30.82945726463284],[75.92054843902588,30.82785882804834],[75.9212189912796,30.82785882804834],[75.9212189912796,30.82945726463284],[75.92054843902588,30.82945726463284]],"angle":90,"polygonAreaPixels":40841.5,"tileOrigin":[47706368,27507968],"tileWidth":1024,"tileHeight":1024,"zoom":18,"sourceRunId":"b8167c24-e210-4b6b-9749-da8ad5da9d6c","sourceDates":[20201109],"imageryRelease":"2021-12-21","isField":true,"edgeFragment":false}},{"type":"Feature","id":"T062.f20","geometry":{"type":"Polygon","coordinates":[[[75.9212726354599,30.828881462013474],[75.92188954353333,30.82889988775078],[75.92189490795135,30.829415806959624],[75.92126727104187,30.82941120055038],[75.9212726354599,30.828881462013474]]]},"properties":{"id":"T062.f20","tileId":"T062","modelObjectId":"f20","label":"unburned-looking field","tags":["pale-windrows","curved-headlands","tan-cover"],"note":"Pale looping residue rows remain clearly visible across a tan surface.","visibility":"clear","center":[75.92158108949661,30.829148634858313],"polygon":[[814,197],[931,196],[930,308],[815,312]],"holes":[],"bbox":[814,196,931,312],"obb":[[814.0000000000001,197],[931.0000000000001,196],[931.982907231556,311.000146092038],[814.982907231556,312.000146092038]],"obbLonLat":[[75.92127254376712,30.828881461340515],[75.9219001806766,30.82888606777518],[75.92189490795135,30.829415806959624],[75.92126727104187,30.82941120055038],[75.92127254376712,30.828881461340515]],"angle":-0.48969559312922417,"polygonAreaPixels":13166,"tileOrigin":[47706368,27507968],"tileWidth":1024,"tileHeight":1024,"zoom":18,"sourceRunId":"b8167c24-e210-4b6b-9749-da8ad5da9d6c","sourceDates":[20201109],"imageryRelease":"2021-12-21","isField":true,"edgeFragment":false}},{"type":"Feature","id":"T062.f21","geometry":{"type":"Polygon","coordinates":[[[75.92125654220581,30.828360933473455],[75.92188954353333,30.828365539933095],[75.92188954353333,30.828867642708172],[75.9212726354599,30.828858429836867],[75.92125654220581,30.828360933473455]]]},"properties":{"id":"T062.f21","tileId":"T062","modelObjectId":"f21","label":"unburned-looking field","tags":["horizontal-windrows","tan-cover","visible-division"],"note":"Horizontal pale residue rows distinguish this parcel from the vertically patterned parcel above.","visibility":"clear","center":[75.92157304286957,30.828614288425115],"polygon":[[815,317],[930,315],[930,424],[812,425]],"holes":[],"bbox":[812,315,930,425],"obb":[[930.9236624775583,423.99217235188513],[812,425],[811.0763375224417,316.0078276481149],[930,315.00000000000006]],"obbLonLat":[[75.92188954353333,30.828867642708172],[75.92125158729417,30.82886300021508],[75.92125654220581,30.828360933473455],[75.92189449844497,30.828365575990837],[75.92188954353333,30.828867642708172]],"angle":179.51445416999186,"polygonAreaPixels":12638,"tileOrigin":[47706368,27507968],"tileWidth":1024,"tileHeight":1024,"zoom":18,"sourceRunId":"b8167c24-e210-4b6b-9749-da8ad5da9d6c","sourceDates":[20201109],"imageryRelease":"2021-12-21","isField":true,"edgeFragment":false}},{"type":"Feature","id":"T062.f22","geometry":{"type":"Polygon","coordinates":[[[75.92115998268127,30.827868041015563],[75.92184662818909,30.827886466947373],[75.92183589935303,30.82796938359675],[75.92188954353333,30.828010841894578],[75.9218841791153,30.828333294711012],[75.92114925384521,30.828324081788434],[75.92115998268127,30.827868041015563]]]},"properties":{"id":"T062.f22","tileId":"T062","modelObjectId":"f22","label":"unburned-looking field","tags":["looping-windrows","pale-residue","tree-margin"],"note":"Pale looping residue rows dominate, with a small dark vegetation patch rather than a coherent char pattern.","visibility":"clear","center":[75.92151939868927,30.828100668145122],"polygon":[[792,433],[929,431],[930,501],[920,510],[922,528],[794,532]],"holes":[],"bbox":[792,431,930,532],"obb":[[792.0000000000001,432.99999999999994],[929,430.99999999999994],[930.4453736749588,530.0080967346721],[793.4453736749589,532.0080967346721]],"obbLonLat":[[75.92115700743383,30.827868003718088],[75.92189193270391,30.827877216684442],[75.9218841791153,30.828333294711012],[75.92114925384521,30.828324081788434],[75.92115700743383,30.827868003718088]],"angle":-0.8363753254224154,"polygonAreaPixels":13172,"tileOrigin":[47706368,27507968],"tileWidth":1024,"tileHeight":1024,"zoom":18,"sourceRunId":"b8167c24-e210-4b6b-9749-da8ad5da9d6c","sourceDates":[20201109],"imageryRelease":"2021-12-21","isField":true,"edgeFragment":false}},{"type":"Feature","id":"T062.f23","geometry":{"type":"Polygon","coordinates":[[[75.9219378232956,30.828379359310674],[75.92239379882812,30.828383965769422],[75.92239379882812,30.829425019777446],[75.92194318771362,30.82942041336864],[75.9219378232956,30.828379359310674]]]},"properties":{"id":"T062.f23","tileId":"T062","modelObjectId":"f23","label":"unburned-looking field","tags":["edge-truncated","green-cover","vertical-texture"],"note":"Muted green cover has fine vertical cultivation texture and no visible burn pattern.","visibility":"partial","center":[75.92216581106186,30.828902190967696],"polygon":[[940,195],[1024,194],[1024,420],[939,421]],"holes":[],"bbox":[939,194,1024,421],"obb":[[1024,194],[1024,421],[939,421],[939,194]],"obbLonLat":[[75.9219378232956,30.829425019777446],[75.9219378232956,30.828379359310674],[75.92239379882812,30.828379359310674],[75.92239379882812,30.829425019777446],[75.9219378232956,30.829425019777446]],"angle":90,"polygonAreaPixels":19096.5,"tileOrigin":[47706368,27507968],"tileWidth":1024,"tileHeight":1024,"zoom":18,"sourceRunId":"b8167c24-e210-4b6b-9749-da8ad5da9d6c","sourceDates":[20201109],"imageryRelease":"2021-12-21","isField":true,"edgeFragment":true}},{"type":"Feature","id":"T062.f24","geometry":{"type":"Polygon","coordinates":[[[75.92194318771362,30.82785882804834],[75.92239379882812,30.827863434532063],[75.92239379882812,30.82835632701361],[75.92194855213165,30.828347114093233],[75.92194318771362,30.82785882804834]]]},"properties":{"id":"T062.f24","tileId":"T062","modelObjectId":"f24","label":"unburned-looking field","tags":["edge-truncated","muted-cover","uniform-surface"],"note":"The visible fragment is comparatively uniform and lacks distinct char-like patches.","visibility":"partial","center":[75.92216849327087,30.828107577853217],"polygon":[[941,428],[1024,426],[1024,533],[940,534]],"holes":[],"bbox":[940,426,1024,534],"obb":[[1024,426],[1024,534],[940,534],[940,426]],"obbLonLat":[[75.92194318771362,30.82835632701361],[75.92194318771362,30.82785882804834],[75.92239379882812,30.82785882804834],[75.92239379882812,30.82835632701361],[75.92194318771362,30.82835632701361]],"angle":90,"polygonAreaPixels":8892,"tileOrigin":[47706368,27507968],"tileWidth":1024,"tileHeight":1024,"zoom":18,"sourceRunId":"b8167c24-e210-4b6b-9749-da8ad5da9d6c","sourceDates":[20201109],"imageryRelease":"2021-12-21","isField":true,"edgeFragment":true}},{"type":"Feature","id":"T062.f25","geometry":{"type":"Polygon","coordinates":[[[75.91690063476562,30.82789567991195],[75.91710448265076,30.82789567991195],[75.91712594032288,30.828089151963844],[75.91712594032288,30.8283747528517],[75.91690063476562,30.828379359310674],[75.91690063476562,30.82789567991195]]]},"properties":{"id":"T062.f25","tileId":"T062","modelObjectId":"f25","label":"unburned-looking field","tags":["edge-truncated","pale-soil","repeated-marks"],"note":"Pale exposed surface contains repeated small dark marks. Their regular spacing does not provide coherent burn evidence.","visibility":"partial","center":[75.91701328754425,30.828137519915906],"polygon":[[0,421],[42,422],[42,484],[38,526],[0,526]],"holes":[],"bbox":[0,421,42,526],"obb":[[42,421],[42.00000000000001,526],[0,526],[-6.4293956955236016e-15,421]],"obbLonLat":[[75.91690063476562,30.828379359310674],[75.91690063476562,30.82789567991195],[75.91712594032288,30.82789567991195],[75.91712594032288,30.828379359310674],[75.91690063476562,30.828379359310674]],"angle":90,"polygonAreaPixels":4305,"tileOrigin":[47706368,27507968],"tileWidth":1024,"tileHeight":1024,"zoom":18,"sourceRunId":"b8167c24-e210-4b6b-9749-da8ad5da9d6c","sourceDates":[20201109],"imageryRelease":"2021-12-21","isField":true,"edgeFragment":true}},{"type":"Feature","id":"T062.f26","geometry":{"type":"Polygon","coordinates":[[[75.91716349124908,30.828098364908985],[75.91745853424072,30.828089151963844],[75.91745853424072,30.82835632701361],[75.91716349124908,30.828365539933095],[75.91716349124908,30.828098364908985]]]},"properties":{"id":"T062.f26","tileId":"T062","modelObjectId":"f26","label":"unburned-looking field","tags":["green-cover","dense-texture","crop-transition"],"note":"Dense dark-green cover is bounded by a clear tonal transition, without visible char or ash.","visibility":"clear","center":[75.9173110127449,30.82822734604793],"polygon":[[49,424],[104,426],[104,484],[49,482]],"holes":[],"bbox":[49,424,104,484],"obb":[[104,424],[104,484],[49,484],[49,424]],"obbLonLat":[[75.91716349124908,30.828365539933095],[75.91716349124908,30.828089151963844],[75.91745853424072,30.828089151963844],[75.91745853424072,30.828365539933095],[75.91716349124908,30.828365539933095]],"angle":90,"polygonAreaPixels":3190,"tileOrigin":[47706368,27507968],"tileWidth":1024,"tileHeight":1024,"zoom":18,"sourceRunId":"b8167c24-e210-4b6b-9749-da8ad5da9d6c","sourceDates":[20201109],"imageryRelease":"2021-12-21","isField":true,"edgeFragment":false}},{"type":"Feature","id":"T062.f27","geometry":{"type":"Polygon","coordinates":[[[75.91748535633087,30.828093758436527],[75.9178876876831,30.828093758436527],[75.9178876876831,30.828342507632712],[75.91748535633087,30.828351720553528],[75.91748535633087,30.828093758436527]]]},"properties":{"id":"T062.f27","tileId":"T062","modelObjectId":"f27","label":"unburned-looking field","tags":["green-cover","muted-texture","crop-transition"],"note":"A lighter green strip lies between darker crop surfaces, without visible burn evidence.","visibility":"clear","center":[75.91768652200699,30.82822273958167],"polygon":[[109,427],[184,429],[184,483],[109,483]],"holes":[],"bbox":[109,427,184,483],"obb":[[184,427],[184,483],[109,483],[109,427]],"obbLonLat":[[75.91748535633087,30.828351720553528],[75.91748535633087,30.828093758436527],[75.9178876876831,30.828093758436527],[75.9178876876831,30.828351720553528],[75.91748535633087,30.828351720553528]],"angle":90,"polygonAreaPixels":4125,"tileOrigin":[47706368,27507968],"tileWidth":1024,"tileHeight":1024,"zoom":18,"sourceRunId":"b8167c24-e210-4b6b-9749-da8ad5da9d6c","sourceDates":[20201109],"imageryRelease":"2021-12-21","isField":true,"edgeFragment":false}},{"type":"Feature","id":"T062.f28","geometry":{"type":"Polygon","coordinates":[[[75.91791450977325,30.828098364908985],[75.91845631599426,30.828079939017847],[75.91846168041229,30.827868041015563],[75.91861724853516,30.827868041015563],[75.91863334178925,30.828342507632712],[75.91791450977325,30.828342507632712],[75.91791450977325,30.828098364908985]]]},"properties":{"id":"T062.f28","tileId":"T062","modelObjectId":"f28","label":"unburned-looking field","tags":["green-cover","irregular-parcel","fine-texture"],"note":"Green cover wraps around the eastern end of the pale residue parcel below.","visibility":"clear","center":[75.91827392578125,30.828105274617243],"polygon":[[189,429],[323,429],[320,532],[291,532],[290,486],[189,482]],"holes":[],"bbox":[189,429,323,532],"obb":[[189,429],[323,429],[323,532],[189,532]],"obbLonLat":[[75.91791450977325,30.827868041015563],[75.91863334178925,30.827868041015563],[75.91863334178925,30.828342507632712],[75.91791450977325,30.828342507632712],[75.91791450977325,30.827868041015563]],"angle":0,"polygonAreaPixels":8776.5,"tileOrigin":[47706368,27507968],"tileWidth":1024,"tileHeight":1024,"zoom":18,"sourceRunId":"b8167c24-e210-4b6b-9749-da8ad5da9d6c","sourceDates":[20201109],"imageryRelease":"2021-12-21","isField":true,"edgeFragment":false}},{"type":"Feature","id":"T062.f29","geometry":{"type":"Polygon","coordinates":[[[75.91715276241302,30.827877253981924],[75.91765701770782,30.827868041015563],[75.91771602630615,30.827950957680848],[75.91781795024872,30.827992415986635],[75.9179413318634,30.827964777118105],[75.91801106929779,30.827863434532063],[75.91838657855988,30.827868041015563],[75.91842949390411,30.82790949935716],[75.91841340065002,30.828056906648946],[75.91771066188812,30.828070726070948],[75.91757118701935,30.828098364908985],[75.91749608516693,30.828070726070948],[75.91715276241302,30.828061513123167],[75.91715276241302,30.827877253981924]]]},"properties":{"id":"T062.f29","tileId":"T062","modelObjectId":"f29","label":"unburned-looking field","tags":["pale-windrows","curved-rows","structure-occlusion"],"note":"Pale curved residue rows dominate. The lower edge is indented around trees and a small structure.","visibility":"partial","center":[75.91779112815857,30.827980899792387],"polygon":[[47,490],[111,488],[125,482],[151,488],[282,491],[285,523],[277,532],[207,533],[194,511],[171,505],[152,514],[141,532],[47,530]],"holes":[],"bbox":[47,482,285,533],"obb":[[284.74343891402714,535.058371040724],[46.149321266968315,529.9819004524887],[47.20542986425338,480.3447963800905],[285.7995475113122,485.42126696832577]],"obbLonLat":[[75.91843378301118,30.828082604936014],[75.9171538644247,30.828105989558363],[75.91714819901668,30.827877337357165],[75.91842811760321,30.827853952679124],[75.91843378301118,30.828082604936014]],"angle":-178.7811247648687,"polygonAreaPixels":8971,"tileOrigin":[47706368,27507968],"tileWidth":1024,"tileHeight":1024,"zoom":18,"sourceRunId":"b8167c24-e210-4b6b-9749-da8ad5da9d6c","sourceDates":[20201109],"imageryRelease":"2021-12-21","isField":true,"edgeFragment":true}},{"type":"Feature","id":"T062.f30","geometry":{"type":"Polygon","coordinates":[[[75.91690063476562,30.827292228864664],[75.91711521148682,30.827324474436388],[75.91710984706879,30.8278035502264],[75.91690063476562,30.82781736968487],[75.91690063476562,30.827292228864664]]]},"properties":{"id":"T062.f30","tileId":"T062","modelObjectId":"f30","label":"unburned-looking field","tags":["edge-truncated","pale-windrows","narrow-fragment"],"note":"Pale curved residue lines are visible in the left-edge fragment.","visibility":"partial","center":[75.91700792312622,30.827554799633806],"polygon":[[0,543],[39,546],[40,650],[0,657]],"holes":[],"bbox":[0,543,40,657],"obb":[[-6.980486755139916e-15,657],[0,543],[40.00000000000001,543],[40,657]],"obbLonLat":[[75.91711521148682,30.827292228864664],[75.91711521148682,30.82781736968487],[75.91690063476562,30.82781736968487],[75.91690063476562,30.827292228864664],[75.91711521148682,30.827292228864664]],"angle":-90,"polygonAreaPixels":4306.5,"tileOrigin":[47706368,27507968],"tileWidth":1024,"tileHeight":1024,"zoom":18,"sourceRunId":"b8167c24-e210-4b6b-9749-da8ad5da9d6c","sourceDates":[20201109],"imageryRelease":"2021-12-21","isField":true,"edgeFragment":true}},{"type":"Feature","id":"T062.f31","geometry":{"type":"Polygon","coordinates":[[[75.91715812683105,30.82730144188626],[75.91769456863403,30.827315261417002],[75.91768383979797,30.8277989437398],[75.91715276241302,30.8277989437398],[75.91715812683105,30.82730144188626]]]},"properties":{"id":"T062.f31","tileId":"T062","modelObjectId":"f31","label":"unburned-looking field","tags":["pale-windrows","curved-headlands","residue-cover"],"note":"Closely spaced pale rows curve around the parcel margins without distinct char-like patches.","visibility":"clear","center":[75.91742366552353,30.827550193135274],"polygon":[[47,547],[146,547],[148,652],[48,655]],"holes":[],"bbox":[47,547,148,655],"obb":[[47.99999999999999,654.9999999999999],[46.99999999999997,547],[147.019202743249,546.0738962708958],[148.019202743249,654.0738962708957]],"obbLonLat":[[75.91769467164559,30.827305707992792],[75.91768930722756,30.827803209824225],[75.91715276241302,30.8277989437398],[75.91715812683105,30.82730144188626],[75.91769467164559,30.827305707992792]],"angle":-90.53050131667382,"polygonAreaPixels":10599,"tileOrigin":[47706368,27507968],"tileWidth":1024,"tileHeight":1024,"zoom":18,"sourceRunId":"b8167c24-e210-4b6b-9749-da8ad5da9d6c","sourceDates":[20201109],"imageryRelease":"2021-12-21","isField":true,"edgeFragment":false}},{"type":"Feature","id":"T062.f32","geometry":{"type":"Polygon","coordinates":[[[75.9177428483963,30.827315261417002],[75.918408036232,30.827324474436388],[75.918408036232,30.82779433725298],[75.91774821281433,30.8277989437398],[75.9177428483963,30.827315261417002]]]},"properties":{"id":"T062.f32","tileId":"T062","modelObjectId":"f32","label":"unburned-looking field","tags":["horizontal-windrows","pale-residue","visible-bunds"],"note":"Pale horizontal residue rows cover the parcel and remain distinct from the darker parcel below.","visibility":"clear","center":[75.91807544231415,30.827557102882995],"polygon":[[158,547],[281,548],[281,650],[157,652]],"holes":[],"bbox":[157,547,281,652],"obb":[[157.8536682088566,546.9988103106411],[281.82921348314613,548.0067415730338],[280.9755452742895,653.0079312623926],[157.00000000000003,652]],"obbLonLat":[[75.9177428483963,30.827315261417002],[75.91840790504662,30.827310618371534],[75.91841248447977,30.82779430619802],[75.91774742782943,30.827798949220092],[75.9177428483963,30.827315261417002]],"angle":0.46580908276499366,"polygonAreaPixels":12782,"tileOrigin":[47706368,27507968],"tileWidth":1024,"tileHeight":1024,"zoom":18,"sourceRunId":"b8167c24-e210-4b6b-9749-da8ad5da9d6c","sourceDates":[20201109],"imageryRelease":"2021-12-21","isField":true,"edgeFragment":false}},{"type":"Feature","id":"T062.f33","geometry":{"type":"Polygon","coordinates":[[[75.91690063476562,30.826794724385437],[75.91696500778198,30.826794724385437],[75.91699182987213,30.826836183190505],[75.91699182987213,30.827255376769422],[75.91690063476562,30.827255376769422],[75.91690063476562,30.826794724385437]]]},"properties":{"id":"T062.f33","tileId":"T062","modelObjectId":"f33","label":"unburned-looking field","tags":["edge-truncated","narrow-fragment","pale-rows"],"note":"Only a narrow fragment of parallel pale residue rows is visible.","visibility":"partial","center":[75.91694623231888,30.8270250508537],"polygon":[[0,665],[17,665],[17,756],[12,765],[0,765]],"holes":[],"bbox":[0,665,17,765],"obb":[[0,665],[17,665],[17,765],[0,765]],"obbLonLat":[[75.91690063476562,30.826794724385437],[75.91699182987213,30.826794724385437],[75.91699182987213,30.827255376769422],[75.91690063476562,30.827255376769422],[75.91690063476562,30.826794724385437]],"angle":0,"polygonAreaPixels":1677.5,"tileOrigin":[47706368,27507968],"tileWidth":1024,"tileHeight":1024,"zoom":18,"sourceRunId":"b8167c24-e210-4b6b-9749-da8ad5da9d6c","sourceDates":[20201109],"imageryRelease":"2021-12-21","isField":true,"edgeFragment":true}},{"type":"Feature","id":"T062.f34","geometry":{"type":"Polygon","coordinates":[[[75.91701865196228,30.82679011785044],[75.91765701770782,30.826780904779778],[75.91769456863403,30.826831576657494],[75.917689204216,30.82727380281881],[75.91703474521637,30.827250770256523],[75.91701865196228,30.82679011785044]]]},"properties":{"id":"T062.f34","tileId":"T062","modelObjectId":"f34","label":"unburned-looking field","tags":["pale-windrows","curved-headlands","tan-surface"],"note":"Pale residue rows loop across a predominantly tan surface, without coherent char-like patches.","visibility":"clear","center":[75.91735661029816,30.82702735411559],"polygon":[[25,666],[147,661],[148,757],[141,768],[22,766]],"holes":[],"bbox":[22,661,148,768],"obb":[[147.8132015531239,768.1145075891283],[22.000000000000004,766.0000000000001],[23.799505824214634,658.9294034592306],[149.61270737733852,661.0439110483587]],"obbLonLat":[[75.91770321987056,30.827273600542043],[75.91702830526376,30.82728334104596],[75.91701865196228,30.82679011785044],[75.91769356656908,30.826780377296487],[75.91770321987056,30.827273600542043]],"angle":-179.03713637436377,"polygonAreaPixels":12806.5,"tileOrigin":[47706368,27507968],"tileWidth":1024,"tileHeight":1024,"zoom":18,"sourceRunId":"b8167c24-e210-4b6b-9749-da8ad5da9d6c","sourceDates":[20201109],"imageryRelease":"2021-12-21","isField":true,"edgeFragment":false}},{"type":"Feature","id":"T062.f35","geometry":{"type":"Polygon","coordinates":[[[75.91773748397827,30.826757872099236],[75.91841340065002,30.82676708517212],[75.918408036232,30.82728762235353],[75.91774821281433,30.827278409330603],[75.91773748397827,30.826757872099236]]]},"properties":{"id":"T062.f35","tileId":"T062","modelObjectId":"f35","label":"partially burned-looking field","tags":["char-like-patches","retained-windrows","mixed-cover","soil-confounder"],"note":"Irregular dark gray-black patches interrupt pale residue rows, especially toward the left and lower portions. Dark soil remains a plausible contributor to this apparent partial-burn pattern.","visibility":"clear","center":[75.91807544231415,30.82702274759175],"polygon":[[158,660],[281,658],[282,771],[156,773]],"holes":[],"bbox":[156,658,282,773],"obb":[[282.79345088161216,770.9874055415618],[156.00000000000003,773.0000000000001],[154.20654911838793,660.0125944584385],[281.00000000000006,658.0000000000001]],"obbLonLat":[[75.918408036232,30.82728762235353],[75.917727863158,30.82727835131409],[75.91773748397827,30.826757872099236],[75.91841765705226,30.826767143188945],[75.918408036232,30.82728762235353]],"angle":179.09061955080085,"polygonAreaPixels":14067.5,"tileOrigin":[47706368,27507968],"tileWidth":1024,"tileHeight":1024,"zoom":18,"sourceRunId":"b8167c24-e210-4b6b-9749-da8ad5da9d6c","sourceDates":[20201109],"imageryRelease":"2021-12-21","isField":true,"edgeFragment":false}},{"type":"Feature","id":"T062.f36","geometry":{"type":"Polygon","coordinates":[[[75.91846168041229,30.826850002788213],[75.91855823993683,30.826785511315215],[75.91863870620728,30.826794724385437],[75.91870844364166,30.826753265562466],[75.91982960700989,30.82674865902548],[75.91983497142792,30.82704347694729],[75.91981887817383,30.827785124278684],[75.91847777366638,30.827785124278684],[75.91846168041229,30.826850002788213]]]},"properties":{"id":"T062.f36","tileId":"T062","modelObjectId":"f36","label":"partially burned-looking field","tags":["char-like-bands","ash-like-mottling","retained-windrows","mixed-cover"],"note":"Dark gray-black swaths and lighter gray mottling occur between and across retained tan windrows. Their irregular distribution is consistent with partial residue burning, although soil and residue contrasts remain confounders.","visibility":"clear","center":[75.9191483259201,30.827266893050705],"polygon":[[294,550],[544,550],[547,711],[546,775],[337,774],[324,765],[309,767],[291,753]],"holes":[],"bbox":[291,550,547,775],"obb":[[546.6937640217938,775.0033194450803],[290.9005768966622,773.7794285975916],[291.9770614898585,548.7941486195687],[547.77024861499,550.0180394670573]],"obbLonLat":[[75.91983910336347,30.827785041180096],[75.91846692177856,30.827790679017674],[75.91846114706522,30.826754281632766],[75.91983332865013,30.826748643734334],[75.91983910336347,30.827785041180096]],"angle":-179.72585960626677,"polygonAreaPixels":56441,"tileOrigin":[47706368,27507968],"tileWidth":1024,"tileHeight":1024,"zoom":18,"sourceRunId":"b8167c24-e210-4b6b-9749-da8ad5da9d6c","sourceDates":[20201109],"imageryRelease":"2021-12-21","isField":true,"edgeFragment":false}},{"type":"Feature","id":"T062.f37","geometry":{"type":"Polygon","coordinates":[[[75.92125117778778,30.826744052488273],[75.92190027236938,30.82674865902548],[75.92189490795135,30.82779433725298],[75.92124044895172,30.827785124278684],[75.92125117778778,30.826744052488273]]]},"properties":{"id":"T062.f37","tileId":"T062","modelObjectId":"f37","label":"unburned-looking field","tags":["muted-cover","horizontal-lines","grouped-details"],"note":"Muted olive-tan cover contains several horizontal cultivation lines. No distinct char-like pattern is visible, and internal parcel divisions are not confidently resolved.","visibility":"clear","center":[75.92157036066055,30.82726919630679],"polygon":[[809,550],[931,548],[932,775],[811,776]],"holes":[],"bbox":[809,548,932,776],"obb":[[932.8759732277013,774.9927605518373],[810.8677776260075,776.0010927468926],[808.9918043983064,549.0083321950553],[931.0000000000001,548]],"obbLonLat":[[75.92189490795135,30.82779433725298],[75.92124040498709,30.827789692383778],[75.92125046849168,30.8267440474545],[75.92190497145594,30.826748692374277],[75.92189490795135,30.82779433725298]],"angle":179.52649194126508,"polygonAreaPixels":27522,"tileOrigin":[47706368,27507968],"tileWidth":1024,"tileHeight":1024,"zoom":18,"sourceRunId":"b8167c24-e210-4b6b-9749-da8ad5da9d6c","sourceDates":[20201109],"imageryRelease":"2021-12-21","isField":true,"edgeFragment":false}},{"type":"Feature","id":"T062.f38","geometry":{"type":"Polygon","coordinates":[[[75.92194318771362,30.82674865902548],[75.92239379882812,30.82674865902548],[75.92239379882812,30.827785124278684],[75.92194318771362,30.827780517791194],[75.92194318771362,30.82674865902548]]]},"properties":{"id":"T062.f38","tileId":"T062","modelObjectId":"f38","label":"unburned-looking field","tags":["edge-truncated","muted-cover","linear-texture"],"note":"Subdued cover and horizontal surface lines show no clear burn evidence.","visibility":"partial","center":[75.92216849327087,30.827266893050705],"polygon":[[940,551],[1024,550],[1024,775],[940,775]],"holes":[],"bbox":[940,550,1024,775],"obb":[[1024,550],[1024,775],[940,775],[940,550]],"obbLonLat":[[75.92194318771362,30.827785124278684],[75.92194318771362,30.82674865902548],[75.92239379882812,30.82674865902548],[75.92239379882812,30.827785124278684],[75.92194318771362,30.827785124278684]],"angle":90,"polygonAreaPixels":18858,"tileOrigin":[47706368,27507968],"tileWidth":1024,"tileHeight":1024,"zoom":18,"sourceRunId":"b8167c24-e210-4b6b-9749-da8ad5da9d6c","sourceDates":[20201109],"imageryRelease":"2021-12-21","isField":true,"edgeFragment":true}},{"type":"Feature","id":"T062.f39","geometry":{"type":"Polygon","coordinates":[[[75.91773748397827,30.82566611670409],[75.91908395290375,30.82567532988173],[75.91909468173981,30.826711806721605],[75.91871380805969,30.826716413260357],[75.9186601638794,30.826647315155782],[75.9185528755188,30.826647315155782],[75.91850459575653,30.826721019798903],[75.91774821281433,30.826721019798903],[75.91773748397827,30.82566611670409]]]},"properties":{"id":"T062.f39","tileId":"T062","modelObjectId":"f39","label":"unburned-looking field","tags":["uniform-cover","fine-horizontal-lines","tree-margin"],"note":"Relatively uniform olive-tan cover has fine horizontal texture. The upper outline excludes an intrusive tree crown.","visibility":"clear","center":[75.91841608285904,30.826193569700255],"polygon":[[158,781],[299,781],[308,797],[328,797],[338,782],[409,783],[407,1008],[156,1010]],"holes":[],"bbox":[156,781,409,1010],"obb":[[156,1009.9999999999999],[158.01075412336732,779.7686528744398],[409.00907617504043,781.9607779578605],[406.9983220516731,1012.1921250834206]],"obbLonLat":[[75.91908394390254,30.825656018484185],[75.91909473042821,30.826716593938222],[75.91774827050395,30.826726692046588],[75.91773748397827,30.82566611670409],[75.91908394390254,30.825656018484185]],"angle":-89.49961290120778,"polygonAreaPixels":56644.5,"tileOrigin":[47706368,27507968],"tileWidth":1024,"tileHeight":1024,"zoom":18,"sourceRunId":"b8167c24-e210-4b6b-9749-da8ad5da9d6c","sourceDates":[20201109],"imageryRelease":"2021-12-21","isField":true,"edgeFragment":false}},{"type":"Feature","id":"T062.f40","geometry":{"type":"Polygon","coordinates":[[[75.91913223266602,30.825670723293012],[75.91982960700989,30.82568454305847],[75.91982424259186,30.826711806721605],[75.9191483259201,30.826716413260357],[75.91913223266602,30.825670723293012]]]},"properties":{"id":"T062.f40","tileId":"T062","modelObjectId":"f40","label":"partially burned-looking field","tags":["char-like-bands","retained-residue","mixed-cover","soil-confounder"],"note":"Broad dark gray-black bands and irregular dark patches coexist with pale standing or windrowed residue. Exposed dark soil could contribute to the apparent partial-burn pattern.","visibility":"clear","center":[75.91948091983795,30.826193569700255],"polygon":[[419,782],[545,783],[546,1006],[416,1009]],"holes":[],"bbox":[416,782,546,1009],"obb":[[417.80166278264153,781.9904893871638],[547.7696668136298,783.0219814826479],[545.9680040309883,1010.031492095484],[415.99999999999994,1009]],"obbLonLat":[[75.91913223266602,30.825670723293012],[75.91982943537013,30.82566597163294],[75.91983910024246,30.82671170546305],[75.91914189753831,30.82671645707137],[75.91913223266602,30.825670723293012]],"angle":0.454718861693143,"polygonAreaPixels":28799,"tileOrigin":[47706368,27507968],"tileWidth":1024,"tileHeight":1024,"zoom":18,"sourceRunId":"b8167c24-e210-4b6b-9749-da8ad5da9d6c","sourceDates":[20201109],"imageryRelease":"2021-12-21","isField":true,"edgeFragment":false}},{"type":"Feature","id":"T062.f41","geometry":{"type":"Polygon","coordinates":[[[75.91988325119019,30.82620047954561],[75.92050015926361,30.826205086108896],[75.92050015926361,30.826702593643425],[75.92025339603424,30.82667034786283],[75.92022657394409,30.826702593643425],[75.92007100582123,30.826707200182618],[75.92000126838684,30.82668416748441],[75.91988861560822,30.826693380564368],[75.91988325119019,30.82620047954561]]]},"properties":{"id":"T062.f41","tileId":"T062","modelObjectId":"f41","label":"unburned-looking field","tags":["pale-residue","horizontal-texture","developed-margin"],"note":"Pale tan residue and faint horizontal lines are visible below the developed area, without distinct char-like patches.","visibility":"clear","center":[75.9201917052269,30.8264538401984],"polygon":[[557,787],[578,789],[591,784],[620,785],[625,792],[671,785],[671,893],[556,894]],"holes":[],"bbox":[556,784,671,894],"obb":[[671,784],[671,894],[556,894],[556,784]],"obbLonLat":[[75.91988325119019,30.826707200182618],[75.91988325119019,30.82620047954561],[75.92050015926361,30.82620047954561],[75.92050015926361,30.826707200182618],[75.91988325119019,30.826707200182618]],"angle":90,"polygonAreaPixels":12175.5,"tileOrigin":[47706368,27507968],"tileWidth":1024,"tileHeight":1024,"zoom":18,"sourceRunId":"b8167c24-e210-4b6b-9749-da8ad5da9d6c","sourceDates":[20201109],"imageryRelease":"2021-12-21","isField":true,"edgeFragment":false}},{"type":"Feature","id":"T062.f42","geometry":{"type":"Polygon","coordinates":[[[75.92054307460785,30.826195872982094],[75.9212189912796,30.82620047954561],[75.92119753360748,30.826702593643425],[75.92054307460785,30.826702593643425],[75.92054307460785,30.826195872982094]]]},"properties":{"id":"T062.f42","tileId":"T062","modelObjectId":"f42","label":"unburned-looking field","tags":["tan-cover","horizontal-texture","visible-bunds"],"note":"Tan cover has faint horizontal cultivation texture and no visible burn pattern.","visibility":"clear","center":[75.92088103294373,30.826449233647043],"polygon":[[679,785],[801,785],[805,894],[679,895]],"holes":[],"bbox":[679,785,805,895],"obb":[[679,785],[805,785],[805,895],[679,895]],"obbLonLat":[[75.92054307460785,30.826195872982094],[75.9212189912796,30.826195872982094],[75.9212189912796,30.826702593643425],[75.92054307460785,30.826702593643425],[75.92054307460785,30.826195872982094]],"angle":0,"polygonAreaPixels":13579,"tileOrigin":[47706368,27507968],"tileWidth":1024,"tileHeight":1024,"zoom":18,"sourceRunId":"b8167c24-e210-4b6b-9749-da8ad5da9d6c","sourceDates":[20201109],"imageryRelease":"2021-12-21","isField":true,"edgeFragment":false}},{"type":"Feature","id":"T062.f43","geometry":{"type":"Polygon","coordinates":[[[75.92126727104187,30.826205086108896],[75.92190027236938,30.826195872982094],[75.92190027236938,30.826711806721605],[75.92125654220581,30.826707200182618],[75.92126727104187,30.826205086108896]]]},"properties":{"id":"T062.f43","tileId":"T062","modelObjectId":"f43","label":"unburned-looking field","tags":["pale-residue","curved-lines","muted-surface"],"note":"Pale residue lines and muted tan cover dominate, without distinct char-like patches.","visibility":"clear","center":[75.9215784072876,30.8264538401984],"polygon":[[812,784],[932,783],[932,895],[814,893]],"holes":[],"bbox":[812,783,932,895],"obb":[[812.0000000000001,784],[932,783],[932.9332685230193,894.9922227623083],[812.9332685230194,895.9922227623083]],"obbLonLat":[[75.92126154864832,30.826191302244702],[75.92190527881189,30.826195908808437],[75.92190027236938,30.826711806721605],[75.92125654220581,30.826707200182618],[75.92126154864832,30.826191302244702]],"angle":-0.4774537773095774,"polygonAreaPixels":13149,"tileOrigin":[47706368,27507968],"tileWidth":1024,"tileHeight":1024,"zoom":18,"sourceRunId":"b8167c24-e210-4b6b-9749-da8ad5da9d6c","sourceDates":[20201109],"imageryRelease":"2021-12-21","isField":true,"edgeFragment":false}},{"type":"Feature","id":"T062.f44","geometry":{"type":"Polygon","coordinates":[[[75.92194318771362,30.826195872982094],[75.92239379882812,30.82619126641836],[75.92239379882812,30.826716413260357],[75.92194318771362,30.826711806721605],[75.92194318771362,30.826195872982094]]]},"properties":{"id":"T062.f44","tileId":"T062","modelObjectId":"f44","label":"unburned-looking field","tags":["edge-truncated","pale-residue","horizontal-lines"],"note":"Pale horizontal residue texture extends beyond the right image edge.","visibility":"partial","center":[75.92216849327087,30.8264538401984],"polygon":[[940,783],[1024,782],[1024,896],[940,895]],"holes":[],"bbox":[940,782,1024,896],"obb":[[1024,782],[1024,896],[940,896],[940,782]],"obbLonLat":[[75.92194318771362,30.826716413260357],[75.92194318771362,30.82619126641836],[75.92239379882812,30.82619126641836],[75.92239379882812,30.826716413260357],[75.92194318771362,30.826716413260357]],"angle":90,"polygonAreaPixels":9492,"tileOrigin":[47706368,27507968],"tileWidth":1024,"tileHeight":1024,"zoom":18,"sourceRunId":"b8167c24-e210-4b6b-9749-da8ad5da9d6c","sourceDates":[20201109],"imageryRelease":"2021-12-21","isField":true,"edgeFragment":true}},{"type":"Feature","id":"T062.f45","geometry":{"type":"Polygon","coordinates":[[[75.91986179351807,30.825942511648584],[75.91985642910004,30.825601624435894],[75.92050552368164,30.825601624435894],[75.92050015926361,30.826154413900543],[75.91987788677216,30.826154413900543],[75.91986179351807,30.825942511648584]]]},"properties":{"id":"T062.f45","tileId":"T062","modelObjectId":"f45","label":"unburned-looking field","tags":["edge-truncated","tan-residue","curved-headlands"],"note":"Tan residue has faint looping cultivation texture, without coherent char-like patches.","visibility":"partial","center":[75.92018097639084,30.825878019566034],"polygon":[[555,904],[671,904],[672,1024],[551,1024],[552,950]],"holes":[],"bbox":[551,904,672,1024],"obb":[[551,904],[672,904],[672,1024],[551,1024]],"obbLonLat":[[75.91985642910004,30.825601624435894],[75.92050552368164,30.825601624435894],[75.92050552368164,30.826154413900543],[75.91985642910004,30.826154413900543],[75.91985642910004,30.825601624435894]],"angle":0,"polygonAreaPixels":14308,"tileOrigin":[47706368,27507968],"tileWidth":1024,"tileHeight":1024,"zoom":18,"sourceRunId":"b8167c24-e210-4b6b-9749-da8ad5da9d6c","sourceDates":[20201109],"imageryRelease":"2021-12-21","isField":true,"edgeFragment":true}},{"type":"Feature","id":"T062.f46","geometry":{"type":"Polygon","coordinates":[[[75.92055916786194,30.825601624435894],[75.92190563678741,30.825601624435894],[75.92190027236938,30.826159020466044],[75.92055380344391,30.826154413900543],[75.92055916786194,30.825601624435894]]]},"properties":{"id":"T062.f46","tileId":"T062","modelObjectId":"f46","label":"unburned-looking field","tags":["edge-truncated","muted-cover","horizontal-texture"],"note":"Broad muted olive cover contains horizontal lines and lacks visible burn patterns.","visibility":"partial","center":[75.92122972011566,30.825880322855443],"polygon":[[681,904],[932,903],[933,1024],[682,1024]],"holes":[],"bbox":[681,903,933,1024],"obb":[[681,904],[932.5179200660298,902.9979365734421],[933.0000000000001,1024],[681.4820799339703,1025.002063426558]],"obbLonLat":[[75.92055638952218,30.82559700833828],[75.92190563678741,30.825601624435894],[75.92190305070915,30.826159029971357],[75.92055380344391,30.826154413900543],[75.92055638952218,30.82559700833828]],"angle":-0.228268830153421,"polygonAreaPixels":30246,"tileOrigin":[47706368,27507968],"tileWidth":1024,"tileHeight":1024,"zoom":18,"sourceRunId":"b8167c24-e210-4b6b-9749-da8ad5da9d6c","sourceDates":[20201109],"imageryRelease":"2021-12-21","isField":true,"edgeFragment":true}},{"type":"Feature","id":"T062.f47","geometry":{"type":"Polygon","coordinates":[[[75.92194855213165,30.825601624435894],[75.92239379882812,30.825601624435894],[75.92239379882812,30.826154413900543],[75.92194855213165,30.826154413900543],[75.92194855213165,30.825601624435894]]]},"properties":{"id":"T062.f47","tileId":"T062","modelObjectId":"f47","label":"unburned-looking field","tags":["edge-truncated","pale-residue","looping-lines"],"note":"Pale looping residue lines surround a muted interior, without coherent char-like patches.","visibility":"partial","center":[75.92217117547989,30.825878019566034],"polygon":[[941,904],[1024,904],[1024,1024],[941,1024]],"holes":[],"bbox":[941,904,1024,1024],"obb":[[941,904],[1024,904],[1024,1024],[941,1024]],"obbLonLat":[[75.92194855213165,30.825601624435894],[75.92239379882812,30.825601624435894],[75.92239379882812,30.826154413900543],[75.92194855213165,30.826154413900543],[75.92194855213165,30.825601624435894]],"angle":0,"polygonAreaPixels":9960,"tileOrigin":[47706368,27507968],"tileWidth":1024,"tileHeight":1024,"zoom":18,"sourceRunId":"b8167c24-e210-4b6b-9749-da8ad5da9d6c","sourceDates":[20201109],"imageryRelease":"2021-12-21","isField":true,"edgeFragment":true}},{"type":"Feature","id":"T062.f48","geometry":{"type":"Polygon","coordinates":[[[75.91690063476562,30.825601624435894],[75.91739416122437,30.825601624435894],[75.91736733913422,30.82567993647021],[75.91726541519165,30.82570757599648],[75.91690063476562,30.825702969409328],[75.91690063476562,30.825601624435894]]]},"properties":{"id":"T062.f48","tileId":"T062","modelObjectId":"f48","label":"unburned-looking field","tags":["edge-truncated","green-cover","small-fragment"],"note":"A small green field fragment is visible below the horizontal track.","visibility":"partial","center":[75.917147397995,30.825654600230802],"polygon":[[0,1002],[68,1001],[87,1007],[92,1024],[0,1024]],"holes":[],"bbox":[0,1001,92,1024],"obb":[[92,1024],[0,1024],[-2.8166876380389084e-15,1001],[92,1001]],"obbLonLat":[[75.91739416122437,30.82570757599648],[75.91690063476562,30.82570757599648],[75.91690063476562,30.825601624435894],[75.91739416122437,30.825601624435894],[75.91739416122437,30.82570757599648]],"angle":180,"polygonAreaPixels":1952.5,"tileOrigin":[47706368,27507968],"tileWidth":1024,"tileHeight":1024,"zoom":18,"sourceRunId":"b8167c24-e210-4b6b-9749-da8ad5da9d6c","sourceDates":[20201109],"imageryRelease":"2021-12-21","isField":true,"edgeFragment":true}},{"type":"Feature","id":"T063.field_01","geometry":{"type":"Polygon","coordinates":[[[75.92239379882812,30.830023851039208],[75.92260837554932,30.830042276557265],[75.9226244688034,30.83031865890364],[75.92239379882812,30.83031865890364],[75.92239379882812,30.830023851039208]]]},"properties":{"id":"T063.field_01","tileId":"T063","modelObjectId":"field_01","label":"unburned-looking field","tags":["edge-truncated","muted-cover","haze"],"note":"Visible olive cover lacks a distinct char or ash pattern.","visibility":"partial","center":[75.92250913381577,30.830171255084593],"polygon":[[0,0],[43,0],[40,60],[0,64]],"holes":[],"bbox":[0,0,43,64],"obb":[[0,0],[43,0],[43,64],[0,64]],"obbLonLat":[[75.92239379882812,30.830023851039208],[75.9226244688034,30.830023851039208],[75.9226244688034,30.83031865890364],[75.92239379882812,30.83031865890364],[75.92239379882812,30.830023851039208]],"angle":0,"polygonAreaPixels":2570,"tileOrigin":[47707392,27507968],"tileWidth":1024,"tileHeight":1024,"zoom":18,"sourceRunId":"c98dd124-04f4-4d77-a5df-a104b4c0ad25","sourceDates":[20201109],"imageryRelease":"2021-12-21","isField":true,"edgeFragment":true}},{"type":"Feature","id":"T063.field_02","geometry":{"type":"Polygon","coordinates":[[[75.92239379882812,30.829494115882902],[75.92247426509857,30.829429626186013],[75.92258155345917,30.829448051818115],[75.92259764671326,30.830023851039208],[75.92239379882812,30.83001003189836],[75.92239379882812,30.829494115882902]]]},"properties":{"id":"T063.field_02","tileId":"T063","modelObjectId":"field_02","label":"unburned-looking field","tags":["edge-truncated","uniform-cover","haze"],"note":"This narrow fragment has relatively uniform cover without visible burn evidence.","visibility":"partial","center":[75.92249572277069,30.829726739072377],"polygon":[[0,67],[38,64],[35,189],[15,193],[0,179]],"holes":[],"bbox":[0,64,38,193],"obb":[[-7.715274834628327e-15,193],[1.8369701987210272e-16,64],[38,64],[37.99999999999999,193]],"obbLonLat":[[75.92259764671326,30.829429626186013],[75.92259764671326,30.830023851039208],[75.92239379882812,30.830023851039208],[75.92239379882812,30.829429626186013],[75.92259764671326,30.829429626186013]],"angle":-90,"polygonAreaPixels":4500.5,"tileOrigin":[47707392,27507968],"tileWidth":1024,"tileHeight":1024,"zoom":18,"sourceRunId":"c98dd124-04f4-4d77-a5df-a104b4c0ad25","sourceDates":[20201109],"imageryRelease":"2021-12-21","isField":true,"edgeFragment":true}},{"type":"Feature","id":"T063.field_03","geometry":{"type":"Polygon","coordinates":[[[75.92260837554932,30.82944344541043],[75.92332720756531,30.829461871039868],[75.92346131801605,30.829434232594373],[75.92358469963074,30.82949872228816],[75.92356860637665,30.830046882936227],[75.92338621616364,30.830069914827703],[75.92337548732758,30.83031865890364],[75.92264592647552,30.83031865890364],[75.92260837554932,30.82944344541043]]]},"properties":{"id":"T063.field_03","tileId":"T063","modelObjectId":"field_03","label":"unburned-looking field","tags":["edge-truncated","olive-cover","haze"],"note":"Muted crop-like cover is visible, with haze reducing contrast toward the lower-right boundary.","visibility":"partial","center":[75.92309653759003,30.8298764467675],"polygon":[[47,0],[183,0],[185,54],[219,59],[222,178],[199,192],[174,186],[40,190]],"holes":[],"bbox":[40,0,222,192],"obb":[[221.82028870872057,192.28704765671347],[39.99999999999999,189.99999999999997],[42.412181135060344,-1.7684002372948646],[224.2324698437809,0.5186474194186359]],"obbLonLat":[[75.9235966755322,30.830316269823857],[75.92262131549728,30.830326804801683],[75.92260837554932,30.82944344541043],[75.92358373558426,30.829432910335658],[75.9235966755322,30.830316269823857]],"angle":-179.27933637748234,"polygonAreaPixels":31176.5,"tileOrigin":[47707392,27507968],"tileWidth":1024,"tileHeight":1024,"zoom":18,"sourceRunId":"c98dd124-04f4-4d77-a5df-a104b4c0ad25","sourceDates":[20201109],"imageryRelease":"2021-12-21","isField":true,"edgeFragment":true}},{"type":"Feature","id":"T063.field_04","geometry":{"type":"Polygon","coordinates":[[[75.92340767383575,30.830088340336914],[75.9235954284668,30.830069914827703],[75.92406749725342,30.830065308449857],[75.92407822608948,30.83031865890364],[75.92341303825378,30.83031865890364],[75.92340767383575,30.830088340336914]]]},"properties":{"id":"T063.field_04","tileId":"T063","modelObjectId":"field_04","label":"unburned-looking field","tags":["edge-truncated","uniform-cover","bunds"],"note":"The visible surface is consistently olive-toned without apparent ash-like patches.","visibility":"partial","center":[75.92374294996262,30.830191983760326],"polygon":[[190,0],[314,0],[312,55],[224,54],[189,50]],"holes":[],"bbox":[189,0,314,55],"obb":[[313.37482246610716,55.01562298256941],[188.9590703679793,53.60180761781794],[189.58424790187217,-1.4138153647514735],[314,0]],"obbLonLat":[[75.92407822608948,30.83031865890364],[75.92341080798573,30.830325171454174],[75.92340745427211,30.83007174905222],[75.92407487237585,30.8300652364845],[75.92407822608948,30.83031865890364]],"angle":-179.3489396197705,"polygonAreaPixels":6646,"tileOrigin":[47707392,27507968],"tileWidth":1024,"tileHeight":1024,"zoom":18,"sourceRunId":"c98dd124-04f4-4d77-a5df-a104b4c0ad25","sourceDates":[20201109],"imageryRelease":"2021-12-21","isField":true,"edgeFragment":true}},{"type":"Feature","id":"T063.field_05","geometry":{"type":"Polygon","coordinates":[[[75.92360615730286,30.829503328693203],[75.92397630214691,30.829471083853267],[75.92441618442535,30.829475690259635],[75.9242445230484,30.82986262760542],[75.92413187026978,30.83003306379868],[75.92361152172089,30.83003306379868],[75.92360615730286,30.829503328693203]]]},"properties":{"id":"T063.field_05","tileId":"T063","modelObjectId":"field_05","label":"unburned-looking field","tags":["olive-cover","faint-rows","angled-boundary"],"note":"Faint cultivation texture crosses a muted green surface without coherent burn markings.","visibility":"clear","center":[75.9240111708641,30.829752074237188],"polygon":[[227,62],[324,62],[345,99],[377,183],[295,184],[226,177]],"holes":[],"bbox":[226,62,377,184],"obb":[[226,62],[377,62],[377,184],[226,184]],"obbLonLat":[[75.92360615730286,30.829471083853267],[75.92441618442535,30.829471083853267],[75.92441618442535,30.83003306379868],[75.92360615730286,30.83003306379868],[75.92360615730286,30.829471083853267]],"angle":0,"polygonAreaPixels":15165.5,"tileOrigin":[47707392,27507968],"tileWidth":1024,"tileHeight":1024,"zoom":18,"sourceRunId":"c98dd124-04f4-4d77-a5df-a104b4c0ad25","sourceDates":[20201109],"imageryRelease":"2021-12-21","isField":true,"edgeFragment":false}},{"type":"Feature","id":"T063.field_06","geometry":{"type":"Polygon","coordinates":[[[75.92432498931885,30.829719829480812],[75.92444837093353,30.829452658225588],[75.92539250850677,30.82946647744668],[75.92537105083466,30.83031865890364],[75.9246039390564,30.83031865890364],[75.92416405677795,30.830046882936227],[75.92432498931885,30.829719829480812]]]},"properties":{"id":"T063.field_06","tileId":"T063","modelObjectId":"field_06","label":"unburned-looking field","tags":["edge-truncated","standing-cover","faint-rows"],"note":"Broad olive cover and faint rows show no distinct char or ash pattern.","visibility":"partial","center":[75.92477828264236,30.829885659541112],"polygon":[[330,59],[412,0],[555,0],[559,185],[383,188],[360,130]],"holes":[],"bbox":[330,0,559,188],"obb":[[558.9999999999999,184.99999999999997],[332.2136194933032,188.86567694045505],[329.01842827174437,1.414458609004365],[555.804808778441,-2.451218331450712]],"obbLonLat":[[75.92537536816539,30.83032995011129],[75.92415879121688,30.830312143389634],[75.92417593155827,30.829448670564876],[75.92539250850677,30.82946647744668],[75.92537536816539,30.83032995011129]],"angle":179.02346196423844,"polygonAreaPixels":36527,"tileOrigin":[47707392,27507968],"tileWidth":1024,"tileHeight":1024,"zoom":18,"sourceRunId":"c98dd124-04f4-4d77-a5df-a104b4c0ad25","sourceDates":[20201109],"imageryRelease":"2021-12-21","isField":true,"edgeFragment":true}},{"type":"Feature","id":"T063.field_07","geometry":{"type":"Polygon","coordinates":[[[75.92541933059692,30.829452658225588],[75.92588603496552,30.82945726463284],[75.9259557723999,30.829517147906998],[75.92603087425232,30.82961388234788],[75.92603087425232,30.83031865890364],[75.9254139661789,30.83031865890364],[75.92541933059692,30.829452658225588]]]},"properties":{"id":"T063.field_07","tileId":"T063","modelObjectId":"field_07","label":"unburned-looking field","tags":["edge-truncated","crop-texture","haze"],"note":"Fine linear crop texture remains visible through haze without clear burn evidence.","visibility":"partial","center":[75.9257224202156,30.829885659541112],"polygon":[[563,0],[678,0],[678,153],[664,174],[651,187],[564,188]],"holes":[],"bbox":[563,0,678,188],"obb":[[563,0],[678,0],[678,188],[563,188]],"obbLonLat":[[75.9254139661789,30.829452658225588],[75.92603087425232,30.829452658225588],[75.92603087425232,30.83031865890364],[75.9254139661789,30.83031865890364],[75.9254139661789,30.829452658225588]],"angle":0,"polygonAreaPixels":21042,"tileOrigin":[47707392,27507968],"tileWidth":1024,"tileHeight":1024,"zoom":18,"sourceRunId":"c98dd124-04f4-4d77-a5df-a104b4c0ad25","sourceDates":[20201109],"imageryRelease":"2021-12-21","isField":true,"edgeFragment":true}},{"type":"Feature","id":"T063.field_08","geometry":{"type":"Polygon","coordinates":[[[75.92608451843262,30.830019244659148],[75.92659413814545,30.830000819136675],[75.92686235904694,30.82996396808113],[75.92735052108765,30.829959361698187],[75.92749536037445,30.830019244659148],[75.92749536037445,30.83031865890364],[75.92607915401459,30.83031865890364],[75.92608451843262,30.830019244659148]]]},"properties":{"id":"T063.field_08","tileId":"T063","modelObjectId":"field_08","label":"unburned-looking field","tags":["edge-truncated","mixed-cover","cultivation-lines"],"note":"Olive and tan surface variation follows cultivation patterns rather than coherent char-like patches.","visibility":"partial","center":[75.92678725719452,30.830139010469008],"polygon":[[687,0],[951,0],[951,65],[924,78],[833,77],[783,69],[688,65]],"holes":[],"bbox":[687,0,951,78],"obb":[[687,0],[951,0],[951,78],[687,78]],"obbLonLat":[[75.92607915401459,30.829959361698187],[75.92749536037445,30.829959361698187],[75.92749536037445,30.83031865890364],[75.92607915401459,30.83031865890364],[75.92607915401459,30.829959361698187]],"angle":0,"polygonAreaPixels":19030.5,"tileOrigin":[47707392,27507968],"tileWidth":1024,"tileHeight":1024,"zoom":18,"sourceRunId":"c98dd124-04f4-4d77-a5df-a104b4c0ad25","sourceDates":[20201109],"imageryRelease":"2021-12-21","isField":true,"edgeFragment":true}},{"type":"Feature","id":"T063.field_09","geometry":{"type":"Polygon","coordinates":[[[75.92752754688263,30.82999160637412],[75.92788696289062,30.830000819136675],[75.92788696289062,30.83031865890364],[75.92753827571869,30.83031865890364],[75.92752754688263,30.82999160637412]]]},"properties":{"id":"T063.field_09","tileId":"T063","modelObjectId":"field_09","label":"unburned-looking field","tags":["edge-truncated","curved-rows","tan-residue"],"note":"Curved tan cultivation lines are visible without apparent burn markings.","visibility":"partial","center":[75.92770725488663,30.830155132778152],"polygon":[[959,0],[1024,0],[1024,69],[957,71]],"holes":[],"bbox":[957,0,1024,71],"obb":[[957,0],[1024,0],[1024,71],[957,71]],"obbLonLat":[[75.92752754688263,30.82999160637412],[75.92788696289062,30.82999160637412],[75.92788696289062,30.83031865890364],[75.92752754688263,30.83031865890364],[75.92752754688263,30.82999160637412]],"angle":0,"polygonAreaPixels":4619,"tileOrigin":[47707392,27507968],"tileWidth":1024,"tileHeight":1024,"zoom":18,"sourceRunId":"c98dd124-04f4-4d77-a5df-a104b4c0ad25","sourceDates":[20201109],"imageryRelease":"2021-12-21","isField":true,"edgeFragment":true}},{"type":"Feature","id":"T063.field_10","geometry":{"type":"Polygon","coordinates":[[[75.92608451843262,30.82945726463284],[75.92671751976013,30.829448051818115],[75.92677116394043,30.82954017992557],[75.92679798603058,30.829936329780182],[75.9266048669815,30.82996857446384],[75.92608451843262,30.829986999992514],[75.92608451843262,30.82945726463284]]]},"properties":{"id":"T063.field_10","tileId":"T063","modelObjectId":"field_10","label":"unburned-looking field","tags":["tan-residue","parallel-lines","bunds"],"note":"Pale residue and parallel field operations dominate the surface.","visibility":"clear","center":[75.9264412522316,30.829717526283513],"polygon":[[688,72],[785,76],[821,83],[816,169],[806,189],[688,187]],"holes":[],"bbox":[688,72,821,189],"obb":[[819.1995979322229,189.2237219988512],[686.0514072372199,186.96697300402067],[687.9999999999999,72],[821.1481906950029,74.25674899483053]],"obbLonLat":[[75.92679878098741,30.82997660454461],[75.92608451843262,30.829986999992514],[75.92607406536649,30.829457416768633],[75.92678832792126,30.829447021263398],[75.92679878098741,30.82997660454461]],"angle":-179.02897806892085,"polygonAreaPixels":14564,"tileOrigin":[47707392,27507968],"tileWidth":1024,"tileHeight":1024,"zoom":18,"sourceRunId":"c98dd124-04f4-4d77-a5df-a104b4c0ad25","sourceDates":[20201109],"imageryRelease":"2021-12-21","isField":true,"edgeFragment":false}},{"type":"Feature","id":"T063.field_11","geometry":{"type":"Polygon","coordinates":[[[75.92679798603058,30.829517147906998],[75.9267121553421,30.82942041336864],[75.92748999595642,30.82939738132133],[75.92749536037445,30.82996396808113],[75.92684626579285,30.829931723395912],[75.92679798603058,30.829517147906998]]]},"properties":{"id":"T063.field_11","tileId":"T063","modelObjectId":"field_11","label":"unburned-looking field","tags":["green-cover","uniform-texture","bunds"],"note":"Relatively continuous dark olive cover lacks ash-like mottling.","visibility":"clear","center":[75.92710375785828,30.829680675119217],"polygon":[[830,84],[951,77],[950,200],[805,195],[821,174]],"holes":[],"bbox":[805,77,951,200],"obb":[[951.0000000000001,77.00000000000001],[950.0000000000001,200.00000000000003],[804.9689358889625,198.82088565763385],[805.9689358889625,75.82088565763382]],"obbLonLat":[[75.92671735311927,30.82996939953303],[75.92671198870124,30.829402812805288],[75.92748999595642,30.82939738132133],[75.92749536037445,30.82996396808113],[75.92671735311927,30.82996939953303]],"angle":90.465809082765,"polygonAreaPixels":14922.5,"tileOrigin":[47707392,27507968],"tileWidth":1024,"tileHeight":1024,"zoom":18,"sourceRunId":"c98dd124-04f4-4d77-a5df-a104b4c0ad25","sourceDates":[20201109],"imageryRelease":"2021-12-21","isField":true,"edgeFragment":false}},{"type":"Feature","id":"T063.field_12","geometry":{"type":"Polygon","coordinates":[[[75.92754364013672,30.82942041336864],[75.92788696289062,30.829406594140917],[75.92788696289062,30.82997318084634],[75.92753291130066,30.829959361698187],[75.92754364013672,30.82942041336864]]]},"properties":{"id":"T063.field_12","tileId":"T063","modelObjectId":"field_12","label":"unburned-looking field","tags":["edge-truncated","olive-cover","faint-rows"],"note":"The visible fragment has crop-like texture without clear burn evidence.","visibility":"partial","center":[75.92770993709564,30.829689887911616],"polygon":[[958,78],[1024,75],[1024,198],[960,195]],"holes":[],"bbox":[958,75,1024,198],"obb":[[1024,75],[1024,198],[958,198],[958,75]],"obbLonLat":[[75.92753291130066,30.82997318084634],[75.92753291130066,30.829406594140917],[75.92788696289062,30.829406594140917],[75.92788696289062,30.82997318084634],[75.92753291130066,30.82997318084634]],"angle":90,"polygonAreaPixels":7800,"tileOrigin":[47707392,27507968],"tileWidth":1024,"tileHeight":1024,"zoom":18,"sourceRunId":"c98dd124-04f4-4d77-a5df-a104b4c0ad25","sourceDates":[20201109],"imageryRelease":"2021-12-21","isField":true,"edgeFragment":true}},{"type":"Feature","id":"T063.field_13","geometry":{"type":"Polygon","coordinates":[[[75.92334866523743,30.82890449418455],[75.92387974262238,30.828913707051438],[75.9238851070404,30.82904729352193],[75.92456102371216,30.829203911905793],[75.92442154884338,30.82942041336864],[75.92360079288483,30.829461871039868],[75.92335939407349,30.829434232594373],[75.92334866523743,30.82890449418455]]]},"properties":{"id":"T063.field_13","tileId":"T063","modelObjectId":"field_13","label":"uncertain field","tags":["smoke-like-plume","obscured-surface","possible-source","residue"],"note":"A pale plume appears to extend upward from near the lower-left portion, where gray-brown mottling is visible among tan residue. Haze prevents separating char or ash from exposed soil, dust and shadow, and the source is not securely resolved.","visibility":"uncertain","center":[75.92395484447479,30.829183183016724],"polygon":[[180,192],[225,186],[378,195],[404,242],[278,276],[277,305],[178,307]],"holes":[],"bbox":[178,186,404,307],"obb":[[405.2203977562468,302.4096889342173],[178.00000000000003,307.00000000000006],[175.57572667006633,186.99847016828153],[402.7961244263131,182.40815910249876]],"obbLonLat":[[75.92455456562033,30.82947841651921],[75.92333566042188,30.829457271679868],[75.92334866523743,30.82890449418455],[75.92456757043587,30.828925639145645],[75.92455456562033,30.82947841651921]],"angle":178.84266693187047,"polygonAreaPixels":19387,"tileOrigin":[47707392,27507968],"tileWidth":1024,"tileHeight":1024,"zoom":18,"sourceRunId":"c98dd124-04f4-4d77-a5df-a104b4c0ad25","sourceDates":[20201109],"imageryRelease":"2021-12-21","isField":true,"edgeFragment":false}},{"type":"Feature","id":"T063.field_14","geometry":{"type":"Polygon","coordinates":[[[75.92458784580231,30.829180879806543],[75.92391192913055,30.829033474240497],[75.92391729354858,30.82892291991744],[75.92513501644135,30.828941345646797],[75.92515647411346,30.829388168500856],[75.92451274394989,30.829392774911202],[75.92458784580231,30.829180879806543]]]},"properties":{"id":"T063.field_14","tileId":"T063","modelObjectId":"field_14","label":"unburned-looking field","tags":["olive-cover","curved-rows","residue"],"note":"Curving cultivation lines and muted cover are visible without coherent char-like patterns.","visibility":"clear","center":[75.92453420162201,30.829157847701765],"polygon":[[395,201],[515,202],[511,299],[284,303],[283,279],[409,247]],"holes":[],"bbox":[283,201,515,303],"obb":[[516.7074789019302,298.8994276845475],[283.4230866233388,303.0101658744786],[281.660743040062,202.9971675235231],[514.9451353186536,198.88642933359196]],"obbLonLat":[[75.92515617979637,30.829402510884265],[75.92390474479637,30.829383575137847],[75.92391419874406,30.828922873089027],[75.92516563374409,30.8289418089263],[75.92515617979637,30.829402510884265]],"angle":178.99048721738362,"polygonAreaPixels":15438,"tileOrigin":[47707392,27507968],"tileWidth":1024,"tileHeight":1024,"zoom":18,"sourceRunId":"c98dd124-04f4-4d77-a5df-a104b4c0ad25","sourceDates":[20201109],"imageryRelease":"2021-12-21","isField":true,"edgeFragment":false}},{"type":"Feature","id":"T063.field_15","geometry":{"type":"Polygon","coordinates":[[[75.9251618385315,30.828927526350114],[75.92562854290009,30.828927526350114],[75.925612449646,30.829296040247534],[75.92555344104767,30.8293789556795],[75.92519402503967,30.8293789556795],[75.9251618385315,30.828927526350114]]]},"properties":{"id":"T063.field_15","tileId":"T063","modelObjectId":"field_15","label":"unburned-looking field","tags":["green-cover","uniform-texture","bunds"],"note":"The parcel has mostly continuous olive cover and no distinct burn patches.","visibility":"clear","center":[75.92539519071579,30.82915324128015],"polygon":[[522,204],[589,204],[600,222],[603,302],[516,302]],"holes":[],"bbox":[516,204,603,302],"obb":[[516,204],[603,204],[603,302],[516,302]],"obbLonLat":[[75.9251618385315,30.828927526350114],[75.92562854290009,30.828927526350114],[75.92562854290009,30.8293789556795],[75.9251618385315,30.8293789556795],[75.9251618385315,30.828927526350114]],"angle":0,"polygonAreaPixels":7959,"tileOrigin":[47707392,27507968],"tileWidth":1024,"tileHeight":1024,"zoom":18,"sourceRunId":"c98dd124-04f4-4d77-a5df-a104b4c0ad25","sourceDates":[20201109],"imageryRelease":"2021-12-21","isField":true,"edgeFragment":false}},{"type":"Feature","id":"T063.field_16","geometry":{"type":"Polygon","coordinates":[[[75.92564463615417,30.829273008170386],[75.92566072940826,30.829171666965298],[75.92586994171143,30.829171666965298],[75.92588067054749,30.829388168500856],[75.9256660938263,30.8293789556795],[75.92564463615417,30.829273008170386]]]},"properties":{"id":"T063.field_16","tileId":"T063","modelObjectId":"field_16","label":"unburned-looking field","tags":["tan-cover","small-parcel","heterogeneous-residue"],"note":"Pale tan cover with minor green variation shows no clear char or ash pattern.","visibility":"clear","center":[75.92576265335083,30.829279917794114],"polygon":[[610,204],[650,202],[648,249],[609,249],[606,227]],"holes":[],"bbox":[606,202,650,249],"obb":[[650,249],[606,249],[606,202],[650,202]],"obbLonLat":[[75.92588067054749,30.829388168500856],[75.92564463615417,30.829388168500856],[75.92564463615417,30.829171666965298],[75.92588067054749,30.829171666965298],[75.92588067054749,30.829388168500856]],"angle":180,"polygonAreaPixels":1894,"tileOrigin":[47707392,27507968],"tileWidth":1024,"tileHeight":1024,"zoom":18,"sourceRunId":"c98dd124-04f4-4d77-a5df-a104b4c0ad25","sourceDates":[20201109],"imageryRelease":"2021-12-21","isField":true,"edgeFragment":false}},{"type":"Feature","id":"T063.field_17","geometry":{"type":"Polygon","coordinates":[[[75.92567145824432,30.82892291991744],[75.92604696750641,30.828927526350114],[75.92605233192444,30.82914402843625],[75.92588067054749,30.82915324128015],[75.92567145824432,30.82914402843625],[75.92567145824432,30.82892291991744]]]},"properties":{"id":"T063.field_17","tileId":"T063","modelObjectId":"field_17","label":"unburned-looking field","tags":["green-cover","small-parcel","crop-transition"],"note":"Dense green cover contrasts with neighboring tan surfaces without apparent burn markings.","visibility":"clear","center":[75.92586189508438,30.829038080667864],"polygon":[[611,255],[650,253],[682,255],[681,302],[611,303]],"holes":[],"bbox":[611,253,682,303],"obb":[[682.6710875331565,301.9761273209549],[610.9999999999999,303],[610.2938175882472,253.56723117731076],[681.9649051214038,252.5433584982657]],"obbLonLat":[[75.92605214366083,30.829155344763468],[75.92566766998667,30.829150628374087],[75.92567145824432,30.82892291991744],[75.92605593191851,30.828927636317985],[75.92605214366083,30.829155344763468]],"angle":179.1815445383114,"polygonAreaPixels":3419.5,"tileOrigin":[47707392,27507968],"tileWidth":1024,"tileHeight":1024,"zoom":18,"sourceRunId":"c98dd124-04f4-4d77-a5df-a104b4c0ad25","sourceDates":[20201109],"imageryRelease":"2021-12-21","isField":true,"edgeFragment":false}},{"type":"Feature","id":"T063.field_18","geometry":{"type":"Polygon","coordinates":[[[75.92589676380157,30.829171666965298],[75.92607378959656,30.829171666965298],[75.92607915401459,30.828913707051438],[75.9260630607605,30.828383965769422],[75.92678189277649,30.828406998059858],[75.92676043510437,30.8288400040916],[75.92663705348969,30.82889067488257],[75.92658877372742,30.829001229242767],[75.92658340930939,30.8293467107978],[75.92654585838318,30.829392774911202],[75.92591285705566,30.829388168500856],[75.92589676380157,30.829171666965298]]]},"properties":{"id":"T063.field_18","tileId":"T063","modelObjectId":"field_18","label":"unburned-looking field","tags":["striped-residue","mixed-cover","curved-track"],"note":"Alternating tan and olive strips follow field operations; no coherent char or ash surface is apparent.","visibility":"clear","center":[75.92633932828903,30.828888371665382],"polygon":[[656,202],[774,201],[781,211],[782,286],[791,310],[814,321],[818,415],[684,420],[687,305],[686,249],[653,249]],"holes":[],"bbox":[653,201,818,420],"obb":[[808.6597379123363,195.50384093990056],[818,415],[660.3492995933123,421.7085404428378],[651.0090375056485,202.21238138273836]],"obbLonLat":[[75.92588608344644,30.829387190185034],[75.92593618851683,30.82837609544821],[75.92678189277649,30.828406998059858],[75.92673178770616,30.829418092471222],[75.92588608344644,30.829387190185034]],"angle":87.56335175318986,"polygonAreaPixels":25797,"tileOrigin":[47707392,27507968],"tileWidth":1024,"tileHeight":1024,"zoom":18,"sourceRunId":"c98dd124-04f4-4d77-a5df-a104b4c0ad25","sourceDates":[20201109],"imageryRelease":"2021-12-21","isField":true,"edgeFragment":false}},{"type":"Feature","id":"T063.field_19","geometry":{"type":"Polygon","coordinates":[[[75.9266746044159,30.828941345646797],[75.92678725719452,30.828913707051438],[75.92683553695679,30.828881462013474],[75.92750608921051,30.828886068448135],[75.92747926712036,30.82936053003414],[75.92667996883392,30.8293789556795],[75.9266746044159,30.828941345646797]]]},"properties":{"id":"T063.field_19","tileId":"T063","modelObjectId":"field_19","label":"unburned-looking field","tags":["green-cover","faint-rows","track-boundary"],"note":"Continuous dark green cover is bounded by a curved track and lacks visible ash-like patches.","visibility":"clear","center":[75.9270903468132,30.82913020916874],"polygon":[[799,204],[948,208],[953,311],[828,312],[819,305],[798,299]],"holes":[],"bbox":[798,204,953,312],"obb":[[797.8664967870595,311.6828052293375],[799,204],[954.1091291823622,205.6327276756038],[952.9756259694217,313.3155329049413]],"obbLonLat":[[75.92750595845803,30.82887540209677],[75.92751203904311,30.829371434664658],[75.92667996883392,30.8293789556795],[75.92667388824884,30.828882923150477],[75.92750595845803,30.82887540209677]],"angle":-89.39690880561947,"polygonAreaPixels":15813,"tileOrigin":[47707392,27507968],"tileWidth":1024,"tileHeight":1024,"zoom":18,"sourceRunId":"c98dd124-04f4-4d77-a5df-a104b4c0ad25","sourceDates":[20201109],"imageryRelease":"2021-12-21","isField":true,"edgeFragment":false}},{"type":"Feature","id":"T063.field_20","geometry":{"type":"Polygon","coordinates":[[[75.92753827571869,30.828895281316782],[75.92788696289062,30.828886068448135],[75.92788696289062,30.82936513644582],[75.92754364013672,30.8293789556795],[75.92753827571869,30.828895281316782]]]},"properties":{"id":"T063.field_20","tileId":"T063","modelObjectId":"field_20","label":"unburned-looking field","tags":["edge-truncated","striped-residue","mixed-cover"],"note":"Tan parallel strips alternate with olive cover without distinct burn evidence.","visibility":"partial","center":[75.92771261930466,30.82913251238013],"polygon":[[960,204],[1024,207],[1024,311],[959,309]],"holes":[],"bbox":[959,204,1024,311],"obb":[[958.9868492653728,310.3808271358607],[960,204],[1025.0131507346273,204.6191728641393],[1024,311]],"obbLonLat":[[75.92788696289062,30.828886068448135],[75.92789239785469,30.82937610351484],[75.92754364013672,30.8293789556795],[75.92753820517265,30.828888920627357],[75.92788696289062,30.828886068448135]],"angle":-89.45434240658429,"polygonAreaPixels":6741.5,"tileOrigin":[47707392,27507968],"tileWidth":1024,"tileHeight":1024,"zoom":18,"sourceRunId":"c98dd124-04f4-4d77-a5df-a104b4c0ad25","sourceDates":[20201109],"imageryRelease":"2021-12-21","isField":true,"edgeFragment":true}},{"type":"Feature","id":"T063.field_21","geometry":{"type":"Polygon","coordinates":[[[75.92687845230103,30.828416210974478],[75.92788696289062,30.828416210974478],[75.92788696289062,30.828844610528247],[75.92750608921051,30.828853823400877],[75.92686235904694,30.82883539765473],[75.92687845230103,30.828416210974478]]]},"properties":{"id":"T063.field_21","tileId":"T063","modelObjectId":"field_21","label":"unburned-looking field","tags":["edge-truncated","parallel-residue","cultivation-pattern"],"note":"Pale horizontal residue bands dominate this parcel.","visibility":"partial","center":[75.92737466096878,30.828635017437026],"polygon":[[833,322],[953,318],[1024,320],[1024,413],[836,413]],"holes":[],"bbox":[833,318,1024,413],"obb":[[1024,318],[1024,413],[833,413],[833,318]],"obbLonLat":[[75.92686235904694,30.828853823400877],[75.92686235904694,30.828416210974478],[75.92788696289062,30.828416210974478],[75.92788696289062,30.828853823400877],[75.92686235904694,30.828853823400877]],"angle":90,"polygonAreaPixels":17697.5,"tileOrigin":[47707392,27507968],"tileWidth":1024,"tileHeight":1024,"zoom":18,"sourceRunId":"c98dd124-04f4-4d77-a5df-a104b4c0ad25","sourceDates":[20201109],"imageryRelease":"2021-12-21","isField":true,"edgeFragment":true}},{"type":"Feature","id":"T063.field_22","geometry":{"type":"Polygon","coordinates":[[[75.92239379882812,30.8283747528517],[75.92257082462311,30.82839317868626],[75.92257082462311,30.829406594140917],[75.92239379882812,30.82940198773123],[75.92239379882812,30.8283747528517]]]},"properties":{"id":"T063.field_22","tileId":"T063","modelObjectId":"field_22","label":"unburned-looking field","tags":["edge-truncated","muted-cover","haze"],"note":"The narrow visible surface is olive-toned without identifiable char or ash.","visibility":"partial","center":[75.92248231172562,30.82889067488257],"polygon":[[0,199],[33,198],[33,418],[0,422]],"holes":[],"bbox":[0,198,33,422],"obb":[[33,198],[33.000000000000014,422],[0,422],[-1.3716044150450357e-14,198]],"obbLonLat":[[75.92239379882812,30.829406594140917],[75.92239379882812,30.8283747528517],[75.92257082462311,30.8283747528517],[75.92257082462311,30.829406594140917],[75.92239379882812,30.829406594140917]],"angle":90,"polygonAreaPixels":7309.5,"tileOrigin":[47707392,27507968],"tileWidth":1024,"tileHeight":1024,"zoom":18,"sourceRunId":"c98dd124-04f4-4d77-a5df-a104b4c0ad25","sourceDates":[20201109],"imageryRelease":"2021-12-21","isField":true,"edgeFragment":true}},{"type":"Feature","id":"T063.field_23","geometry":{"type":"Polygon","coordinates":[[[75.92260837554932,30.828867642708172],[75.92331647872925,30.828895281316782],[75.92330038547516,30.829434232594373],[75.92261373996735,30.82941120055038],[75.92260837554932,30.828867642708172]]]},"properties":{"id":"T063.field_23","tileId":"T063","modelObjectId":"field_23","label":"unburned-looking field","tags":["olive-cover","plume-overlap","haze"],"note":"Uniform crop-like cover remains visible, although plume overlap softens the right boundary.","visibility":"uncertain","center":[75.92296242713928,30.829150938069255],"polygon":[[41,197],[169,192],[172,309],[40,315]],"holes":[],"bbox":[40,192,172,315],"obb":[[35.39917118654397,197.21878237552562],[168.99999999999997,192],[173.60082881345602,309.7812176244743],[40,314.99999999999994]],"obbLonLat":[[75.92260837554932,30.828867642708172],[75.92332506624419,30.828891682689214],[75.92330038547516,30.829434232594373],[75.92258369478029,30.82941019274919],[75.92260837554932,30.828867642708172]],"angle":-2.2369790634377016,"polygonAreaPixels":15280.5,"tileOrigin":[47707392,27507968],"tileWidth":1024,"tileHeight":1024,"zoom":18,"sourceRunId":"c98dd124-04f4-4d77-a5df-a104b4c0ad25","sourceDates":[20201109],"imageryRelease":"2021-12-21","isField":true,"edgeFragment":false}},{"type":"Feature","id":"T063.field_24","geometry":{"type":"Polygon","coordinates":[[[75.92260837554932,30.828365539933095],[75.92330574989319,30.828351720553528],[75.92330574989319,30.828853823400877],[75.92261373996735,30.82883539765473],[75.92260837554932,30.828365539933095]]]},"properties":{"id":"T063.field_24","tileId":"T063","modelObjectId":"field_24","label":"unburned-looking field","tags":["olive-cover","diagonal-tracks","bunds"],"note":"Diagonal tracks cross otherwise continuous olive cover without visible burn patches.","visibility":"clear","center":[75.92295706272125,30.828602772305455],"polygon":[[41,322],[170,318],[170,427],[40,424]],"holes":[],"bbox":[40,318,170,427],"obb":[[170,318],[170,427],[40,427],[39.99999999999999,318]],"obbLonLat":[[75.92260837554932,30.828853823400877],[75.92260837554932,30.828351720553528],[75.92330574989319,30.828351720553528],[75.92330574989319,30.828853823400877],[75.92260837554932,30.828853823400877]],"angle":90,"polygonAreaPixels":13662,"tileOrigin":[47707392,27507968],"tileWidth":1024,"tileHeight":1024,"zoom":18,"sourceRunId":"c98dd124-04f4-4d77-a5df-a104b4c0ad25","sourceDates":[20201109],"imageryRelease":"2021-12-21","isField":true,"edgeFragment":false}},{"type":"Feature","id":"T063.field_25","geometry":{"type":"Polygon","coordinates":[[[75.92337548732758,30.828342507632712],[75.92394948005676,30.828324081788434],[75.92405140399933,30.828379359310674],[75.92387437820435,30.82887685557859],[75.92335939407349,30.828858429836867],[75.92337548732758,30.828342507632712]]]},"properties":{"id":"T063.field_25","tileId":"T063","modelObjectId":"field_25","label":"unburned-looking field","tags":["green-cover","diagonal-tracks","tonal-variation"],"note":"Dark diagonal marks follow tracks through green cover rather than forming ash-like patches.","visibility":"clear","center":[75.92370539903641,30.828600469081355],"polygon":[[180,317],[276,313],[309,421],[290,433],[183,429]],"holes":[],"bbox":[180,313,309,433],"obb":[[183.18378076953718,435.86114872938737],[179.96176212857483,315.57245280012745],[306.08555723731376,312.1941368597148],[309.3075758782761,432.4828327889747]],"obbLonLat":[[75.92405305396494,30.828326464099256],[75.92403576971003,30.828880567734693],[75.92335918894958,30.828865005741278],[75.92337647320443,30.828310902016028],[75.92405305396494,30.828326464099256]],"angle":-91.53434149970077,"polygonAreaPixels":12998,"tileOrigin":[47707392,27507968],"tileWidth":1024,"tileHeight":1024,"zoom":18,"sourceRunId":"c98dd124-04f4-4d77-a5df-a104b4c0ad25","sourceDates":[20201109],"imageryRelease":"2021-12-21","isField":true,"edgeFragment":false}},{"type":"Feature","id":"T063.field_26","geometry":{"type":"Polygon","coordinates":[[[75.92407822608948,30.82842081743146],[75.9241372346878,30.828351720553528],[75.92465221881866,30.828370146392515],[75.92465221881866,30.82889988775078],[75.92394948005676,30.828886068448135],[75.92407822608948,30.82842081743146]]]},"properties":{"id":"T063.field_26","tileId":"T063","modelObjectId":"field_26","label":"unburned-looking field","tags":["tan-residue","curved-rows","mixed-cover"],"note":"Pale residue and darker curved cultivation lines show no distinct char-like surface.","visibility":"clear","center":[75.92430084943771,30.828625804543393],"polygon":[[290,311],[421,308],[421,423],[325,427],[314,412]],"holes":[],"bbox":[290,308,421,427],"obb":[[289.99999999999994,310.99999999999994],[420.99999999999994,307.99999999999994],[423.6734420500873,424.74030285381474],[292.6734420500873,427.74030285381474]],"obbLonLat":[[75.9239638215175,30.828348310377848],[75.9246665602794,30.828362129757906],[75.92465221881866,30.82889988775078],[75.92394948005676,30.828886068448135],[75.9239638215175,30.828348310377848]],"angle":-1.3118877825041106,"polygonAreaPixels":13546,"tileOrigin":[47707392,27507968],"tileWidth":1024,"tileHeight":1024,"zoom":18,"sourceRunId":"c98dd124-04f4-4d77-a5df-a104b4c0ad25","sourceDates":[20201109],"imageryRelease":"2021-12-21","isField":true,"edgeFragment":false}},{"type":"Feature","id":"T063.field_27","geometry":{"type":"Polygon","coordinates":[[[75.92467904090881,30.828370146392515],[75.92577874660492,30.828383965769422],[75.92561781406403,30.828512946524686],[75.9253603219986,30.82854979813721],[75.92535495758057,30.828895281316782],[75.92468440532684,30.828895281316782],[75.92467904090881,30.828370146392515]]]},"properties":{"id":"T063.field_27","tileId":"T063","modelObjectId":"field_27","label":"unburned-looking field","tags":["tan-residue","fine-rows","irregular-boundary"],"note":"Fine rows and muted tan residue dominate this irregular parcel.","visibility":"clear","center":[75.92522889375687,30.828632714213693],"polygon":[[427,309],[552,309],[553,384],[601,392],[631,420],[426,423]],"holes":[],"bbox":[426,309,631,423],"obb":[[630.9999999999999,419.99999999999994],[425.9999999999999,423],[424.33227863158385,309.0390398249036],[629.3322786315838,306.03903982490357]],"obbLonLat":[[75.92576980025035,30.828908920783757],[75.92467009455424,30.828895101482406],[75.92467904090881,30.828370146392515],[75.92577874660492,30.828383965769422],[75.92576980025035,30.828908920783757]],"angle":179.1615850255979,"polygonAreaPixels":16266,"tileOrigin":[47707392,27507968],"tileWidth":1024,"tileHeight":1024,"zoom":18,"sourceRunId":"c98dd124-04f4-4d77-a5df-a104b4c0ad25","sourceDates":[20201109],"imageryRelease":"2021-12-21","isField":true,"edgeFragment":false}},{"type":"Feature","id":"T063.field_28","geometry":{"type":"Polygon","coordinates":[[[75.92538714408875,30.82855901103814],[75.92560172080994,30.828540585235405],[75.9256500005722,30.828568223938177],[75.92563390731812,30.82890449418455],[75.92539250850677,30.82889988775078],[75.92538714408875,30.82855901103814]]]},"properties":{"id":"T063.field_28","tileId":"T063","modelObjectId":"field_28","label":"unburned-looking field","tags":["green-cover","narrow-parcel","linear-texture"],"note":"The narrow green parcel shows linear crop texture without apparent burn evidence.","visibility":"clear","center":[75.92551857233047,30.828722539882403],"polygon":[[559,308],[604,307],[607,380],[598,386],[558,382]],"holes":[],"bbox":[558,307,607,386],"obb":[[556.3568608094768,308.05873642645605],[605.3770977295163,306.96939782823296],[607.1288252714709,385.7971372161896],[558.1085883514313,386.8864758144127]],"obbLonLat":[[75.92538772660205,30.82853650172782],[75.92565069164479,30.828541519712903],[75.92564129464597,30.828904635151435],[75.92537832960323,30.828899617185325],[75.92538772660205,30.82853650172782]],"angle":-1.2730300200567113,"polygonAreaPixels":3594,"tileOrigin":[47707392,27507968],"tileWidth":1024,"tileHeight":1024,"zoom":18,"sourceRunId":"c98dd124-04f4-4d77-a5df-a104b4c0ad25","sourceDates":[20201109],"imageryRelease":"2021-12-21","isField":true,"edgeFragment":false}},{"type":"Feature","id":"T063.field_29","geometry":{"type":"Polygon","coordinates":[[[75.92568218708038,30.828526765881044],[75.92582166194916,30.828379359310674],[75.92603087425232,30.828397785144347],[75.92604696750641,30.82889988775078],[75.92568755149841,30.828886068448135],[75.92568218708038,30.828526765881044]]]},"properties":{"id":"T063.field_29","tileId":"T063","modelObjectId":"field_29","label":"unburned-looking field","tags":["pale-residue","lengthwise-rows","mixed-cover"],"note":"Pale lengthwise strips coexist with olive cover, with no coherent char-like patches.","visibility":"clear","center":[75.9258645772934,30.828639623883507],"polygon":[[614,311],[681,308],[678,417],[639,421],[613,389]],"holes":[],"bbox":[613,308,681,421],"obb":[[612.594083812654,420.66146261298275],[614.0494658997535,307.1416598192276],[681,308],[679.5446179129005,421.51980279375516]],"obbLonLat":[[75.9260391602285,30.828376964860457],[75.92604696750641,30.82889988775078],[75.92568781685418,30.828903841637995],[75.9256800095763,30.82838091876921],[75.9260391602285,30.828376964860457]],"angle":-89.2654789657452,"polygonAreaPixels":6872,"tileOrigin":[47707392,27507968],"tileWidth":1024,"tileHeight":1024,"zoom":18,"sourceRunId":"c98dd124-04f4-4d77-a5df-a104b4c0ad25","sourceDates":[20201109],"imageryRelease":"2021-12-21","isField":true,"edgeFragment":false}},{"type":"Feature","id":"T063.field_30","geometry":{"type":"Polygon","coordinates":[[[75.92239379882812,30.82788186046476],[75.92243671417236,30.82790489287565],[75.92249035835266,30.82787264749885],[75.92256546020508,30.82787264749885],[75.92257082462311,30.828333294711012],[75.92239379882812,30.828342507632712],[75.92239379882812,30.82788186046476]]]},"properties":{"id":"T063.field_30","tileId":"T063","modelObjectId":"field_30","label":"unburned-looking field","tags":["edge-truncated","olive-cover","irregular-margin"],"note":"Visible cover is relatively uniform, with vegetation complicating the lower margin.","visibility":"partial","center":[75.92248231172562,30.828107577853217],"polygon":[[0,429],[33,431],[32,531],[18,531],[8,524],[0,529]],"holes":[],"bbox":[0,429,33,531],"obb":[[33.01669833016699,429.3301669833017],[31.998600139986006,531.1399860013998],[-1.0180981901809814,530.8098190180982],[0,429.00000000000006]],"obbLonLat":[[75.92239379882812,30.828342507632712],[75.92238833732384,30.827873523564353],[75.92256545269564,30.827872002655692],[75.92257091419992,30.828340986731487],[75.92239379882812,30.828342507632712]],"angle":90.5729386976835,"polygonAreaPixels":3212,"tileOrigin":[47707392,27507968],"tileWidth":1024,"tileHeight":1024,"zoom":18,"sourceRunId":"c98dd124-04f4-4d77-a5df-a104b4c0ad25","sourceDates":[20201109],"imageryRelease":"2021-12-21","isField":true,"edgeFragment":true}},{"type":"Feature","id":"T063.field_31","geometry":{"type":"Polygon","coordinates":[[[75.9225869178772,30.827891073429775],[75.9226244688034,30.827835795626402],[75.92331111431122,30.827854221564394],[75.92328429222107,30.82831486886496],[75.92261373996735,30.828319475326808],[75.9225869178772,30.827891073429775]]]},"properties":{"id":"T063.field_31","tileId":"T063","modelObjectId":"field_31","label":"unburned-looking field","tags":["olive-cover","faint-rows","bunds"],"note":"Muted green cover and faint parallel lines lack visible ash-like markings.","visibility":"clear","center":[75.92294901609421,30.8280776357812],"polygon":[[41,434],[166,435],[171,535],[43,539],[36,527]],"holes":[],"bbox":[36,434,171,539],"obb":[[171,535],[36.38146341463415,539.2068292682927],[33.101463414634146,434.2468292682927],[167.72,430.04]],"obbLonLat":[[75.92329351902006,30.82833771691354],[75.92257136891527,30.828318338317224],[75.92258896420643,30.827834842870484],[75.92331111431122,30.827854221564394],[75.92329351902006,30.82833771691354]],"angle":178.21008939175394,"polygonAreaPixels":13327,"tileOrigin":[47707392,27507968],"tileWidth":1024,"tileHeight":1024,"zoom":18,"sourceRunId":"c98dd124-04f4-4d77-a5df-a104b4c0ad25","sourceDates":[20201109],"imageryRelease":"2021-12-21","isField":true,"edgeFragment":false}},{"type":"Feature","id":"T063.field_32","geometry":{"type":"Polygon","coordinates":[[[75.92335402965546,30.82784961508023],[75.92419624328613,30.827868041015563],[75.9241533279419,30.828112184325008],[75.92407822608948,30.828319475326808],[75.92337012290955,30.828291836552427],[75.92335402965546,30.82784961508023]]]},"properties":{"id":"T063.field_32","tileId":"T063","modelObjectId":"field_32","label":"unburned-looking field","tags":["tan-residue","diagonal-lines","mixed-cover"],"note":"Pale diagonal residue lines cross olive-tan cover without a coherent burned-looking pattern.","visibility":"clear","center":[75.9237751364708,30.828084545490967],"polygon":[[182,440],[314,434],[328,479],[336,532],[179,536]],"holes":[],"bbox":[179,434,336,536],"obb":[[336.00000000000006,532],[179.00000000000003,536],[176.49053314413138,437.5034259071559],[333.4905331441314,433.5034259071559]],"obbLonLat":[[75.92418278145689,30.828321762776344],[75.92334056782622,30.828303336928077],[75.92335402965546,30.82784961508023],[75.92419624328613,30.827868041015563],[75.92418278145689,30.828321762776344]],"angle":178.54055064500773,"polygonAreaPixels":14255,"tileOrigin":[47707392,27507968],"tileWidth":1024,"tileHeight":1024,"zoom":18,"sourceRunId":"c98dd124-04f4-4d77-a5df-a104b4c0ad25","sourceDates":[20201109],"imageryRelease":"2021-12-21","isField":true,"edgeFragment":false}},{"type":"Feature","id":"T063.field_33","geometry":{"type":"Polygon","coordinates":[[[75.9241908788681,30.82810297138121],[75.92423379421234,30.82784961508023],[75.92430353164673,30.827292228864664],[75.9246951341629,30.827292228864664],[75.92471122741699,30.827596258110667],[75.92538714408875,30.82760086460699],[75.92537641525269,30.82779433725298],[75.9253603219986,30.828333294711012],[75.92413187026978,30.82831486886496],[75.9241908788681,30.82810297138121]]]},"properties":{"id":"T063.field_33","tileId":"T063","modelObjectId":"field_33","label":"unburned-looking field","tags":["mixed-cover","pale-residue","irregular-parcel"],"note":"Pale residue streaks occur throughout olive cover; no distinct char or ash pattern is visible.","visibility":"clear","center":[75.92475950717926,30.827812763198935],"polygon":[[324,435],[553,431],[556,548],[558,590],[432,591],[429,657],[356,657],[343,536],[335,481]],"holes":[],"bbox":[324,431,558,657],"obb":[[552.8994309649885,427.80190468663557],[559.9773966648224,652.8812139413577],[331.077965699834,660.0793092547221],[324,434.99999999999994]],"obbLonLat":[[75.92413187026978,30.82831486886496],[75.92416983943659,30.82727804399159],[75.92539775167108,30.827311202096165],[75.92535978250427,30.82834802661145],[75.92413187026978,30.82831486886496]],"angle":88.19883948427764,"polygonAreaPixels":39333,"tileOrigin":[47707392,27507968],"tileWidth":1024,"tileHeight":1024,"zoom":18,"sourceRunId":"c98dd124-04f4-4d77-a5df-a104b4c0ad25","sourceDates":[20201109],"imageryRelease":"2021-12-21","isField":true,"edgeFragment":false}},{"type":"Feature","id":"T063.field_34","geometry":{"type":"Polygon","coordinates":[[[75.92540860176086,30.8277989437398],[75.92683017253876,30.8278035502264],[75.92680871486664,30.8282411654454],[75.92670679092407,30.82826880423437],[75.9266585111618,30.828333294711012],[75.9254139661789,30.828333294711012],[75.92540860176086,30.8277989437398]]]},"properties":{"id":"T063.field_34","tileId":"T063","modelObjectId":"field_34","label":"unburned-looking field","tags":["olive-cover","faint-rows","track-boundary"],"note":"Broad continuous cover is bounded by tracks and has no apparent burned-looking patches.","visibility":"clear","center":[75.92611938714981,30.828066119597167],"polygon":[[563,431],[795,431],[804,445],[823,451],[827,546],[562,547]],"holes":[],"bbox":[562,431,827,547],"obb":[[826.9999999999999,546],[561.9999999999999,547],[561.5622846239283,431.00542534104176],[826.5622846239283,430.00542534104176]],"obbLonLat":[[75.92682782445053,30.828337876180356],[75.92540625367263,30.82833326971939],[75.92540860176086,30.8277989437398],[75.92683017253876,30.8278035502264],[75.92682782445053,30.828337876180356]],"angle":179.78379053753764,"polygonAreaPixels":29893.5,"tileOrigin":[47707392,27507968],"tileWidth":1024,"tileHeight":1024,"zoom":18,"sourceRunId":"c98dd124-04f4-4d77-a5df-a104b4c0ad25","sourceDates":[20201109],"imageryRelease":"2021-12-21","isField":true,"edgeFragment":false}},{"type":"Feature","id":"T063.field_35","geometry":{"type":"Polygon","coordinates":[[[75.92688918113708,30.82784961508023],[75.92695355415344,30.82779433725298],[75.9276831150055,30.827812763198935],[75.92764019966125,30.828365539933095],[75.92689454555511,30.828360933473455],[75.92688918113708,30.82784961508023]]]},"properties":{"id":"T063.field_35","tileId":"T063","modelObjectId":"field_35","label":"unburned-looking field","tags":["tan-residue","uniform-surface","bunds"],"note":"A largely uniform pale tan surface lacks visible char or ash evidence.","visibility":"clear","center":[75.92728614807129,30.828079939017847],"polygon":[[839,425],[978,424],[986,544],[850,548],[838,536]],"holes":[],"bbox":[838,424,986,548],"obb":[[986,544.0000000000001],[838.363007778738,548.342264477096],[834.7389801210026,425.12532411408813],[982.3759723422645,420.7830596369922]],"obbLonLat":[[75.9276636742062,30.82838035863752],[75.92687168766327,30.828360356172965],[75.92689112846256,30.827792760616127],[75.9276831150055,30.827812763198935],[75.9276636742062,30.82838035863752]],"angle":178.31531568210374,"polygonAreaPixels":17402,"tileOrigin":[47707392,27507968],"tileWidth":1024,"tileHeight":1024,"zoom":18,"sourceRunId":"c98dd124-04f4-4d77-a5df-a104b4c0ad25","sourceDates":[20201109],"imageryRelease":"2021-12-21","isField":true,"edgeFragment":false}},{"type":"Feature","id":"T063.field_36","geometry":{"type":"Polygon","coordinates":[[[75.92771530151367,30.827812763198935],[75.92788696289062,30.82780815671278],[75.92788696289062,30.828365539933095],[75.92767775058746,30.828365539933095],[75.92771530151367,30.827812763198935]]]},"properties":{"id":"T063.field_36","tileId":"T063","modelObjectId":"field_36","label":"unburned-looking field","tags":["edge-truncated","tan-residue","uniform-surface"],"note":"The visible pale residue fragment shows no apparent burn markings.","visibility":"partial","center":[75.92778235673904,30.828086848727434],"polygon":[[985,424],[1024,424],[1024,545],[992,544]],"holes":[],"bbox":[985,424,1024,545],"obb":[[985,424],[1024,424],[1024,545],[985,545]],"obbLonLat":[[75.92767775058746,30.82780815671278],[75.92788696289062,30.82780815671278],[75.92788696289062,30.828365539933095],[75.92767775058746,30.828365539933095],[75.92767775058746,30.82780815671278]],"angle":0,"polygonAreaPixels":4276,"tileOrigin":[47707392,27507968],"tileWidth":1024,"tileHeight":1024,"zoom":18,"sourceRunId":"c98dd124-04f4-4d77-a5df-a104b4c0ad25","sourceDates":[20201109],"imageryRelease":"2021-12-21","isField":true,"edgeFragment":true}},{"type":"Feature","id":"T063.field_37","geometry":{"type":"Polygon","coordinates":[[[75.92335402965546,30.827283015842177],[75.92427134513855,30.827283015842177],[75.92421770095825,30.827826582656073],[75.92337012290955,30.827812763198935],[75.92335402965546,30.827283015842177]]]},"properties":{"id":"T063.field_37","tileId":"T063","modelObjectId":"field_37","label":"unburned-looking field","tags":["green-cover","parallel-rows","bunds"],"note":"Parallel rows cross continuous olive-green cover.","visibility":"clear","center":[75.923812687397,30.827554799633806],"polygon":[[182,544],[340,541],[350,659],[179,659]],"holes":[],"bbox":[179,541,350,659],"obb":[[350,659],[179,659],[178.99999999999997,541],[350,541]],"obbLonLat":[[75.92427134513855,30.827826582656073],[75.92335402965546,30.827826582656073],[75.92335402965546,30.827283015842177],[75.92427134513855,30.827283015842177],[75.92427134513855,30.827826582656073]],"angle":180,"polygonAreaPixels":19169.5,"tileOrigin":[47707392,27507968],"tileWidth":1024,"tileHeight":1024,"zoom":18,"sourceRunId":"c98dd124-04f4-4d77-a5df-a104b4c0ad25","sourceDates":[20201109],"imageryRelease":"2021-12-21","isField":true,"edgeFragment":false}},{"type":"Feature","id":"T063.field_38","geometry":{"type":"Polygon","coordinates":[[[75.92333257198334,30.82684539625586],[75.92335402965546,30.826744052488273],[75.92432498931885,30.82673023287531],[75.92428207397461,30.827255376769422],[75.92335402965546,30.827255376769422],[75.92333257198334,30.82684539625586]]]},"properties":{"id":"T063.field_38","tileId":"T063","modelObjectId":"field_38","label":"unburned-looking field","tags":["green-cover","horizontal-rows","uniform-texture"],"note":"Green cover and horizontal cultivation lines show no coherent char-like patches.","visibility":"clear","center":[75.92382878065109,30.826992805181405],"polygon":[[179,665],[352,665],[360,779],[179,776],[175,754]],"holes":[],"bbox":[175,665,360,779],"obb":[[175,665],[360,665],[360,779],[175,779]],"obbLonLat":[[75.92333257198334,30.82673023287531],[75.92432498931885,30.82673023287531],[75.92432498931885,30.827255376769422],[75.92333257198334,30.827255376769422],[75.92333257198334,30.82673023287531]],"angle":0,"polygonAreaPixels":20128.5,"tileOrigin":[47707392,27507968],"tileWidth":1024,"tileHeight":1024,"zoom":18,"sourceRunId":"c98dd124-04f4-4d77-a5df-a104b4c0ad25","sourceDates":[20201109],"imageryRelease":"2021-12-21","isField":true,"edgeFragment":false}},{"type":"Feature","id":"T063.field_39","geometry":{"type":"Polygon","coordinates":[[[75.9226244688034,30.82728762235353],[75.92330038547516,30.82728762235353],[75.92331111431122,30.82779433725298],[75.92264592647552,30.827789730765943],[75.9226244688034,30.82728762235353]]]},"properties":{"id":"T063.field_39","tileId":"T063","modelObjectId":"field_39","label":"unburned-looking field","tags":["tan-residue","parallel-rows","mixed-cover"],"note":"Tan residue and faint olive strips follow regular cultivation rows.","visibility":"clear","center":[75.92296779155731,30.827540980137545],"polygon":[[47,549],[171,548],[169,658],[43,658]],"holes":[],"bbox":[43,548,171,658],"obb":[[171.00000000000003,658],[43,658],[42.999999999999986,548],[171,548]],"obbLonLat":[[75.92331111431122,30.82779433725298],[75.9226244688034,30.82779433725298],[75.9226244688034,30.82728762235353],[75.92331111431122,30.82728762235353],[75.92331111431122,30.82779433725298]],"angle":180,"polygonAreaPixels":13686,"tileOrigin":[47707392,27507968],"tileWidth":1024,"tileHeight":1024,"zoom":18,"sourceRunId":"c98dd124-04f4-4d77-a5df-a104b4c0ad25","sourceDates":[20201109],"imageryRelease":"2021-12-21","isField":true,"edgeFragment":false}},{"type":"Feature","id":"T063.field_40","geometry":{"type":"Polygon","coordinates":[[[75.9226244688034,30.826757872099236],[75.9232896566391,30.82676247863579],[75.92330038547516,30.827259983282097],[75.9226244688034,30.827255376769422],[75.9226244688034,30.826757872099236]]]},"properties":{"id":"T063.field_40","tileId":"T063","modelObjectId":"field_40","label":"unburned-looking field","tags":["tan-residue","fine-rows","bunds"],"note":"Pale residue and fine rows are visible without distinct burn evidence.","visibility":"clear","center":[75.92296242713928,30.827008928018902],"polygon":[[43,665],[169,664],[167,772],[43,773]],"holes":[],"bbox":[43,664,169,773],"obb":[[42.14291112930654,665.0068022926246],[169,664],[169.85708887069347,771.9931977073754],[42.99999999999999,773]],"obbLonLat":[[75.9226244688034,30.826757872099236],[75.92330498325816,30.82676250997081],[75.92330038547516,30.827259983282097],[75.9226198710204,30.82725534543457],[75.9226244688034,30.826757872099236]],"angle":-0.454718861693143,"polygonAreaPixels":13499,"tileOrigin":[47707392,27507968],"tileWidth":1024,"tileHeight":1024,"zoom":18,"sourceRunId":"c98dd124-04f4-4d77-a5df-a104b4c0ad25","sourceDates":[20201109],"imageryRelease":"2021-12-21","isField":true,"edgeFragment":false}},{"type":"Feature","id":"T063.field_41","geometry":{"type":"Polygon","coordinates":[[[75.92239379882812,30.826744052488273],[75.92254936695099,30.826780904779778],[75.9225869178772,30.826900674629467],[75.92257082462311,30.827757485350467],[75.92248499393463,30.82768838799514],[75.92239379882812,30.827692994487034],[75.92239379882812,30.826744052488273]]]},"properties":{"id":"T063.field_41","tileId":"T063","modelObjectId":"field_41","label":"unburned-looking field","tags":["edge-truncated","olive-cover","vegetation-margin"],"note":"Muted crop-like cover is visible between the image edge and a narrow track.","visibility":"partial","center":[75.92249035835266,30.827250770256523],"polygon":[[0,570],[17,571],[33,556],[36,742],[29,768],[0,776]],"holes":[],"bbox":[0,556,36,776],"obb":[[-1.2613862031217739e-14,776],[8.57252759403146e-16,556],[36.00000000000001,556],[35.99999999999999,776]],"obbLonLat":[[75.9225869178772,30.826744052488273],[75.9225869178772,30.827757485350467],[75.92239379882812,30.827757485350467],[75.92239379882812,30.826744052488273],[75.9225869178772,30.826744052488273]],"angle":-90,"polygonAreaPixels":7011.5,"tileOrigin":[47707392,27507968],"tileWidth":1024,"tileHeight":1024,"zoom":18,"sourceRunId":"c98dd124-04f4-4d77-a5df-a104b4c0ad25","sourceDates":[20201109],"imageryRelease":"2021-12-21","isField":true,"edgeFragment":true}},{"type":"Feature","id":"T063.field_42","geometry":{"type":"Polygon","coordinates":[[[75.92472195625305,30.827283015842177],[75.92538177967072,30.82726919630679],[75.92538177967072,30.827568619128083],[75.92473268508911,30.827568619128083],[75.92472195625305,30.827283015842177]]]},"properties":{"id":"T063.field_42","tileId":"T063","modelObjectId":"field_42","label":"unburned-looking field","tags":["tan-residue","uniform-surface","small-parcel"],"note":"The small pale parcel has no visible char or ash pattern.","visibility":"clear","center":[75.92505186796188,30.82741890783417],"polygon":[[436,597],[557,597],[557,662],[434,659]],"holes":[],"bbox":[434,597,557,662],"obb":[[434,597],[557,597],[557,662],[434,662]],"obbLonLat":[[75.92472195625305,30.82726919630679],[75.92538177967072,30.82726919630679],[75.92538177967072,30.827568619128083],[75.92472195625305,30.827568619128083],[75.92472195625305,30.82726919630679]],"angle":0,"polygonAreaPixels":7748.5,"tileOrigin":[47707392,27507968],"tileWidth":1024,"tileHeight":1024,"zoom":18,"sourceRunId":"c98dd124-04f4-4d77-a5df-a104b4c0ad25","sourceDates":[20201109],"imageryRelease":"2021-12-21","isField":true,"edgeFragment":false}},{"type":"Feature","id":"T063.field_43","geometry":{"type":"Polygon","coordinates":[[[75.924351811409,30.826877641977664],[75.92539250850677,30.826868428915397],[75.92538177967072,30.827232344202706],[75.92433035373688,30.8272461637434],[75.924351811409,30.826877641977664]]]},"properties":{"id":"T063.field_43","tileId":"T063","modelObjectId":"field_43","label":"unburned-looking field","tags":["tan-residue","sparse-dark-spots","uniform-surface"],"note":"Isolated dark spots interrupt pale residue but do not form coherent burn-like patches.","visibility":"clear","center":[75.92486143112183,30.827057296515164],"polygon":[[361,667],[557,670],[559,749],[365,747]],"holes":[],"bbox":[361,667,559,749],"obb":[[559,749],[360.1757704569608,746.9502656748141],[361.00000000000006,667.0000000000001],[559.8242295430393,669.049734325186]],"obbLonLat":[[75.92539693001862,30.82723672161465],[75.92433035373688,30.8272461637434],[75.92432593222503,30.826877871080363],[75.92539250850677,30.826868428915397],[75.92539693001862,30.82723672161465]],"angle":-179.40934278535335,"polygonAreaPixels":15495,"tileOrigin":[47707392,27507968],"tileWidth":1024,"tileHeight":1024,"zoom":18,"sourceRunId":"c98dd124-04f4-4d77-a5df-a104b4c0ad25","sourceDates":[20201109],"imageryRelease":"2021-12-21","isField":true,"edgeFragment":false}},{"type":"Feature","id":"T063.field_44","geometry":{"type":"Polygon","coordinates":[[[75.92543005943298,30.827259983282097],[75.92610597610474,30.827250770256523],[75.92610597610474,30.827757485350467],[75.92543005943298,30.827766698327427],[75.92543005943298,30.827259983282097]]]},"properties":{"id":"T063.field_44","tileId":"T063","modelObjectId":"field_44","label":"unburned-looking field","tags":["tan-residue","uniform-surface","bunds"],"note":"Pale tan residue dominates without visible burn evidence.","visibility":"clear","center":[75.92576801776886,30.827508734638535],"polygon":[[566,554],[692,556],[692,666],[566,664]],"holes":[],"bbox":[566,554,692,666],"obb":[[566,554],[693.7455919395468,556.0277078085642],[692.0000000000001,666.0000000000001],[564.2544080604533,663.9722921914359]],"obbLonLat":[[75.92542069534812,30.827260110918466],[75.92610597610474,30.827250770256523],[75.9261153401896,30.827757357714766],[75.92543005943298,30.827766698327427],[75.92542069534812,30.827260110918466]],"angle":0.9093804491991414,"polygonAreaPixels":13860,"tileOrigin":[47707392,27507968],"tileWidth":1024,"tileHeight":1024,"zoom":18,"sourceRunId":"c98dd124-04f4-4d77-a5df-a104b4c0ad25","sourceDates":[20201109],"imageryRelease":"2021-12-21","isField":true,"edgeFragment":false}},{"type":"Feature","id":"T063.field_45","geometry":{"type":"Polygon","coordinates":[[[75.92614352703094,30.82724155723006],[75.92674970626831,30.82722313117448],[75.9268194437027,30.827324474436388],[75.92677652835846,30.827458063118193],[75.92681407928467,30.827568619128083],[75.92679262161255,30.827757485350467],[75.92614889144897,30.827752878861656],[75.92614352703094,30.82724155723006]]]},"properties":{"id":"T063.field_45","tileId":"T063","modelObjectId":"field_45","label":"unburned-looking field","tags":["tan-residue","vegetation-margin","uniform-surface"],"note":"Pale cover remains consistent across the parcel; darker marks are concentrated near bordering vegetation.","visibility":"clear","center":[75.92648148536682,30.82749030863423],"polygon":[[700,557],[820,556],[824,597],[817,621],[825,650],[812,672],[699,668]],"holes":[],"bbox":[699,556,825,672],"obb":[[698.9731374776821,670.9817399772763],[700.0187469566629,554.9190878104204],[825.8463723421523,556.0526700211004],[824.8007628631716,672.1153221879564]],"obbLonLat":[[75.92681837491139,30.827222599941173],[75.92682398399776,30.827757242726616],[75.9261489920155,30.827762464560134],[75.92614338292913,30.827227821803767],[75.92681837491139,30.827222599941173]],"angle":-89.48383577023516,"polygonAreaPixels":13783.5,"tileOrigin":[47707392,27507968],"tileWidth":1024,"tileHeight":1024,"zoom":18,"sourceRunId":"c98dd124-04f4-4d77-a5df-a104b4c0ad25","sourceDates":[20201109],"imageryRelease":"2021-12-21","isField":true,"edgeFragment":false}},{"type":"Feature","id":"T063.field_46","geometry":{"type":"Polygon","coordinates":[[[75.92699646949768,30.827504128137786],[75.92695891857147,30.827356719997283],[75.92699646949768,30.82722313117448],[75.92748999595642,30.827232344202706],[75.92748999595642,30.827771304815567],[75.92693209648132,30.827757485350467],[75.92699646949768,30.827504128137786]]]},"properties":{"id":"T063.field_46","tileId":"T063","modelObjectId":"field_46","label":"unburned-looking field","tags":["olive-cover","pale-strips","vegetation-margin"],"note":"Olive cover contains pale lengthwise strips without an apparent ash-like surface.","visibility":"clear","center":[75.92721104621887,30.82749721838626],"polygon":[[846,556],[950,553],[950,670],[858,672],[851,643],[858,611]],"holes":[],"bbox":[846,553,950,672],"obb":[[846,556],[950.0000000000001,553],[953.3721939953812,669.9027251732101],[849.372193995381,672.9027251732101]],"obbLonLat":[[75.92695018633958,30.827218972757922],[75.92750808581468,30.827232792300546],[75.92748999595642,30.827771304815567],[75.92693209648132,30.827757485350467],[75.92695018633958,30.827218972757922]],"angle":-1.6523046776513075,"polygonAreaPixels":11279.5,"tileOrigin":[47707392,27507968],"tileWidth":1024,"tileHeight":1024,"zoom":18,"sourceRunId":"c98dd124-04f4-4d77-a5df-a104b4c0ad25","sourceDates":[20201109],"imageryRelease":"2021-12-21","isField":true,"edgeFragment":false}},{"type":"Feature","id":"T063.field_47","geometry":{"type":"Polygon","coordinates":[[[75.92751681804657,30.827232344202706],[75.92788696289062,30.827255376769422],[75.92788696289062,30.82777591130349],[75.92752754688263,30.827771304815567],[75.92751681804657,30.827232344202706]]]},"properties":{"id":"T063.field_47","tileId":"T063","modelObjectId":"field_47","label":"unburned-looking field","tags":["edge-truncated","olive-cover","fine-rows"],"note":"The visible crop-like surface has fine linear texture and no clear burn evidence.","visibility":"partial","center":[75.9277018904686,30.827504128137786],"polygon":[[957,553],[1024,552],[1024,665],[955,670]],"holes":[],"bbox":[955,552,1024,670],"obb":[[1024,552],[1024,670],[955,670],[955,552]],"obbLonLat":[[75.92751681804657,30.82777591130349],[75.92751681804657,30.827232344202706],[75.92788696289062,30.827232344202706],[75.92788696289062,30.82777591130349],[75.92751681804657,30.82777591130349]],"angle":90,"polygonAreaPixels":7817,"tileOrigin":[47707392,27507968],"tileWidth":1024,"tileHeight":1024,"zoom":18,"sourceRunId":"c98dd124-04f4-4d77-a5df-a104b4c0ad25","sourceDates":[20201109],"imageryRelease":"2021-12-21","isField":true,"edgeFragment":true}},{"type":"Feature","id":"T063.field_48","geometry":{"type":"Polygon","coordinates":[[[75.92543542385101,30.826909887688632],[75.9254515171051,30.826693380564368],[75.92610597610474,30.826688774024497],[75.92609524726868,30.827195492084492],[75.9254515171051,30.82720470511537],[75.92543542385101,30.826909887688632]]]},"properties":{"id":"T063.field_48","tileId":"T063","modelObjectId":"field_48","label":"burned-looking field","tags":["char-like-surface","ash-like-streaks","retained-residue","row-pattern"],"note":"Most of the visible parcel is coherently charcoal-dark, with pale gray streaks and scattered tan residue aligned with rows. This pattern is consistent with burned residue, though soil and residue variation remain possible confounders.","visibility":"clear","center":[75.92577069997787,30.826946739916483],"polygon":[[570,676],[690,678],[692,788],[570,787],[567,740]],"holes":[],"bbox":[567,676,692,788],"obb":[[692.0000000000001,788.0000000000001],[566.6149815250252,786.9722539469266],[567.5247564662411,675.9797111185759],[692.909774941216,677.0074571716494]],"obbLonLat":[[75.92611085651785,30.827200064248462],[75.92543823886407,30.827204798576407],[75.92543335845096,30.826693508377648],[75.92610597610474,30.826688774024497],[75.92611085651785,30.827200064248462]],"angle":-179.53037298031035,"polygonAreaPixels":13535.5,"tileOrigin":[47707392,27507968],"tileWidth":1024,"tileHeight":1024,"zoom":18,"sourceRunId":"c98dd124-04f4-4d77-a5df-a104b4c0ad25","sourceDates":[20201109],"imageryRelease":"2021-12-21","isField":true,"edgeFragment":false}},{"type":"Feature","id":"T063.field_49","geometry":{"type":"Polygon","coordinates":[[[75.92613279819489,30.827107968247013],[75.92613279819489,30.826753265562466],[75.92615962028503,30.826688774024497],[75.92679798603058,30.826702593643425],[75.92678725719452,30.82696055949829],[75.92675507068634,30.82717245950341],[75.926154255867,30.82718627905272],[75.92613279819489,30.827107968247013]]]},"properties":{"id":"T063.field_49","tileId":"T063","modelObjectId":"field_49","label":"burned-looking field","tags":["char-like-surface","ash-like-mottling","tan-residue","heterogeneous-cover"],"note":"A predominantly charcoal-dark surface contains pale mottled streaks and discrete tan residue clumps. The coherent dark-and-pale residue pattern supports a burned-looking screen rather than classification from darkness alone.","visibility":"clear","center":[75.92646539211273,30.826937526860853],"polygon":[[701,680],[813,683],[819,729],[821,785],[702,788],[697,774],[697,697]],"holes":[],"bbox":[697,680,821,788],"obb":[[821,785],[697.355892731122,788.1170783345095],[694.6342978122794,680.1604798870854],[818.2784050811574,677.0434015525759]],"obbLonLat":[[75.92678338625771,30.82719989867011],[75.92612010757941,30.827185539799537],[75.92613470735228,30.826688234698473],[75.92679798603058,30.826702593643425],[75.92678338625771,30.82719989867011]],"angle":178.55587446906418,"polygonAreaPixels":12666.5,"tileOrigin":[47707392,27507968],"tileWidth":1024,"tileHeight":1024,"zoom":18,"sourceRunId":"c98dd124-04f4-4d77-a5df-a104b4c0ad25","sourceDates":[20201109],"imageryRelease":"2021-12-21","isField":true,"edgeFragment":false}},{"type":"Feature","id":"T063.field_50","geometry":{"type":"Polygon","coordinates":[[[75.92434644699097,30.8264538401984],[75.92436254024506,30.826002397115023],[75.92479169368744,30.825601624435894],[75.92523694038391,30.825601624435894],[75.9251993894577,30.82574442868581],[75.92532277107239,30.82580892085809],[75.92538177967072,30.82586880640785],[75.92539250850677,30.826840789723295],[75.92435717582703,30.826840789723295],[75.92434644699097,30.8264538401984]]]},"properties":{"id":"T063.field_50","tileId":"T063","modelObjectId":"field_50","label":"unburned-looking field","tags":["edge-truncated","curved-residue","mixed-cover","diagonal-rows"],"note":"Olive cover transitions into pronounced pale curved and diagonal residue rows without coherent char-like patches.","visibility":"partial","center":[75.92486947774887,30.82622120907868],"polygon":[[366,755],[559,755],[557,966],[546,979],[523,993],[530,1024],[447,1024],[367,937],[364,839]],"holes":[],"bbox":[364,755,559,1024],"obb":[[559.0000000000001,755.0000000000002],[556.4404042672656,1025.0373498034812],[362.25405951712526,1023.1967209432904],[364.81365524985966,753.1593711398093]],"obbLonLat":[[75.92435081177786,30.826849268639915],[75.92433708103636,30.8256053248148],[75.92537877776527,30.825596845788315],[75.92539250850677,30.826840789723295],[75.92435081177786,30.826849268639915]],"angle":90.5430716937238,"polygonAreaPixels":46824,"tileOrigin":[47707392,27507968],"tileWidth":1024,"tileHeight":1024,"zoom":18,"sourceRunId":"c98dd124-04f4-4d77-a5df-a104b4c0ad25","sourceDates":[20201109],"imageryRelease":"2021-12-21","isField":true,"edgeFragment":true}},{"type":"Feature","id":"T063.field_51","geometry":{"type":"Polygon","coordinates":[[[75.92540323734283,30.825933298496587],[75.92542469501495,30.82585038008883],[75.92601478099823,30.826080708822474],[75.92607915401459,30.826112954801097],[75.92605233192444,30.826647315155782],[75.9254515171051,30.826647315155782],[75.92540323734283,30.825933298496587]]]},"properties":{"id":"T063.field_51","tileId":"T063","modelObjectId":"field_51","label":"unburned-looking field","tags":["olive-cover","horizontal-rows","cultivation-pattern"],"note":"Muted olive cover and repeated horizontal cultivation lines contrast with the charcoal-dark parcels above.","visibility":"clear","center":[75.92574119567871,30.826248848449136],"polygon":[[570,797],[682,797],[687,913],[675,920],[565,970],[561,952]],"holes":[],"bbox":[561,797,687,970],"obb":[[561,797],[687,797],[687,970],[561,970]],"obbLonLat":[[75.92540323734283,30.82585038008883],[75.92607915401459,30.82585038008883],[75.92607915401459,30.826647315155782],[75.92540323734283,30.826647315155782],[75.92540323734283,30.82585038008883]],"angle":0,"polygonAreaPixels":17382.5,"tileOrigin":[47707392,27507968],"tileWidth":1024,"tileHeight":1024,"zoom":18,"sourceRunId":"c98dd124-04f4-4d77-a5df-a104b4c0ad25","sourceDates":[20201109],"imageryRelease":"2021-12-21","isField":true,"edgeFragment":false}},{"type":"Feature","id":"T063.field_52","geometry":{"type":"Polygon","coordinates":[[[75.92609524726868,30.82621890579744],[75.92612743377686,30.826145200768877],[75.92678725719452,30.826182053290236],[75.92679262161255,30.826651921697636],[75.9261006116867,30.82664270861371],[75.92609524726868,30.82621890579744]]]},"properties":{"id":"T063.field_52","tileId":"T063","modelObjectId":"field_52","label":"unburned-looking field","tags":["striped-residue","lengthwise-rows","mixed-cover"],"note":"Alternating pale residue and olive strips follow regular rows without distinct ash-like mottling.","visibility":"clear","center":[75.92644393444061,30.826398561567544],"polygon":[[691,798],[820,796],[819,898],[696,906],[690,890]],"holes":[],"bbox":[690,796,820,906],"obb":[[688.5742264944429,798.037608891559],[820.0000000000001,795.9999999999999],[821.6752177831181,904.0515470111144],[690.2494442775609,906.0891559026735]],"obbLonLat":[[75.92609658539206,30.826144790066326],[75.92680160818105,30.826154176445865],[75.92679262161255,30.826651921697636],[75.92608759882356,30.826642535366762],[75.92609658539206,30.826144790066326]],"angle":-0.8882354952397712,"polygonAreaPixels":13524,"tileOrigin":[47707392,27507968],"tileWidth":1024,"tileHeight":1024,"zoom":18,"sourceRunId":"c98dd124-04f4-4d77-a5df-a104b4c0ad25","sourceDates":[20201109],"imageryRelease":"2021-12-21","isField":true,"edgeFragment":false}},{"type":"Feature","id":"T063.field_53","geometry":{"type":"Polygon","coordinates":[[[75.92681407928467,30.8266795609441],[75.92681407928467,30.826177446725836],[75.92747390270233,30.826195872982094],[75.92748999595642,30.82684539625586],[75.9268569946289,30.826840789723295],[75.92681407928467,30.8266795609441]]]},"properties":{"id":"T063.field_53","tileId":"T063","modelObjectId":"field_53","label":"unburned-looking field","tags":["tan-residue","lengthwise-rows","bunds"],"note":"Pale lengthwise cultivation strips dominate this parcel.","visibility":"clear","center":[75.92715203762054,30.826511422071704],"polygon":[[832,755],[950,754],[947,895],[824,899],[824,790]],"holes":[],"bbox":[824,754,950,899],"obb":[[824,899],[824,753.9999999999999],[950,754],[950,899.0000000000001]],"obbLonLat":[[75.92748999595642,30.826177446725836],[75.92748999595642,30.82684539625586],[75.92681407928467,30.82684539625586],[75.92681407928467,30.826177446725836],[75.92748999595642,30.826177446725836]],"angle":-90,"polygonAreaPixels":17593.5,"tileOrigin":[47707392,27507968],"tileWidth":1024,"tileHeight":1024,"zoom":18,"sourceRunId":"c98dd124-04f4-4d77-a5df-a104b4c0ad25","sourceDates":[20201109],"imageryRelease":"2021-12-21","isField":true,"edgeFragment":false}},{"type":"Feature","id":"T063.field_54","geometry":{"type":"Polygon","coordinates":[[[75.9268569946289,30.82714942691681],[75.92684626579285,30.827098755206848],[75.92719495296478,30.827098755206848],[75.92750072479248,30.827107968247013],[75.92748463153839,30.827200098600038],[75.92689990997314,30.827181672536504],[75.9268569946289,30.82714942691681]]]},"properties":{"id":"T063.field_54","tileId":"T063","modelObjectId":"field_54","label":"unburned-looking field","tags":["narrow-parcel","pale-cover","bunds"],"note":"The narrow pale strip contains no visible char or ash markings.","visibility":"clear","center":[75.92717349529266,30.82714942691681],"polygon":[[840,681],[949,677],[952,697],[895,699],[830,699],[832,688]],"holes":[],"bbox":[830,677,952,699],"obb":[[951.9999999999999,696.9999999999999],[830.0799262219489,701.2778973255455],[829.3753458346141,681.1973562865047],[951.2954196126651,676.9194589609591]],"obbLonLat":[[75.92749694512875,30.82720046961358],[75.92684291488678,30.82718076341154],[75.9268466945505,30.827088262025992],[75.92750072479248,30.827107968247013],[75.92749694512875,30.82720046961358]],"angle":177.99044618697886,"polygonAreaPixels":2286,"tileOrigin":[47707392,27507968],"tileWidth":1024,"tileHeight":1024,"zoom":18,"sourceRunId":"c98dd124-04f4-4d77-a5df-a104b4c0ad25","sourceDates":[20201109],"imageryRelease":"2021-12-21","isField":true,"edgeFragment":false}},{"type":"Feature","id":"T063.field_55","geometry":{"type":"Polygon","coordinates":[[[75.92684090137482,30.826951346443977],[75.92682480812073,30.826886855039046],[75.92748999595642,30.826882248508472],[75.92748999595642,30.82707572260257],[75.92724859714508,30.827057296515164],[75.92707693576813,30.827080329123863],[75.9268569946289,30.827066509559305],[75.92684090137482,30.826951346443977]]]},"properties":{"id":"T063.field_55","tileId":"T063","modelObjectId":"field_55","label":"unburned-looking field","tags":["green-patches","pale-cover","small-details"],"note":"Green patches coexist with pale cover without visible burn evidence; fine internal divisions are indistinct.","visibility":"clear","center":[75.92715740203857,30.826981288867252],"polygon":[[832,706],[873,703],[905,708],[950,704],[950,746],[826,745],[829,731]],"holes":[],"bbox":[826,703,950,746],"obb":[[950,745.9999999999999],[826.0000000000001,744.9999999999999],[826.3417441633609,702.6237237432528],[950.3417441633608,703.6237237432528]],"obbLonLat":[[75.92749182921497,30.827077455927192],[75.92682664137928,30.8270820624484],[75.92682480812073,30.826886855039046],[75.92748999595642,30.826882248508472],[75.92749182921497,30.827077455927192]],"angle":-179.53794727856925,"polygonAreaPixels":4842,"tileOrigin":[47707392,27507968],"tileWidth":1024,"tileHeight":1024,"zoom":18,"sourceRunId":"c98dd124-04f4-4d77-a5df-a104b4c0ad25","sourceDates":[20201109],"imageryRelease":"2021-12-21","isField":true,"edgeFragment":false}},{"type":"Feature","id":"T063.field_56","geometry":{"type":"Polygon","coordinates":[[[75.92769920825958,30.82704347694729],[75.92788696289062,30.82704808347014],[75.92788696289062,30.82721391814537],[75.92770993709564,30.82720470511537],[75.92769920825958,30.82704347694729]]]},"properties":{"id":"T063.field_56","tileId":"T063","modelObjectId":"field_56","label":"unburned-looking field","tags":["edge-truncated","green-cover","small-parcel"],"note":"The small edge fragment has dense green cover without apparent burn markings.","visibility":"partial","center":[75.9277930855751,30.82712869758415],"polygon":[[991,676],[1024,674],[1024,710],[989,711]],"holes":[],"bbox":[989,674,1024,711],"obb":[[1024,674],[1024,711],[989,711],[989,674]],"obbLonLat":[[75.92769920825958,30.82721391814537],[75.92769920825958,30.82704347694729],[75.92788696289062,30.82704347694729],[75.92788696289062,30.82721391814537],[75.92769920825958,30.82721391814537]],"angle":90,"polygonAreaPixels":1205.5,"tileOrigin":[47707392,27507968],"tileWidth":1024,"tileHeight":1024,"zoom":18,"sourceRunId":"c98dd124-04f4-4d77-a5df-a104b4c0ad25","sourceDates":[20201109],"imageryRelease":"2021-12-21","isField":true,"edgeFragment":true}},{"type":"Feature","id":"T063.field_57","geometry":{"type":"Polygon","coordinates":[[[75.92754364013672,30.826785511315215],[75.92752754688263,30.826628888986153],[75.92788696289062,30.82664270861371],[75.92788696289062,30.826997411706685],[75.92759191989899,30.82698359213019],[75.92754364013672,30.826785511315215]]]},"properties":{"id":"T063.field_57","tileId":"T063","modelObjectId":"field_57","label":"unburned-looking field","tags":["edge-truncated","tan-cover","green-patches"],"note":"Pale cover surrounds irregular green patches without a distinct char-like pattern.","visibility":"partial","center":[75.92770725488663,30.826813150523236],"polygon":[[969,724],[1024,721],[1024,798],[957,801],[960,767]],"holes":[],"bbox":[957,721,1024,801],"obb":[[1024,721],[1024,801],[957,801],[957,721]],"obbLonLat":[[75.92752754688263,30.826997411706685],[75.92752754688263,30.826628888986153],[75.92788696289062,30.826628888986153],[75.92788696289062,30.826997411706685],[75.92752754688263,30.826997411706685]],"angle":90,"polygonAreaPixels":4767.5,"tileOrigin":[47707392,27507968],"tileWidth":1024,"tileHeight":1024,"zoom":18,"sourceRunId":"c98dd124-04f4-4d77-a5df-a104b4c0ad25","sourceDates":[20201109],"imageryRelease":"2021-12-21","isField":true,"edgeFragment":true}},{"type":"Feature","id":"T063.field_58","geometry":{"type":"Polygon","coordinates":[[[75.92751145362854,30.82621890579744],[75.92754364013672,30.826149807334822],[75.92776894569397,30.826140594202712],[75.92777967453003,30.826596643180817],[75.92754900455475,30.82658282354664],[75.92751145362854,30.82621890579744]]]},"properties":{"id":"T063.field_58","tileId":"T063","modelObjectId":"field_58","label":"unburned-looking field","tags":["green-cover","narrow-parcel","uniform-texture"],"note":"Dense green cover occupies this narrow parcel without apparent burn evidence.","visibility":"clear","center":[75.92764556407928,30.826368618962533],"polygon":[[961,811],[1004,808],[1002,907],[960,905],[954,890]],"holes":[],"bbox":[954,808,1004,907],"obb":[[1004.0000000000001,808],[1002.0000000000001,907],[953.676287608363,906.0237633860276],[955.676287608363,807.0237633860276]],"obbLonLat":[[75.92752044593601,30.82660114025802],[75.92750971709995,30.82614509130128],[75.92776894569397,30.826140594202712],[75.92777967453003,30.826596643180817],[75.92752044593601,30.82660114025802]],"angle":91.15733306812952,"polygonAreaPixels":4390,"tileOrigin":[47707392,27507968],"tileWidth":1024,"tileHeight":1024,"zoom":18,"sourceRunId":"c98dd124-04f4-4d77-a5df-a104b4c0ad25","sourceDates":[20201109],"imageryRelease":"2021-12-21","isField":true,"edgeFragment":false}},{"type":"Feature","id":"T063.field_59","geometry":{"type":"Polygon","coordinates":[[[75.92780113220215,30.82610374166544],[75.92788696289062,30.826089921960325],[75.92788696289062,30.826601249725098],[75.92781186103821,30.826592036636317],[75.92780113220215,30.82610374166544]]]},"properties":{"id":"T063.field_59","tileId":"T063","modelObjectId":"field_59","label":"unburned-looking field","tags":["edge-truncated","pale-cover","narrow-fragment"],"note":"The narrow pale fragment has no identifiable char or ash pattern.","visibility":"partial","center":[75.92784404754639,30.826345586183095],"polygon":[[1010,809],[1024,807],[1024,918],[1008,915]],"holes":[],"bbox":[1008,807,1024,918],"obb":[[1024,807],[1024,918],[1008,918],[1008,807]],"obbLonLat":[[75.92780113220215,30.826601249725098],[75.92780113220215,30.826089921960325],[75.92788696289062,30.826089921960325],[75.92788696289062,30.826601249725098],[75.92780113220215,30.826601249725098]],"angle":90,"polygonAreaPixels":1628,"tileOrigin":[47707392,27507968],"tileWidth":1024,"tileHeight":1024,"zoom":18,"sourceRunId":"c98dd124-04f4-4d77-a5df-a104b4c0ad25","sourceDates":[20201109],"imageryRelease":"2021-12-21","isField":true,"edgeFragment":true}},{"type":"Feature","id":"T063.field_60","geometry":{"type":"Polygon","coordinates":[[[75.92260301113129,30.826449233647043],[75.92261910438538,30.826205086108896],[75.92280685901642,30.826228118922042],[75.92284977436066,30.82626036485115],[75.92291951179504,30.82620969267197],[75.92297852039337,30.82612216793585],[75.92295169830322,30.826039249691192],[75.92302143573761,30.825601624435894],[75.92320382595062,30.825601624435894],[75.92321455478668,30.826214299234817],[75.92321455478668,30.826693380564368],[75.9226405620575,30.82664270861371],[75.92260301113129,30.826449233647043]]]},"properties":{"id":"T063.field_60","tileId":"T063","modelObjectId":"field_60","label":"unburned-looking field","tags":["edge-truncated","olive-cover","vegetation-margin","faint-rows"],"note":"Olive cover and faint rows remain visible around an irregular tree-lined margin.","visibility":"partial","center":[75.92290878295898,30.82614750405188],"polygon":[[46,798],[153,787],[153,891],[151,1024],[117,1024],[104,929],[109,911],[98,892],[85,881],[77,888],[42,893],[39,840]],"holes":[],"bbox":[39,787,153,1024],"obb":[[153,787],[153,1024],[39.000000000000014,1024],[39,787]],"obbLonLat":[[75.92260301113129,30.826693380564368],[75.92260301113129,30.825601624435894],[75.92321455478668,30.825601624435894],[75.92321455478668,30.826693380564368],[75.92260301113129,30.826693380564368]],"angle":90,"polygonAreaPixels":16579,"tileOrigin":[47707392,27507968],"tileWidth":1024,"tileHeight":1024,"zoom":18,"sourceRunId":"c98dd124-04f4-4d77-a5df-a104b4c0ad25","sourceDates":[20201109],"imageryRelease":"2021-12-21","isField":true,"edgeFragment":true}},{"type":"Feature","id":"T063.field_61","geometry":{"type":"Polygon","coordinates":[[[75.9232360124588,30.825601624435894],[75.92334866523743,30.825601624435894],[75.92356324195862,30.825776674777366],[75.92356860637665,30.826647315155782],[75.92326819896698,30.826674954403583],[75.9232360124588,30.825601624435894]]]},"properties":{"id":"T063.field_61","tileId":"T063","modelObjectId":"field_61","label":"unburned-looking field","tags":["edge-truncated","pale-residue","lengthwise-rows"],"note":"Strong pale lengthwise rows show residue or cultivation texture without clear burn evidence.","visibility":"partial","center":[75.92340230941772,30.82613829091955],"polygon":[[163,791],[219,797],[218,986],[178,1024],[157,1024]],"holes":[],"bbox":[157,791,219,1024],"obb":[[157,1024],[163.00000000000003,791],[222.98168430740913,792.5445927289461],[216.9816843074091,1025.5445927289463]],"obbLonLat":[[75.92355777928753,30.8255945091269],[75.92358996579571,30.826667839174128],[75.92326819896698,30.826674954403583],[75.9232360124588,30.825601624435894],[75.92355777928753,30.8255945091269]],"angle":-88.52489819914304,"polygonAreaPixels":12686.5,"tileOrigin":[47707392,27507968],"tileWidth":1024,"tileHeight":1024,"zoom":18,"sourceRunId":"c98dd124-04f4-4d77-a5df-a104b4c0ad25","sourceDates":[20201109],"imageryRelease":"2021-12-21","isField":true,"edgeFragment":true}},{"type":"Feature","id":"T063.field_62","geometry":{"type":"Polygon","coordinates":[[[75.92360079288483,30.82576746160946],[75.92433571815491,30.82602542997678],[75.9242981672287,30.826688774024497],[75.92361152172089,30.826638102071414],[75.92360079288483,30.82576746160946]]]},"properties":{"id":"T063.field_62","tileId":"T063","modelObjectId":"field_62","label":"unburned-looking field","tags":["olive-cover","curved-rows","tan-residue"],"note":"Curved and horizontal pale rows cross olive cover without coherent ash-like patches.","visibility":"clear","center":[75.92396825551987,30.826228118922042],"polygon":[[227,799],[355,788],[362,932],[225,988]],"holes":[],"bbox":[225,788,362,988],"obb":[[355.00000000000006,788],[364.39283136877566,981.2239595862401],[225.00000000000003,988],[215.60716863122448,794.7760404137599]],"obbLonLat":[[75.92355040581089,30.8266575599184],[75.92360079288483,30.82576746160946],[75.92434855430264,30.825798676004926],[75.9242981672287,30.826688774024497],[75.92355040581089,30.8266575599184]],"angle":87.21697924614338,"polygonAreaPixels":22145,"tileOrigin":[47707392,27507968],"tileWidth":1024,"tileHeight":1024,"zoom":18,"sourceRunId":"c98dd124-04f4-4d77-a5df-a104b4c0ad25","sourceDates":[20201109],"imageryRelease":"2021-12-21","isField":true,"edgeFragment":false}},{"type":"Feature","id":"T063.field_63","geometry":{"type":"Polygon","coordinates":[[[75.92342913150787,30.825601624435894],[75.92474341392517,30.825601624435894],[75.92435717582703,30.82597475767362],[75.92361688613892,30.825726002342915],[75.92342913150787,30.825601624435894]]]},"properties":{"id":"T063.field_63","tileId":"T063","modelObjectId":"field_63","label":"unburned-looking field","tags":["edge-truncated","olive-cover","diagonal-rows"],"note":"Diagonal cultivation lines cross continuous muted cover.","visibility":"partial","center":[75.92408627271652,30.82578819123601],"polygon":[[228,997],[366,943],[438,1024],[193,1024]],"holes":[],"bbox":[193,943,438,1024],"obb":[[438,1024],[193,1024],[193,943],[438,943]],"obbLonLat":[[75.92474341392517,30.82597475767362],[75.92342913150787,30.82597475767362],[75.92342913150787,30.825601624435894],[75.92474341392517,30.825601624435894],[75.92474341392517,30.82597475767362]],"angle":180,"polygonAreaPixels":10840.5,"tileOrigin":[47707392,27507968],"tileWidth":1024,"tileHeight":1024,"zoom":18,"sourceRunId":"c98dd124-04f4-4d77-a5df-a104b4c0ad25","sourceDates":[20201109],"imageryRelease":"2021-12-21","isField":true,"edgeFragment":true}},{"type":"Feature","id":"T063.field_64","geometry":{"type":"Polygon","coordinates":[[[75.92239379882812,30.826172840161217],[75.92253863811493,30.826177446725836],[75.92258155345917,30.826223512359853],[75.92255473136902,30.826702593643425],[75.92239379882812,30.82669798710401],[75.92239379882812,30.826172840161217]]]},"properties":{"id":"T063.field_64","tileId":"T063","modelObjectId":"field_64","label":"unburned-looking field","tags":["edge-truncated","muted-cover","track-boundary"],"note":"The visible olive fragment lacks distinct burn-like surface patterns.","visibility":"partial","center":[75.92248767614365,30.826437717267687],"polygon":[[0,786],[30,785],[35,889],[27,899],[0,900]],"holes":[],"bbox":[0,785,35,900],"obb":[[-6.98048675513991e-15,900],[6.123233995736757e-17,785],[35.00000000000001,785],[35,900]],"obbLonLat":[[75.92258155345917,30.826172840161217],[75.92258155345917,30.826702593643425],[75.92239379882812,30.826702593643425],[75.92239379882812,30.826172840161217],[75.92258155345917,30.826172840161217]],"angle":-90,"polygonAreaPixels":3688.5,"tileOrigin":[47707392,27507968],"tileWidth":1024,"tileHeight":1024,"zoom":18,"sourceRunId":"c98dd124-04f4-4d77-a5df-a104b4c0ad25","sourceDates":[20201109],"imageryRelease":"2021-12-21","isField":true,"edgeFragment":true}},{"type":"Feature","id":"T063.field_65","geometry":{"type":"Polygon","coordinates":[[[75.92239379882812,30.825749035270977],[75.92263519763947,30.82579049452757],[75.92257618904114,30.826154413900543],[75.92239379882812,30.826140594202712],[75.92239379882812,30.825749035270977]]]},"properties":{"id":"T063.field_65","tileId":"T063","modelObjectId":"field_65","label":"unburned-looking field","tags":["edge-truncated","faint-rows","olive-cover"],"note":"Faint rows are visible in muted olive cover without apparent ash-like markings.","visibility":"partial","center":[75.9225144982338,30.8259517247997],"polygon":[[0,907],[34,904],[45,983],[0,992]],"holes":[],"bbox":[0,904,45,992],"obb":[[33.763124803520896,902.2988054071046],[45.37346746306194,985.6821754165356],[0,992],[-11.610342659541047,908.616629990569]],"obbLonLat":[[75.92233151609662,30.82613314708923],[75.92239379882812,30.825749035270977],[75.92263720107505,30.825778138862912],[75.92257491834354,30.826162250564728],[75.92233151609662,30.82613314708923]],"angle":82.0730733173104,"polygonAreaPixels":3272,"tileOrigin":[47707392,27507968],"tileWidth":1024,"tileHeight":1024,"zoom":18,"sourceRunId":"c98dd124-04f4-4d77-a5df-a104b4c0ad25","sourceDates":[20201109],"imageryRelease":"2021-12-21","isField":true,"edgeFragment":true}},{"type":"Feature","id":"T063.field_66","geometry":{"type":"Polygon","coordinates":[[[75.92268347740173,30.825601624435894],[75.92299461364746,30.825601624435894],[75.92291414737701,30.82602542997678],[75.92286050319672,30.826089921960325],[75.92281222343445,30.826186659854415],[75.9226244688034,30.826149807334822],[75.92268347740173,30.825601624435894]]]},"properties":{"id":"T063.field_66","tileId":"T063","modelObjectId":"field_66","label":"unburned-looking field","tags":["edge-truncated","lengthwise-rows","vegetation-margin"],"note":"Pale lengthwise rows remain visible beside bordering trees, with no distinct burn pattern.","visibility":"partial","center":[75.92280954122543,30.82589414259073],"polygon":[[43,905],[78,897],[87,918],[97,932],[112,1024],[54,1024]],"holes":[],"bbox":[43,897,112,1024],"obb":[[54.49138776081782,1029.3159221397566],[42.56329645707883,900.2756616720349],[100.07190869626102,894.9597395322785],[112.00000000000001,1024.0000000000002]],"obbLonLat":[[75.92299461364746,30.825601624435894],[75.92293062637941,30.826196058444502],[75.92262212614307,30.82617157030787],[75.92268611341112,30.825577136147654],[75.92299461364746,30.825601624435894]],"angle":-95.28124062844513,"polygonAreaPixels":6379,"tileOrigin":[47707392,27507968],"tileWidth":1024,"tileHeight":1024,"zoom":18,"sourceRunId":"c98dd124-04f4-4d77-a5df-a104b4c0ad25","sourceDates":[20201109],"imageryRelease":"2021-12-21","isField":true,"edgeFragment":true}},{"type":"Feature","id":"T063.field_67","geometry":{"type":"Polygon","coordinates":[[[75.92239379882812,30.825601624435894],[75.92265665531158,30.825601624435894],[75.92263519763947,30.825753641855933],[75.92239379882812,30.82570757599648],[75.92239379882812,30.825601624435894]]]},"properties":{"id":"T063.field_67","tileId":"T063","modelObjectId":"field_67","label":"unburned-looking field","tags":["edge-truncated","small-fragment","olive-cover"],"note":"Only a small olive-toned corner is visible, without identifiable burn markings.","visibility":"partial","center":[75.92252522706985,30.825677633175992],"polygon":[[0,1001],[45,991],[49,1024],[0,1024]],"holes":[],"bbox":[0,991,49,1024],"obb":[[45,991.0000000000002],[49,1024.0000000000002],[0.7095022624434364,1029.8533936651586],[-3.2904977375565636,996.8533936651586]],"obbLonLat":[[75.92237614722274,30.825726677697617],[75.92239760489485,30.825574660234892],[75.92265665531158,30.825601624435894],[75.92263519763947,30.825753641855933],[75.92237614722274,30.825726677697617]],"angle":83.08877288097531,"polygonAreaPixels":1326,"tileOrigin":[47707392,27507968],"tileWidth":1024,"tileHeight":1024,"zoom":18,"sourceRunId":"c98dd124-04f4-4d77-a5df-a104b4c0ad25","sourceDates":[20201109],"imageryRelease":"2021-12-21","isField":true,"edgeFragment":true}},{"type":"Feature","id":"T063.field_68","geometry":{"type":"Polygon","coordinates":[[[75.92607378959656,30.826039249691192],[75.92609524726868,30.825813527440168],[75.92623472213745,30.825799707693267],[75.92628300189972,30.825919478766927],[75.92677652835846,30.82592869192026],[75.9267657995224,30.82613138106973],[75.92613816261292,30.826099135097287],[75.92607378959656,30.826039249691192]]]},"properties":{"id":"T063.field_68","tileId":"T063","modelObjectId":"field_68","label":"unburned-looking field","tags":["pale-residue","irregular-boundary","mixed-cover"],"note":"Pale residue and muted olive patches lack a coherent char-like pattern.","visibility":"clear","center":[75.92642515897751,30.825965544524717],"polygon":[[698,916],[815,909],[817,953],[725,955],[716,981],[690,978],[686,929]],"holes":[],"bbox":[686,909,817,981],"obb":[[685.2677973504151,916.7617557140778],[815.0000000000002,909.0000000000001],[818.9392196826324,974.8412432668512],[689.2070170330472,982.6029989809289]],"obbLonLat":[[75.92609099337656,30.825792323345734],[75.92678693114348,30.82582807851087],[75.9267657995224,30.82613138106973],[75.92606986175548,30.82609562601754],[75.92609099337656,30.825792323345734]],"angle":-3.42387124493068,"polygonAreaPixels":6066.5,"tileOrigin":[47707392,27507968],"tileWidth":1024,"tileHeight":1024,"zoom":18,"sourceRunId":"c98dd124-04f4-4d77-a5df-a104b4c0ad25","sourceDates":[20201109],"imageryRelease":"2021-12-21","isField":true,"edgeFragment":false}},{"type":"Feature","id":"T063.field_69","geometry":{"type":"Polygon","coordinates":[[[75.92680871486664,30.82583195376626],[75.92740952968597,30.825836560347238],[75.92744171619415,30.82597936424774],[75.92743635177612,30.826149807334822],[75.92682480812073,30.82613138106973],[75.92680871486664,30.82583195376626]]]},"properties":{"id":"T063.field_69","tileId":"T063","modelObjectId":"field_69","label":"unburned-looking field","tags":["tan-residue","faint-rows","mixed-cover"],"note":"Pale tan cover contains faint cultivation texture without apparent burn evidence.","visibility":"clear","center":[75.9271252155304,30.825990880682067],"polygon":[[826,909],[940,905],[941,942],[935,973],[823,974]],"holes":[],"bbox":[823,905,941,974],"obb":[[941.2762853726585,972.9439617377441],[823,974],[822.3933041052211,906.0500597847747],[940.6695894778796,904.9940215225188]],"obbLonLat":[[75.92743994373399,30.826149834875064],[75.92680546029624,30.826144970165174],[75.92680871486664,30.82583195376626],[75.92744319830439,30.825836818492018],[75.92743994373399,30.826149834875064]],"angle":179.48844413341294,"polygonAreaPixels":7631,"tileOrigin":[47707392,27507968],"tileWidth":1024,"tileHeight":1024,"zoom":18,"sourceRunId":"c98dd124-04f4-4d77-a5df-a104b4c0ad25","sourceDates":[20201109],"imageryRelease":"2021-12-21","isField":true,"edgeFragment":false}},{"type":"Feature","id":"T063.field_70","geometry":{"type":"Polygon","coordinates":[[[75.92536568641663,30.825601624435894],[75.92616498470306,30.825601624435894],[75.92619180679321,30.82577206819352],[75.92606842517853,30.825799707693267],[75.92603087425232,30.826048462833022],[75.92542469501495,30.82580431427579],[75.92536568641663,30.825601624435894]]]},"properties":{"id":"T063.field_70","tileId":"T063","modelObjectId":"field_70","label":"unburned-looking field","tags":["edge-truncated","olive-cover","faint-rows"],"note":"Muted olive cover and faint linear texture show no distinct ash-like pattern.","visibility":"partial","center":[75.92577874660492,30.82582504389439],"polygon":[[565,980],[678,927],[685,981],[708,987],[703,1024],[554,1024]],"holes":[],"bbox":[554,927,708,1024],"obb":[[708,1023.9999999999999],[554,1023.9999999999999],[554,927],[708,927]],"obbLonLat":[[75.92619180679321,30.826048462833022],[75.92536568641663,30.826048462833022],[75.92536568641663,30.825601624435894],[75.92619180679321,30.825601624435894],[75.92619180679321,30.826048462833022]],"angle":180,"polygonAreaPixels":9526,"tileOrigin":[47707392,27507968],"tileWidth":1024,"tileHeight":1024,"zoom":18,"sourceRunId":"c98dd124-04f4-4d77-a5df-a104b4c0ad25","sourceDates":[20201109],"imageryRelease":"2021-12-21","isField":true,"edgeFragment":true}},{"type":"Feature","id":"T063.field_71","geometry":{"type":"Polygon","coordinates":[[[75.92625081539154,30.82578128136099],[75.9262079000473,30.825601624435894],[75.92744171619415,30.825601624435894],[75.92740416526794,30.82579049452757],[75.92678725719452,30.82580431427579],[75.92676043510437,30.825887232723336],[75.92628836631775,30.825887232723336],[75.92625081539154,30.82578128136099]]]},"properties":{"id":"T063.field_71","tileId":"T063","modelObjectId":"field_71","label":"unburned-looking field","tags":["edge-truncated","green-cover","irregular-parcel"],"note":"Dark green cover has relatively continuous texture rather than the charcoal-and-pale pattern of the screened parcels above.","visibility":"partial","center":[75.92682480812073,30.82574442868581],"polygon":[[726,962],[814,962],[819,980],[934,983],[941,1024],[711,1024],[719,985]],"holes":[],"bbox":[711,962,941,1024],"obb":[[711,962],[941,962],[941,1024],[711,1024]],"obbLonLat":[[75.9262079000473,30.825601624435894],[75.92744171619415,30.825601624435894],[75.92744171619415,30.825887232723336],[75.9262079000473,30.825887232723336],[75.9262079000473,30.825601624435894]],"angle":0,"polygonAreaPixels":11261.5,"tileOrigin":[47707392,27507968],"tileWidth":1024,"tileHeight":1024,"zoom":18,"sourceRunId":"c98dd124-04f4-4d77-a5df-a104b4c0ad25","sourceDates":[20201109],"imageryRelease":"2021-12-21","isField":true,"edgeFragment":true}},{"type":"Feature","id":"T063.field_72","geometry":{"type":"Polygon","coordinates":[[[75.92747926712036,30.825942511648584],[75.92788696289062,30.82591487218994],[75.92788696289062,30.826057675973974],[75.92779576778412,30.82607149568374],[75.92750608921051,30.826080708822474],[75.92747926712036,30.825942511648584]]]},"properties":{"id":"T063.field_72","tileId":"T063","modelObjectId":"field_72","label":"unburned-looking field","tags":["edge-truncated","pale-residue","narrow-parcel"],"note":"The pale narrow fragment has no visible char or ash markings.","visibility":"partial","center":[75.9276831150055,30.825997790542004],"polygon":[[953,920],[1007,922],[1024,925],[1024,956],[948,950]],"holes":[],"bbox":[948,920,1024,956],"obb":[[1024,956],[948,950],[950.5622849277357,917.5443909153475],[1026.5622849277358,923.5443909153477]],"obbLonLat":[[75.92790070805808,30.826064381339236],[75.92749301228781,30.82609202075485],[75.92747926712036,30.825942511648584],[75.92788696289062,30.82591487218994],[75.92790070805808,30.826064381339236]],"angle":-175.48601154199872,"polygonAreaPixels":2319.5,"tileOrigin":[47707392,27507968],"tileWidth":1024,"tileHeight":1024,"zoom":18,"sourceRunId":"c98dd124-04f4-4d77-a5df-a104b4c0ad25","sourceDates":[20201109],"imageryRelease":"2021-12-21","isField":true,"edgeFragment":true}},{"type":"Feature","id":"T063.field_73","geometry":{"type":"Polygon","coordinates":[[[75.9274685382843,30.825762855025165],[75.92750608921051,30.825601624435894],[75.92788696289062,30.825601624435894],[75.92788696289062,30.825864199828427],[75.92749536037445,30.82586880640785],[75.9274685382843,30.825762855025165]]]},"properties":{"id":"T063.field_73","tileId":"T063","modelObjectId":"field_73","label":"unburned-looking field","tags":["edge-truncated","green-cover","faint-rows"],"note":"Green cover and faint rows show no apparent burn evidence.","visibility":"partial","center":[75.92767775058746,30.825735215514804],"polygon":[[951,966],[1024,967],[1024,1024],[953,1024],[946,989]],"holes":[],"bbox":[946,966,1024,1024],"obb":[[1024,966],[1024,1023.9999999999999],[946,1023.9999999999999],[946,966]],"obbLonLat":[[75.9274685382843,30.82586880640785],[75.9274685382843,30.825601624435894],[75.92788696289062,30.825601624435894],[75.92788696289062,30.82586880640785],[75.9274685382843,30.82586880640785]],"angle":90,"polygonAreaPixels":4307.5,"tileOrigin":[47707392,27507968],"tileWidth":1024,"tileHeight":1024,"zoom":18,"sourceRunId":"c98dd124-04f4-4d77-a5df-a104b4c0ad25","sourceDates":[20201109],"imageryRelease":"2021-12-21","isField":true,"edgeFragment":true}},{"type":"Feature","id":"T064.field_001","geometry":{"type":"Polygon","coordinates":[[[75.92788696289062,30.829986999992514],[75.92886865139008,30.829986999992514],[75.9289276599884,30.830092946713663],[75.9289276599884,30.83031865890364],[75.92788696289062,30.83031865890364],[75.92788696289062,30.829986999992514]]]},"properties":{"id":"T064.field_001","tileId":"T064","modelObjectId":"field_001","label":"unburned-looking field","tags":["edge-truncated","tan-residue","parallel-rows"],"note":"Pale linear residue and curved working marks are visible without distinct char-like patches.","visibility":"partial","center":[75.92840731143951,30.830152829591295],"polygon":[[0,0],[194,0],[194,49],[183,72],[0,72]],"holes":[],"bbox":[0,0,194,72],"obb":[[0,0],[194,0],[194,72],[0,72]],"obbLonLat":[[75.92788696289062,30.829986999992514],[75.9289276599884,30.829986999992514],[75.9289276599884,30.83031865890364],[75.92788696289062,30.83031865890364],[75.92788696289062,30.829986999992514]],"angle":0,"polygonAreaPixels":13841.5,"tileOrigin":[47708416,27507968],"tileWidth":1024,"tileHeight":1024,"zoom":18,"sourceRunId":"210a27a9-d6af-436a-9d55-238ce820a17e","sourceDates":[20201109],"imageryRelease":"2021-12-21","isField":true,"edgeFragment":true}},{"type":"Feature","id":"T064.field_002","geometry":{"type":"Polygon","coordinates":[[[75.92894911766052,30.830051489314954],[75.9289813041687,30.82996396808113],[75.92919588088989,30.82995475531503],[75.92924416065216,30.830019244659148],[75.92925488948822,30.83031865890364],[75.92897057533264,30.83031865890364],[75.92894911766052,30.830051489314954]]]},"properties":{"id":"T064.field_002","tileId":"T064","modelObjectId":"field_002","label":"unburned-looking field","tags":["edge-truncated","muted-green","linear-texture"],"note":"Muted green cover occupies this narrow parcel.","visibility":"partial","center":[75.92910200357437,30.830136707281763],"polygon":[[202,0],[255,0],[253,65],[244,79],[204,77],[198,58]],"holes":[],"bbox":[198,0,255,79],"obb":[[255.00000000000003,0],[252.56112556159852,79.2634192480492],[197.3979664223221,77.566091274533],[199.8368408607236,-1.6973279735162023]],"obbLonLat":[[75.92895897124276,30.83032647741687],[75.92894588810074,30.829961360447967],[75.9292418063462,30.829953541905],[75.92925488948822,30.83031865890364],[75.92895897124276,30.83032647741687]],"angle":91.76239102366053,"polygonAreaPixels":4122,"tileOrigin":[47708416,27507968],"tileWidth":1024,"tileHeight":1024,"zoom":18,"sourceRunId":"210a27a9-d6af-436a-9d55-238ce820a17e","sourceDates":[20201109],"imageryRelease":"2021-12-21","isField":true,"edgeFragment":true}},{"type":"Feature","id":"T064.field_003","geometry":{"type":"Polygon","coordinates":[[[75.92927098274231,30.830023851039208],[75.92932462692261,30.82996396808113],[75.92967331409454,30.82996396808113],[75.92976987361908,30.830046882936227],[75.92980206012726,30.83031865890364],[75.92928171157837,30.83031865890364],[75.92927098274231,30.830023851039208]]]},"properties":{"id":"T064.field_003","tileId":"T064","modelObjectId":"field_003","label":"unburned-looking field","tags":["edge-truncated","green-cover","faint-rows"],"note":"Fairly continuous green cover has faint cultivation lines and no distinct burn pattern.","visibility":"partial","center":[75.92953652143478,30.830141313656192],"polygon":[[260,0],[357,0],[351,59],[333,77],[268,77],[258,64]],"holes":[],"bbox":[258,0,357,77],"obb":[[258,0],[357,0],[357,77],[258,77]],"obbLonLat":[[75.92927098274231,30.82996396808113],[75.92980206012726,30.82996396808113],[75.92980206012726,30.83031865890364],[75.92927098274231,30.83031865890364],[75.92927098274231,30.82996396808113]],"angle":0,"polygonAreaPixels":7047,"tileOrigin":[47708416,27507968],"tileWidth":1024,"tileHeight":1024,"zoom":18,"sourceRunId":"210a27a9-d6af-436a-9d55-238ce820a17e","sourceDates":[20201109],"imageryRelease":"2021-12-21","isField":true,"edgeFragment":true}},{"type":"Feature","id":"T064.field_004","geometry":{"type":"Polygon","coordinates":[[[75.92981278896332,30.829986999992514],[75.93019366264343,30.82997318084634],[75.9302419424057,30.830019244659148],[75.93016147613525,30.830106765842583],[75.93012928962708,30.830217318802354],[75.93008100986481,30.83031865890364],[75.92982888221741,30.83031865890364],[75.92981278896332,30.829986999992514]]]},"properties":{"id":"T064.field_004","tileId":"T064","modelObjectId":"field_004","label":"unburned-looking field","tags":["edge-truncated","pale-residue","tree-border"],"note":"Tan cover is visible beside a diagonal tree belt.","visibility":"partial","center":[75.93002736568451,30.8301459200304],"polygon":[[362,0],[409,0],[418,22],[424,46],[439,65],[430,75],[359,72]],"holes":[],"bbox":[359,0,439,75],"obb":[[358.99826689774693,72.04159445407278],[362.0814558058925,-1.9549393414211433],[441.65164644714037,1.3604852686308533],[438.5684575389948,75.35701906412478]],"obbLonLat":[[75.93023962743152,30.829971536280002],[75.93025616694572,30.830312392010615],[75.92982931918039,30.83032766406896],[75.92981277966624,30.829986808392572],[75.93023962743152,30.829971536280002]],"angle":-87.61405596961119,"polygonAreaPixels":4605,"tileOrigin":[47708416,27507968],"tileWidth":1024,"tileHeight":1024,"zoom":18,"sourceRunId":"210a27a9-d6af-436a-9d55-238ce820a17e","sourceDates":[20201109],"imageryRelease":"2021-12-21","isField":true,"edgeFragment":true}},{"type":"Feature","id":"T064.field_005","geometry":{"type":"Polygon","coordinates":[[[75.93039751052856,30.830185074202245],[75.93044579029083,30.83005609569348],[75.93050479888916,30.82996857446384],[75.93079447746277,30.82996857446384],[75.93082666397095,30.830046882936227],[75.93090176582336,30.830042276557265],[75.93093395233154,30.82996857446384],[75.93098759651184,30.82996857446384],[75.93100368976593,30.83031865890364],[75.93034386634827,30.83031865890364],[75.93039751052856,30.830185074202245]]]},"properties":{"id":"T064.field_005","tileId":"T064","modelObjectId":"field_005","label":"unburned-looking field","tags":["edge-truncated","tan-cover","tree-border"],"note":"Pale textured cover dominates the visible parcel; trees obscure portions of its lower boundary.","visibility":"partial","center":[75.9306737780571,30.83014361684333],"polygon":[[458,0],[581,0],[578,76],[568,76],[562,60],[548,59],[542,76],[488,76],[477,57],[468,29]],"holes":[],"bbox":[458,0,581,76],"obb":[[458,0],[581,0],[581,76],[458,76]],"obbLonLat":[[75.93034386634827,30.82996857446384],[75.93100368976593,30.82996857446384],[75.93100368976593,30.83031865890364],[75.93034386634827,30.83031865890364],[75.93034386634827,30.82996857446384]],"angle":0,"polygonAreaPixels":7887.5,"tileOrigin":[47708416,27507968],"tileWidth":1024,"tileHeight":1024,"zoom":18,"sourceRunId":"210a27a9-d6af-436a-9d55-238ce820a17e","sourceDates":[20201109],"imageryRelease":"2021-12-21","isField":true,"edgeFragment":true}},{"type":"Feature","id":"T064.field_006","geometry":{"type":"Polygon","coordinates":[[[75.93103051185608,30.830023851039208],[75.93105733394623,30.82995475531503],[75.93172788619995,30.829959361698187],[75.93173325061798,30.83031865890364],[75.93104124069214,30.83031865890364],[75.93103051185608,30.830023851039208]]]},"properties":{"id":"T064.field_006","tileId":"T064","modelObjectId":"field_006","label":"unburned-looking field","tags":["edge-truncated","muted-green","uniform-cover"],"note":"Muted green cover is relatively even across the visible field.","visibility":"partial","center":[75.93138188123703,30.830136707281763],"polygon":[[588,0],[717,0],[716,78],[591,79],[586,64]],"holes":[],"bbox":[586,0,717,79],"obb":[[586,0],[717,0],[717,79],[586,79]],"obbLonLat":[[75.93103051185608,30.82995475531503],[75.93173325061798,30.82995475531503],[75.93173325061798,30.83031865890364],[75.93103051185608,30.83031865890364],[75.93103051185608,30.82995475531503]],"angle":0,"polygonAreaPixels":10145,"tileOrigin":[47708416,27507968],"tileWidth":1024,"tileHeight":1024,"zoom":18,"sourceRunId":"210a27a9-d6af-436a-9d55-238ce820a17e","sourceDates":[20201109],"imageryRelease":"2021-12-21","isField":true,"edgeFragment":true}},{"type":"Feature","id":"T064.field_007","geometry":{"type":"Polygon","coordinates":[[[75.93177080154419,30.830083733959945],[75.93242526054382,30.830074521205336],[75.93244135379791,30.83031865890364],[75.93176543712616,30.83031865890364],[75.93177080154419,30.830083733959945]]]},"properties":{"id":"T064.field_007","tileId":"T064","modelObjectId":"field_007","label":"unburned-looking field","tags":["edge-truncated","green-cover","bund-separated"],"note":"Green cover lies above a visible horizontal parcel boundary.","visibility":"partial","center":[75.93210339546204,30.830196590132104],"polygon":[[723,0],[849,0],[846,53],[724,51]],"holes":[],"bbox":[723,0,849,53],"obb":[[723,0],[849,0],[849,53],[723,53]],"obbLonLat":[[75.93176543712616,30.830074521205336],[75.93244135379791,30.830074521205336],[75.93244135379791,30.83031865890364],[75.93176543712616,30.83031865890364],[75.93176543712616,30.830074521205336]],"angle":0,"polygonAreaPixels":6449,"tileOrigin":[47708416,27507968],"tileWidth":1024,"tileHeight":1024,"zoom":18,"sourceRunId":"210a27a9-d6af-436a-9d55-238ce820a17e","sourceDates":[20201109],"imageryRelease":"2021-12-21","isField":true,"edgeFragment":true}},{"type":"Feature","id":"T064.field_008","geometry":{"type":"Polygon","coordinates":[[[75.93176007270813,30.829950148931644],[75.9320068359375,30.829922510626716],[75.93208193778992,30.829945542548046],[75.9324038028717,30.829945542548046],[75.9324198961258,30.830046882936227],[75.93177080154419,30.83005609569348],[75.93176007270813,30.829950148931644]]]},"properties":{"id":"T064.field_008","tileId":"T064","modelObjectId":"field_008","label":"unburned-looking field","tags":["narrow-parcel","muted-cover","bund-separated"],"note":"A narrow cultivated strip is separated from the larger field above.","visibility":"clear","center":[75.93208998441696,30.829989303183336],"polygon":[[724,57],[845,59],[842,81],[782,81],[768,86],[722,80]],"holes":[],"bbox":[722,57,845,86],"obb":[[722.3806077159439,56.97323318538749],[844.9999999999999,58.999999999999986],[844.5328098327072,87.26500512120177],[721.9134175486513,85.23823830658927]],"obbLonLat":[[75.93175960824365,30.82992601959417],[75.93241738992242,30.82991668352615],[75.9324198961258,30.830046882936227],[75.93176211444703,30.83005621899156],[75.93175960824365,30.82992601959417]],"angle":0.946951446773465,"polygonAreaPixels":2902,"tileOrigin":[47708416,27507968],"tileWidth":1024,"tileHeight":1024,"zoom":18,"sourceRunId":"210a27a9-d6af-436a-9d55-238ce820a17e","sourceDates":[20201109],"imageryRelease":"2021-12-21","isField":true,"edgeFragment":false}},{"type":"Feature","id":"T064.field_009","geometry":{"type":"Polygon","coordinates":[[[75.93246817588806,30.82969679750534],[75.93338012695312,30.829747467844093],[75.93338012695312,30.83031865890364],[75.93248426914215,30.83031865890364],[75.93246817588806,30.82969679750534]]]},"properties":{"id":"T064.field_009","tileId":"T064","modelObjectId":"field_009","label":"unburned-looking field","tags":["edge-truncated","linear-rows","mixed-cover"],"note":"Brown-green cultivation strips extend to the top and right image edges without distinct burn evidence.","visibility":"partial","center":[75.9329241514206,30.83000772870802],"polygon":[[857,0],[1024,0],[1024,124],[854,135]],"holes":[],"bbox":[854,0,1024,135],"obb":[[854,0],[1024,0],[1024,135],[854,135]],"obbLonLat":[[75.93246817588806,30.82969679750534],[75.93338012695312,30.82969679750534],[75.93338012695312,30.83031865890364],[75.93246817588806,30.83031865890364],[75.93246817588806,30.82969679750534]],"angle":0,"polygonAreaPixels":21812.5,"tileOrigin":[47708416,27507968],"tileWidth":1024,"tileHeight":1024,"zoom":18,"sourceRunId":"210a27a9-d6af-436a-9d55-238ce820a17e","sourceDates":[20201109],"imageryRelease":"2021-12-21","isField":true,"edgeFragment":true}},{"type":"Feature","id":"T064.field_010","geometry":{"type":"Polygon","coordinates":[[[75.932457447052,30.82894595207858],[75.93280076980591,30.828936739214782],[75.93288660049438,30.828973590664646],[75.93287587165833,30.829687584713607],[75.93246281147003,30.82966455273039],[75.932457447052,30.82894595207858]]]},"properties":{"id":"T064.field_010","tileId":"T064","modelObjectId":"field_010","label":"unburned-looking field","tags":["parallel-rows","brown-green-cover","track-border"],"note":"Repeated cultivation rows remain visible throughout this parcel.","visibility":"clear","center":[75.9326720237732,30.82931216269824],"polygon":[[853,142],[930,137],[932,292],[916,300],[852,298]],"holes":[],"bbox":[852,137,932,300],"obb":[[929.9999999999999,137],[932.1005451745806,299.79225103000533],[852.0364559490615,300.82533605227013],[849.9359107744808,138.03308502226474]],"obbLonLat":[[75.93244637441455,30.829682825914677],[75.93245764261695,30.828932937360207],[75.93288713986072,30.828937696196295],[75.93287587165833,30.829687584713607],[75.93244637441455,30.829682825914677]],"angle":89.26074064459216,"polygonAreaPixels":12481.5,"tileOrigin":[47708416,27507968],"tileWidth":1024,"tileHeight":1024,"zoom":18,"sourceRunId":"210a27a9-d6af-436a-9d55-238ce820a17e","sourceDates":[20201109],"imageryRelease":"2021-12-21","isField":true,"edgeFragment":false}},{"type":"Feature","id":"T064.field_011","geometry":{"type":"Polygon","coordinates":[[[75.9329241514206,30.828941345646797],[75.9331226348877,30.828932132782562],[75.93315482139587,30.829042687095004],[75.93327283859253,30.829065719227415],[75.93338012695312,30.82910717705182],[75.93338012695312,30.829719829480812],[75.93290269374847,30.829687584713607],[75.9329241514206,30.828941345646797]]]},"properties":{"id":"T064.field_011","tileId":"T064","modelObjectId":"field_011","label":"unburned-looking field","tags":["edge-truncated","row-texture","tree-border"],"note":"Brown-green rows are visible above trees along the lower-right boundary.","visibility":"partial","center":[75.9331414103508,30.82932598193956],"polygon":[[935,137],[1024,130],[1024,263],[1004,272],[982,277],[976,301],[939,299]],"holes":[],"bbox":[935,130,1024,301],"obb":[[939.0718964204113,301.91180502665657],[934.8814927646612,132.20045696877384],[1024,130.00000000000003],[1028.1904036557503,299.71134805788273]],"obbLonLat":[[75.93340260603006,30.828938068870357],[75.93338012695312,30.829719829480812],[75.93290205802612,30.8297096933073],[75.93292453710305,30.82892793261431],[75.93340260603006,30.828938068870357]],"angle":-91.41442321140217,"polygonAreaPixels":13213.5,"tileOrigin":[47708416,27507968],"tileWidth":1024,"tileHeight":1024,"zoom":18,"sourceRunId":"210a27a9-d6af-436a-9d55-238ce820a17e","sourceDates":[20201109],"imageryRelease":"2021-12-21","isField":true,"edgeFragment":true}},{"type":"Feature","id":"T064.field_012","geometry":{"type":"Polygon","coordinates":[[[75.92788696289062,30.82941120055038],[75.92821955680847,30.829425019777446],[75.9282249212265,30.829853414829604],[75.9281712770462,30.829936329780182],[75.92788696289062,30.829940936164217],[75.92788696289062,30.82941120055038]]]},"properties":{"id":"T064.field_012","tileId":"T064","modelObjectId":"field_012","label":"unburned-looking field","tags":["edge-truncated","patchy-cover","cultivation-marks"],"note":"Irregular pale vegetation or residue marks lie over muted green cover.","visibility":"partial","center":[75.92805594205856,30.82967606872269],"polygon":[[0,82],[53,83],[63,101],[62,194],[0,197]],"holes":[],"bbox":[0,82,63,197],"obb":[[-7.041719095097281e-15,197],[0,82],[63,82],[62.99999999999999,197]],"obbLonLat":[[75.9282249212265,30.82941120055038],[75.9282249212265,30.829940936164217],[75.92788696289062,30.829940936164217],[75.92788696289062,30.82941120055038],[75.9282249212265,30.82941120055038]],"angle":-90,"polygonAreaPixels":6976,"tileOrigin":[47708416,27507968],"tileWidth":1024,"tileHeight":1024,"zoom":18,"sourceRunId":"210a27a9-d6af-436a-9d55-238ce820a17e","sourceDates":[20201109],"imageryRelease":"2021-12-21","isField":true,"edgeFragment":true}},{"type":"Feature","id":"T064.field_013","geometry":{"type":"Polygon","coordinates":[[[75.92823028564453,30.82961388234788],[75.928675532341,30.829604669548186],[75.92867016792297,30.829922510626716],[75.92824637889862,30.829931723395912],[75.92823028564453,30.82961388234788]]]},"properties":{"id":"T064.field_013","tileId":"T064","modelObjectId":"field_013","label":"unburned-looking field","tags":["green-cover","uniform-tone","bund-separated"],"note":"This compact parcel has mostly continuous green cover.","visibility":"clear","center":[75.92845290899277,30.829768196611322],"polygon":[[67,84],[146,86],[147,155],[64,153]],"holes":[],"bbox":[64,84,147,155],"obb":[[147,155],[64,153],[65.66342666473234,83.967793413608],[148.66342666473233,85.967793413608]],"obbLonLat":[[75.92868445565702,30.82992265898266],[75.92823920896055,30.82993187175184],[75.92823028564453,30.82961388234788],[75.928675532341,30.829604669548186],[75.92868445565702,30.82992265898266]],"angle":-178.61964592655553,"polygonAreaPixels":5591,"tileOrigin":[47708416,27507968],"tileWidth":1024,"tileHeight":1024,"zoom":18,"sourceRunId":"210a27a9-d6af-436a-9d55-238ce820a17e","sourceDates":[20201109],"imageryRelease":"2021-12-21","isField":true,"edgeFragment":false}},{"type":"Feature","id":"T064.field_014","geometry":{"type":"Polygon","coordinates":[[[75.92871308326721,30.82961388234788],[75.92890620231628,30.829604669548186],[75.92894911766052,30.82972904226946],[75.92909395694733,30.82972904226946],[75.92915832996368,30.829798138156097],[75.92935144901276,30.829848808441362],[75.92932999134064,30.829885659541112],[75.92916369438171,30.82986262760542],[75.92912077903748,30.82983038288617],[75.92893838882446,30.829821170107255],[75.92884719371796,30.829839595664208],[75.9287828207016,30.829917904241803],[75.92871844768524,30.82991329785665],[75.92871308326721,30.82961388234788]]]},"properties":{"id":"T064.field_014","tileId":"T064","modelObjectId":"field_014","label":"unburned-looking field","tags":["irregular-parcel","green-cover","obscured-boundary"],"note":"Green cover follows an irregular bund beside the upper track; trees obscure part of its boundary.","visibility":"partial","center":[75.92903226613998,30.829761287022745],"polygon":[[155,88],[167,87],[179,104],[196,108],[230,106],[238,99],[269,94],[273,102],[237,113],[225,128],[198,128],[190,155],[154,153]],"holes":[],"bbox":[154,87,273,155],"obb":[[269.8092307692308,159.43384615384616],[151.39692307692303,152.85538461538462],[155.09230769230766,86.33846153846152],[273.5046153846154,92.91692307692307]],"obbLonLat":[[75.9293541559806,30.829890648612],[75.9287189428623,30.82992095154263],[75.92869911927446,30.82961454850414],[75.92933433239276,30.829584245476788],[75.9293541559806,30.829890648612]],"angle":-176.82016988013578,"polygonAreaPixels":3488,"tileOrigin":[47708416,27507968],"tileWidth":1024,"tileHeight":1024,"zoom":18,"sourceRunId":"210a27a9-d6af-436a-9d55-238ce820a17e","sourceDates":[20201109],"imageryRelease":"2021-12-21","isField":true,"edgeFragment":true}},{"type":"Feature","id":"T064.field_015","geometry":{"type":"Polygon","coordinates":[[[75.92788696289062,30.82889988775078],[75.92804789543152,30.828909100618116],[75.92810690402985,30.828992016384273],[75.92817664146423,30.82904729352193],[75.9282249212265,30.829033474240497],[75.92827320098877,30.829102570627764],[75.92824637889862,30.8293789556795],[75.92788696289062,30.8293789556795],[75.92788696289062,30.82889988775078]]]},"properties":{"id":"T064.field_015","tileId":"T064","modelObjectId":"field_015","label":"unburned-looking field","tags":["edge-truncated","pale-residue","tree-occlusion"],"note":"Pale irregular residue marks cover the visible field, with trees interrupting its lower edge.","visibility":"partial","center":[75.9280800819397,30.829139422013974],"polygon":[[0,204],[67,204],[72,264],[63,279],[54,276],[41,288],[30,306],[0,308]],"holes":[],"bbox":[0,204,72,308],"obb":[[0,204],[72,204],[72,308],[0,308]],"obbLonLat":[[75.92788696289062,30.82889988775078],[75.92827320098877,30.82889988775078],[75.92827320098877,30.8293789556795],[75.92788696289062,30.8293789556795],[75.92788696289062,30.82889988775078]],"angle":0,"polygonAreaPixels":6246,"tileOrigin":[47708416,27507968],"tileWidth":1024,"tileHeight":1024,"zoom":18,"sourceRunId":"210a27a9-d6af-436a-9d55-238ce820a17e","sourceDates":[20201109],"imageryRelease":"2021-12-21","isField":true,"edgeFragment":true}},{"type":"Feature","id":"T064.field_016","geometry":{"type":"Polygon","coordinates":[[[75.92831075191498,30.82892291991744],[75.92884719371796,30.828918313484554],[75.92890620231628,30.82896437780351],[75.92890083789825,30.82957703114379],[75.92831075191498,30.82957703114379],[75.92831075191498,30.82892291991744]]]},"properties":{"id":"T064.field_016","tileId":"T064","modelObjectId":"field_016","label":"unburned-looking field","tags":["straw-lines","curved-tracks","tan-cover"],"note":"Long pale residue lines and curved end turns are conspicuous.","visibility":"clear","center":[75.92860847711563,30.829247672879134],"polygon":[[79,161],[189,161],[190,294],[179,304],[79,303]],"holes":[],"bbox":[79,161,190,304],"obb":[[79,161],[190,161],[190,304],[79,304]],"obbLonLat":[[75.92831075191498,30.828918313484554],[75.92890620231628,30.828918313484554],[75.92890620231628,30.82957703114379],[75.92831075191498,30.82957703114379],[75.92831075191498,30.828918313484554]],"angle":0,"polygonAreaPixels":15701.5,"tileOrigin":[47708416,27507968],"tileWidth":1024,"tileHeight":1024,"zoom":18,"sourceRunId":"210a27a9-d6af-436a-9d55-238ce820a17e","sourceDates":[20201109],"imageryRelease":"2021-12-21","isField":true,"edgeFragment":false}},{"type":"Feature","id":"T064.field_017","geometry":{"type":"Polygon","coordinates":[[[75.92894375324249,30.82952636071509],[75.92894375324249,30.8289828035249],[75.92899739742279,30.828936739214782],[75.9293782711029,30.828932132782562],[75.92941582202911,30.8289828035249],[75.92941045761108,30.829609275948147],[75.92938899993896,30.82978431898275],[75.92933535575867,30.829798138156097],[75.92915832996368,30.82972904226946],[75.92897593975067,30.829604669548186],[75.92894375324249,30.82952636071509]]]},"properties":{"id":"T064.field_017","tileId":"T064","modelObjectId":"field_017","label":"unburned-looking field","tags":["muted-cover","irregular-boundary","uniform-texture"],"note":"Olive-brown cover is fairly uniform, with no clearly resolved char or ash patches.","visibility":"clear","center":[75.9291797876358,30.82936513644582],"polygon":[[203,155],[237,128],[270,113],[280,116],[284,154],[285,290],[278,301],[207,300],[197,290],[197,172]],"holes":[],"bbox":[197,113,285,301],"obb":[[196.99999999999997,301],[197,113],[285,113],[285,301]],"obbLonLat":[[75.92941582202911,30.828932132782562],[75.92941582202911,30.829798138156097],[75.92894375324249,30.829798138156097],[75.92894375324249,30.828932132782562],[75.92941582202911,30.828932132782562]],"angle":-90,"polygonAreaPixels":14678.5,"tileOrigin":[47708416,27507968],"tileWidth":1024,"tileHeight":1024,"zoom":18,"sourceRunId":"210a27a9-d6af-436a-9d55-238ce820a17e","sourceDates":[20201109],"imageryRelease":"2021-12-21","isField":true,"edgeFragment":false}},{"type":"Feature","id":"T064.field_018","geometry":{"type":"Polygon","coordinates":[[[75.92944800853729,30.82962309514669],[75.92947483062744,30.828973590664646],[75.92953383922577,30.828913707051438],[75.92965185642242,30.828909100618116],[75.92969477176666,30.828978197094884],[75.92969477176666,30.82969219110958],[75.92961430549622,30.829752074237188],[75.92963576316833,30.829885659541112],[75.92948019504547,30.8298764467675],[75.92944800853729,30.82962309514669]]]},"properties":{"id":"T064.field_018","tileId":"T064","modelObjectId":"field_018","label":"unburned-looking field","tags":["narrow-parcel","pale-residue","lengthwise-rows"],"note":"Pale lengthwise residue bands distinguish this strip from adjoining fields.","visibility":"clear","center":[75.92957139015198,30.82939738132133],"polygon":[[297,96],[326,94],[322,123],[337,136],[337,291],[329,306],[307,305],[296,292],[291,151]],"holes":[],"bbox":[291,94,337,306],"obb":[[337,94],[337,306],[291,306],[291,94]],"obbLonLat":[[75.92944800853729,30.829885659541112],[75.92944800853729,30.828909100618116],[75.92969477176666,30.828909100618116],[75.92969477176666,30.829885659541112],[75.92944800853729,30.829885659541112]],"angle":90,"polygonAreaPixels":8495.5,"tileOrigin":[47708416,27507968],"tileWidth":1024,"tileHeight":1024,"zoom":18,"sourceRunId":"210a27a9-d6af-436a-9d55-238ce820a17e","sourceDates":[20201109],"imageryRelease":"2021-12-21","isField":true,"edgeFragment":false}},{"type":"Feature","id":"T064.field_019","geometry":{"type":"Polygon","coordinates":[[[75.92974305152893,30.829715223086158],[75.93098223209381,30.82971061669129],[75.93106806278229,30.82974286145076],[75.93105733394623,30.8298764467675],[75.93051016330719,30.829885659541112],[75.93035459518433,30.829858021217625],[75.93020975589752,30.829899478699875],[75.92974841594696,30.829867233993],[75.92974305152893,30.829715223086158]]]},"properties":{"id":"T064.field_019","tileId":"T064","modelObjectId":"field_019","label":"unburned-looking field","tags":["narrow-parcel","row-texture","tree-border"],"note":"A long cultivated strip has faint rows beneath scattered tree shadows along its upper edge.","visibility":"partial","center":[75.93040555715561,30.829805047742024],"polygon":[[347,98],[433,91],[460,100],[489,94],[591,96],[593,125],[577,132],[346,131]],"holes":[],"bbox":[346,91,593,132],"obb":[[592.9693976987369,132.0691315917694],[346,130.99999999999997],[346.1747873018253,90.62413327836288],[593.1441850005622,91.6932648701323]],"obbLonLat":[[75.93106883625089,30.829896285254268],[75.9297439891611,30.82990121008703],[75.92974305152893,30.829715223086158],[75.93106789861878,30.82971029824387],[75.93106883625089,30.829896285254268]],"angle":-179.7519678718435,"polygonAreaPixels":8888.5,"tileOrigin":[47708416,27507968],"tileWidth":1024,"tileHeight":1024,"zoom":18,"sourceRunId":"210a27a9-d6af-436a-9d55-238ce820a17e","sourceDates":[20201109],"imageryRelease":"2021-12-21","isField":true,"edgeFragment":true}},{"type":"Feature","id":"T064.field_020","geometry":{"type":"Polygon","coordinates":[[[75.92974305152893,30.829434232594373],[75.93100905418396,30.829434232594373],[75.93096613883972,30.82946647744668],[75.93098759651184,30.829535573522293],[75.93098759651184,30.8296829783174],[75.92974841594696,30.829678371920984],[75.92974305152893,30.829434232594373]]]},"properties":{"id":"T064.field_020","tileId":"T064","modelObjectId":"field_020","label":"unburned-looking field","tags":["green-cover","horizontal-rows","bund-separated"],"note":"Muted green cover and horizontal cultivation texture fill this parcel.","visibility":"clear","center":[75.93037605285645,30.829558605536455],"polygon":[[347,139],[578,138],[578,170],[574,185],[582,192],[346,192]],"holes":[],"bbox":[346,138,582,192],"obb":[[582,192],[346,192.00000000000006],[346,138.00000000000003],[582,137.99999999999997]],"obbLonLat":[[75.93100905418396,30.8296829783174],[75.92974305152893,30.8296829783174],[75.92974305152893,30.829434232594373],[75.93100905418396,30.829434232594373],[75.93100905418396,30.8296829783174]],"angle":180,"polygonAreaPixels":12355,"tileOrigin":[47708416,27507968],"tileWidth":1024,"tileHeight":1024,"zoom":18,"sourceRunId":"210a27a9-d6af-436a-9d55-238ce820a17e","sourceDates":[20201109],"imageryRelease":"2021-12-21","isField":true,"edgeFragment":false}},{"type":"Feature","id":"T064.field_021","geometry":{"type":"Polygon","coordinates":[[[75.92973232269287,30.829194699066758],[75.93102514743805,30.829190092646897],[75.9309983253479,30.82940198773123],[75.92974841594696,30.82940198773123],[75.92973232269287,30.829194699066758]]]},"properties":{"id":"T064.field_021","tileId":"T064","modelObjectId":"field_021","label":"unburned-looking field","tags":["muted-cover","horizontal-boundaries","even-texture"],"note":"The visible surface is evenly olive-toned between two horizontal bunds.","visibility":"clear","center":[75.93037873506546,30.829296040247534],"polygon":[[347,199],[580,199],[585,245],[344,244]],"holes":[],"bbox":[344,199,585,245],"obb":[[585,245],[344,244],[344.1907819978651,198.02153851451396],[585.1907819978651,199.02153851451396]],"obbLonLat":[[75.93102617087243,30.82940188851601],[75.92973334612725,30.829406494925696],[75.92973232269287,30.829194699066758],[75.93102514743805,30.829190092646897],[75.93102617087243,30.82940188851601]],"angle":-179.762259540707,"polygonAreaPixels":10783,"tileOrigin":[47708416,27507968],"tileWidth":1024,"tileHeight":1024,"zoom":18,"sourceRunId":"210a27a9-d6af-436a-9d55-238ce820a17e","sourceDates":[20201109],"imageryRelease":"2021-12-21","isField":true,"edgeFragment":false}},{"type":"Feature","id":"T064.field_022","geometry":{"type":"Polygon","coordinates":[[[75.92972159385681,30.828909100618116],[75.93025803565979,30.828895281316782],[75.930295586586,30.82895516494148],[75.93030095100403,30.829157847701765],[75.92973232269287,30.829162454123164],[75.92972159385681,30.828909100618116]]]},"properties":{"id":"T064.field_022","tileId":"T064","modelObjectId":"field_022","label":"unburned-looking field","tags":["muted-green","faint-rows","bund-separated"],"note":"A small green-brown parcel occupies the step beside the larger field.","visibility":"clear","center":[75.93001127243042,30.829028867812916],"polygon":[[344,251],[450,252],[449,296],[442,309],[342,306]],"holes":[],"bbox":[342,251,450,309],"obb":[[448.6040563492856,309.19812169047856],[341.99999999999994,306],[343.7156559096813,248.81146967729038],[450.31971225896694,252.00959136776896]],"obbLonLat":[[75.93030266607423,30.829157803519887],[75.9297307973523,30.8291725354153],[75.92972159385681,30.828909100618116],[75.93029346257876,30.828894368682274],[75.93030266607423,30.829157803519887]],"angle":-178.28164199834455,"polygonAreaPixels":5925.5,"tileOrigin":[47708416,27507968],"tileWidth":1024,"tileHeight":1024,"zoom":18,"sourceRunId":"210a27a9-d6af-436a-9d55-238ce820a17e","sourceDates":[20201109],"imageryRelease":"2021-12-21","isField":true,"edgeFragment":false}},{"type":"Feature","id":"T064.field_023","geometry":{"type":"Polygon","coordinates":[[[75.9303331375122,30.828365539933095],[75.93099296092987,30.828370146392515],[75.93098759651184,30.828752481753302],[75.93102514743805,30.828913707051438],[75.93101978302002,30.829157847701765],[75.93033850193024,30.829157847701765],[75.9303331375122,30.828365539933095]]]},"properties":{"id":"T064.field_023","tileId":"T064","modelObjectId":"field_023","label":"unburned-looking field","tags":["continuous-cover","olive-tone","tree-border"],"note":"Continuous olive cover lacks a distinct char-like or ash-like pattern.","visibility":"clear","center":[75.93067914247513,30.82876169463477],"polygon":[[457,252],[584,252],[585,305],[578,340],[579,423],[456,424]],"holes":[],"bbox":[456,252,585,424],"obb":[[456,424.00000000000006],[457.0042927159033,251.2616528646274],[585.3080953185737,252.00760520534058],[584.3038026026703,424.74595234071325]],"obbLonLat":[[75.93102141274417,30.828362103733767],[75.93102680019015,30.82915781266898],[75.93033852495819,30.829161248839824],[75.9303331375122,30.828365539933095],[75.93102141274417,30.828362103733767]],"angle":-89.66688875607863,"polygonAreaPixels":21346,"tileOrigin":[47708416,27507968],"tileWidth":1024,"tileHeight":1024,"zoom":18,"sourceRunId":"210a27a9-d6af-436a-9d55-238ce820a17e","sourceDates":[20201109],"imageryRelease":"2021-12-21","isField":true,"edgeFragment":false}},{"type":"Feature","id":"T064.field_024","geometry":{"type":"Polygon","coordinates":[[[75.93142211437225,30.829719829480812],[75.9314113855362,30.82963230794461],[75.93125581741333,30.829641520741657],[75.93105733394623,30.82959085034698],[75.93106269836426,30.829217731162693],[75.93113243579865,30.829139422013974],[75.93133628368378,30.8291256027458],[75.93165278434753,30.82914402843625],[75.93171179294586,30.829240763253097],[75.93178689479828,30.829254582504692],[75.93185663223267,30.829190092646897],[75.9319531917572,30.829157847701765],[75.93204438686371,30.829194699066758],[75.93204438686371,30.829853414829604],[75.93196392059326,30.829899478699875],[75.93143820762634,30.829885659541112],[75.93142211437225,30.829719829480812]]]},"properties":{"id":"T064.field_024","tileId":"T064","modelObjectId":"field_024","label":"unburned-looking field","tags":["muted-cover","irregular-edge","tree-occlusion"],"note":"Broad muted crop cover is visible, while tree crowns obscure several boundary sections.","visibility":"partial","center":[75.93155086040497,30.82951254150262],"polygon":[[662,94],[760,91],[775,101],[775,244],[758,252],[740,245],[727,231],[713,234],[702,255],[643,259],[605,256],[592,239],[591,158],[628,147],[657,149],[659,130]],"holes":[],"bbox":[591,91,775,259],"obb":[[587.6309164672839,96.27660459794029],[774.680120669926,90.55060855092063],[779.7086237386872,254.81504213044838],[592.659419536045,260.541038177468]],"obbLonLat":[[75.93106623576631,30.829118504071747],[75.93206964588978,30.829144880430274],[75.93204267089726,30.8299015487703],[75.93103926077379,30.829875172619666],[75.93106623576631,30.829118504071747]],"angle":-1.7534048600715397,"polygonAreaPixels":25037,"tileOrigin":[47708416,27507968],"tileWidth":1024,"tileHeight":1024,"zoom":18,"sourceRunId":"210a27a9-d6af-436a-9d55-238ce820a17e","sourceDates":[20201109],"imageryRelease":"2021-12-21","isField":true,"edgeFragment":true}},{"type":"Feature","id":"T064.field_025","geometry":{"type":"Polygon","coordinates":[[[75.932098031044,30.829655339935563],[75.93238770961761,30.829669159127473],[75.93239307403564,30.82991329785665],[75.93210875988007,30.82991329785665],[75.932098031044,30.829655339935563]]]},"properties":{"id":"T064.field_025","tileId":"T064","modelObjectId":"field_025","label":"unburned-looking field","tags":["green-cover","narrow-parcel","crop-transition"],"note":"Green cover contrasts with the pale parcel immediately below.","visibility":"clear","center":[75.93224555253983,30.82978431898275],"polygon":[[787,88],[840,88],[839,141],[785,144]],"holes":[],"bbox":[785,88,840,144],"obb":[[840.0000000000001,88],[838.9241992882563,145.01743772241997],[785.0000000000001,144.00000000000003],[786.0758007117439,86.98256227758007]],"obbLonLat":[[75.93210380208873,30.82991798456666],[75.932098031044,30.829655339935563],[75.93238730299092,30.829650653212724],[75.93239307403564,30.82991329785665],[75.93210380208873,30.82991798456666]],"angle":91.0809241866607,"polygonAreaPixels":2913.5,"tileOrigin":[47708416,27507968],"tileWidth":1024,"tileHeight":1024,"zoom":18,"sourceRunId":"210a27a9-d6af-436a-9d55-238ce820a17e","sourceDates":[20201109],"imageryRelease":"2021-12-21","isField":true,"edgeFragment":false}},{"type":"Feature","id":"T064.field_026","geometry":{"type":"Polygon","coordinates":[[[75.93207120895386,30.828849216964674],[75.93207657337189,30.828158249030757],[75.93212485313416,30.82810297138121],[75.93236088752747,30.828098364908985],[75.93235552310944,30.828264197770093],[75.93238770961761,30.82831486886496],[75.93240916728973,30.828872249143494],[75.93238234519958,30.82894595207858],[75.93238770961761,30.82963230794461],[75.93210339546204,30.82962770154576],[75.93207120895386,30.828849216964674]]]},"properties":{"id":"T064.field_026","tileId":"T064","modelObjectId":"field_026","label":"unburned-looking field","tags":["tan-residue","long-parcel","parallel-texture"],"note":"A long pale residue-covered parcel follows the track, without distinct burn evidence.","visibility":"clear","center":[75.9322401881218,30.828865339490427],"polygon":[[786,150],[839,149],[838,298],[843,314],[839,435],[833,446],[834,482],[790,481],[781,469],[780,319]],"holes":[],"bbox":[780,149,843,482],"obb":[[839.1791430046463,482.11770779556014],[776.325245224574,480.68921011874033],[783.8921011874031,147.74754775425913],[846.7459989674754,149.176045431079]],"obbLonLat":[[75.93242926239415,30.82963149700915],[75.93209208781167,30.82963807723889],[75.93205149603307,30.828104403026114],[75.93238867061558,30.828097822691273],[75.93242926239415,30.82963149700915]],"angle":-178.69804732742114,"polygonAreaPixels":18895,"tileOrigin":[47708416,27507968],"tileWidth":1024,"tileHeight":1024,"zoom":18,"sourceRunId":"210a27a9-d6af-436a-9d55-238ce820a17e","sourceDates":[20201109],"imageryRelease":"2021-12-21","isField":true,"edgeFragment":false}},{"type":"Feature","id":"T064.field_027","geometry":{"type":"Polygon","coordinates":[[[75.93245208263397,30.828319475326808],[75.93307971954346,30.828333294711012],[75.93311727046967,30.828402391602207],[75.93311727046967,30.828867642708172],[75.93289732933044,30.82889988775078],[75.93282222747803,30.828886068448135],[75.93244135379791,30.82887685557859],[75.93245208263397,30.828319475326808]]]},"properties":{"id":"T064.field_027","tileId":"T064","modelObjectId":"field_027","label":"unburned-looking field","tags":["tan-cover","fine-rows","track-border"],"note":"Fine pale cultivation rows cover the parcel enclosed by tracks.","visibility":"clear","center":[75.93277931213379,30.82860968197741],"polygon":[[849,313],[920,311],[934,308],[975,315],[975,416],[968,431],[851,434]],"holes":[],"bbox":[849,308,975,434],"obb":[[850.9999999999999,434],[848.9405940594058,309.4059405940594],[974.873130761352,307.3244110617958],[976.932536701946,431.91847046773637]],"obbLonLat":[[75.93312763740437,30.82832906381247],[75.93311658989003,30.828902999806512],[75.93244103511964,30.828893411378175],[75.93245208263397,30.828319475326808],[75.93312763740437,30.82832906381247]],"angle":-90.94695144677348,"polygonAreaPixels":15057.5,"tileOrigin":[47708416,27507968],"tileWidth":1024,"tileHeight":1024,"zoom":18,"sourceRunId":"210a27a9-d6af-436a-9d55-238ce820a17e","sourceDates":[20201109],"imageryRelease":"2021-12-21","isField":true,"edgeFragment":false}},{"type":"Feature","id":"T064.field_028","geometry":{"type":"Polygon","coordinates":[[[75.93315482139587,30.82843003034477],[75.93314409255981,30.82831486886496],[75.93338012695312,30.82830104947811],[75.93338012695312,30.82878933327389],[75.9333211183548,30.828798546151823],[75.93325138092041,30.82874787531223],[75.93316555023193,30.828793939712973],[75.93315482139587,30.82843003034477]]]},"properties":{"id":"T064.field_028","tileId":"T064","modelObjectId":"field_028","label":"unburned-looking field","tags":["edge-truncated","linear-rows","tree-occlusion"],"note":"Only a narrow cultivated portion is visible to the right of the pale field.","visibility":"partial","center":[75.93326210975647,30.82854979813721],"polygon":[[984,331],[1000,341],[1013,330],[1024,332],[1024,438],[980,435],[982,410]],"holes":[],"bbox":[980,330,1024,438],"obb":[[979.9497784342688,436.3057607090103],[984.0812407680945,328.8877400295421],[1028.1314623338258,330.5819793205318],[1024,438]],"obbLonLat":[[75.93338012695312,30.82830104947811],[75.93340228984417,30.828795865299707],[75.93316598604136,30.82880366970911],[75.93314382315037,30.82830885392776],[75.93338012695312,30.82830104947811]],"angle":-87.7974018382342,"polygonAreaPixels":4241.5,"tileOrigin":[47708416,27507968],"tileWidth":1024,"tileHeight":1024,"zoom":18,"sourceRunId":"210a27a9-d6af-436a-9d55-238ce820a17e","sourceDates":[20201109],"imageryRelease":"2021-12-21","isField":true,"edgeFragment":true}},{"type":"Feature","id":"T064.field_029","geometry":{"type":"Polygon","coordinates":[[[75.92788696289062,30.828411604517278],[75.92812836170197,30.828416210974478],[75.9281712770462,30.828499127166335],[75.92816054821014,30.828858429836867],[75.92788696289062,30.828853823400877],[75.92788696289062,30.828411604517278]]]},"properties":{"id":"T064.field_029","tileId":"T064","modelObjectId":"field_029","label":"unburned-looking field","tags":["edge-truncated","brown-cover","faint-rows"],"note":"Brown residue or sparse cover has faint parallel working marks.","visibility":"partial","center":[75.92802911996841,30.828635017437026],"polygon":[[0,318],[51,317],[53,395],[45,413],[0,414]],"holes":[],"bbox":[0,317,53,414],"obb":[[-1.8816295157571092,318.0368946963874],[51.470407378939285,316.99077632590314],[53.3520368946964,412.9538816295158],[1.7763568394002505e-15,414.00000000000006]],"obbLonLat":[[75.92788696289062,30.828411604517278],[75.92817316551927,30.828416423416783],[75.92816307167197,30.82885847232513],[75.9278768690433,30.828853653447812],[75.92788696289062,30.828411604517278]],"angle":-1.123302714075429,"polygonAreaPixels":4935,"tileOrigin":[47708416,27507968],"tileWidth":1024,"tileHeight":1024,"zoom":18,"sourceRunId":"210a27a9-d6af-436a-9d55-238ce820a17e","sourceDates":[20201109],"imageryRelease":"2021-12-21","isField":true,"edgeFragment":true}},{"type":"Feature","id":"T064.field_030","geometry":{"type":"Polygon","coordinates":[[[75.9282249212265,30.828766301075177],[75.92823028564453,30.82802926779897],[75.92880964279175,30.82804308722496],[75.92883110046387,30.828195100779443],[75.92889547348022,30.8282595913056],[75.92898666858673,30.8282595913056],[75.92901885509491,30.8282411654454],[75.92898666858673,30.828858429836867],[75.92825174331665,30.828853823400877],[75.9282249212265,30.828766301075177]]]},"properties":{"id":"T064.field_030","tileId":"T064","modelObjectId":"field_030","label":"unburned-looking field","tags":["tan-cover","even-texture","tree-occlusion"],"note":"Pale cover dominates; a tree crown conceals part of the lower-right boundary.","visibility":"partial","center":[75.9286218881607,30.828443849713057],"polygon":[[68,318],[205,317],[211,451],[205,447],[188,447],[176,461],[172,494],[64,497],[63,337]],"holes":[],"bbox":[63,317,211,497],"obb":[[62.693713372402776,318.0387320191795],[210.0216302610549,316.96334576451784],[211.3279168886521,495.9246137453384],[64,497.00000000000006]],"obbLonLat":[[75.92823028564453,30.82802926779897],[75.9290206141782,30.82803422153946],[75.92901360671061,30.828858598682242],[75.928223278177,30.82885364498431],[75.92823028564453,30.82802926779897]],"angle":-0.4182099414970967,"polygonAreaPixels":24143,"tileOrigin":[47708416,27507968],"tileWidth":1024,"tileHeight":1024,"zoom":18,"sourceRunId":"210a27a9-d6af-436a-9d55-238ce820a17e","sourceDates":[20201109],"imageryRelease":"2021-12-21","isField":true,"edgeFragment":true}},{"type":"Feature","id":"T064.field_031","geometry":{"type":"Polygon","coordinates":[[[75.92905104160309,30.828084545490967],[75.92909932136536,30.82803387427452],[75.92957675457001,30.82803387427452],[75.92963576316833,30.82811679079658],[75.92963576316833,30.828844610528247],[75.92902958393097,30.828844610528247],[75.92905104160309,30.828084545490967]]]},"properties":{"id":"T064.field_031","tileId":"T064","modelObjectId":"field_031","label":"unburned-looking field","tags":["mottled-residue","tan-cover","cultivation-texture"],"note":"Tan residue forms repeated mottled patterns without coherent char-like areas.","visibility":"clear","center":[75.92933267354965,30.828439243257183],"polygon":[[213,320],[326,320],[326,478],[315,496],[226,496],[217,485]],"holes":[],"bbox":[213,320,326,496],"obb":[[213,320],[326,320],[326,496],[213,496]],"obbLonLat":[[75.92902958393097,30.82803387427452],[75.92963576316833,30.82803387427452],[75.92963576316833,30.828844610528247],[75.92902958393097,30.828844610528247],[75.92902958393097,30.82803387427452]],"angle":0,"polygonAreaPixels":19365.5,"tileOrigin":[47708416,27507968],"tileWidth":1024,"tileHeight":1024,"zoom":18,"sourceRunId":"210a27a9-d6af-436a-9d55-238ce820a17e","sourceDates":[20201109],"imageryRelease":"2021-12-21","isField":true,"edgeFragment":false}},{"type":"Feature","id":"T064.field_032","geometry":{"type":"Polygon","coordinates":[[[75.92966794967651,30.828729449545744],[75.92966258525848,30.828093758436527],[75.92972159385681,30.82804308722496],[75.93027412891388,30.828052300174495],[75.93026876449585,30.82845306262415],[75.93025267124176,30.828798546151823],[75.93017756938934,30.8288400040916],[75.92969477176666,30.828844610528247],[75.92966794967651,30.828729449545744]]]},"properties":{"id":"T064.field_032","tileId":"T064","modelObjectId":"field_032","label":"uncertain field","tags":["dark-surface","pale-streaks","mixed-texture","burn-ambiguous"],"note":"A very dark green-black surface contains branching tan streaks and patches. These could be exposed residue among crop or dark soil; distinct ash is not resolved.","visibility":"clear","center":[75.92996835708618,30.828443849713057],"polygon":[[337,320],[427,321],[441,330],[444,405],[445,492],[342,494],[331,483],[332,345]],"holes":[],"bbox":[331,320,445,494],"obb":[[443.0089828269485,318.7815059445179],[445.0093791281374,492.8159841479525],[331.12787318361956,494.124966974901],[329.12747688243064,320.09048877146637]],"obbLonLat":[[75.92965254026174,30.82884419369746],[75.92966327122369,30.828042511567702],[75.93027417922744,30.82804854136422],[75.93026344826546,30.82885022344362],[75.92965254026174,30.82884419369746]],"angle":89.3414568224364,"polygonAreaPixels":19123,"tileOrigin":[47708416,27507968],"tileWidth":1024,"tileHeight":1024,"zoom":18,"sourceRunId":"210a27a9-d6af-436a-9d55-238ce820a17e","sourceDates":[20201109],"imageryRelease":"2021-12-21","isField":true,"edgeFragment":false}},{"type":"Feature","id":"T064.field_033","geometry":{"type":"Polygon","coordinates":[[[75.9303331375122,30.828066119597167],[75.93045115470886,30.828079939017847],[75.9306925535202,30.828052300174495],[75.93078374862671,30.828075332544504],[75.93100368976593,30.828089151963844],[75.93099296092987,30.828328688249833],[75.93033850193024,30.828328688249833],[75.9303331375122,30.828066119597167]]]},"properties":{"id":"T064.field_033","tileId":"T064","modelObjectId":"field_033","label":"unburned-looking field","tags":["muted-cover","even-tone","bund-separated"],"note":"The surface is relatively uniform olive-brown above a visible lower bund.","visibility":"clear","center":[75.93066841363907,30.828190494311627],"polygon":[[457,432],[579,432],[581,484],[540,487],[523,492],[478,486],[456,489]],"holes":[],"bbox":[456,432,581,492],"obb":[[456,432],[581,432],[581,492],[456,492]],"obbLonLat":[[75.9303331375122,30.828052300174495],[75.93100368976593,30.828052300174495],[75.93100368976593,30.828328688249833],[75.9303331375122,30.828328688249833],[75.9303331375122,30.828052300174495]],"angle":0,"polygonAreaPixels":6876.5,"tileOrigin":[47708416,27507968],"tileWidth":1024,"tileHeight":1024,"zoom":18,"sourceRunId":"210a27a9-d6af-436a-9d55-238ce820a17e","sourceDates":[20201109],"imageryRelease":"2021-12-21","isField":true,"edgeFragment":false}},{"type":"Feature","id":"T064.field_034","geometry":{"type":"Polygon","coordinates":[[[75.93107879161835,30.828798546151823],[75.93111634254456,30.828646533552817],[75.9310895204544,30.82845306262415],[75.93109488487244,30.8282595913056],[75.93121290206909,30.828195100779443],[75.9314113855362,30.828250378375948],[75.93161523342133,30.82822273958167],[75.93182444572449,30.8282411654454],[75.931915640831,30.82831486886496],[75.93198001384735,30.82854979813721],[75.9319531917572,30.82876169463477],[75.93193173408508,30.828996622813627],[75.93173861503601,30.82905650637511],[75.93152403831482,30.829033474240497],[75.93131482601166,30.829065719227415],[75.93113243579865,30.829033474240497],[75.93107879161835,30.828798546151823]]]},"properties":{"id":"T064.field_034","tileId":"T064","modelObjectId":"field_034","label":"unburned-looking field","tags":["green-cover","tonal-variation","tree-border"],"note":"Bright and dark green cover coexist, with darker areas beside bordering trees rather than a clearly resolved char/ash pattern.","visibility":"partial","center":[75.93152940273285,30.82863041099032],"polygon":[[605,279],[639,272],[678,279],[718,274],[754,287],[758,338],[763,384],[751,435],[734,451],[695,455],[657,449],[620,461],[598,447],[597,405],[602,363],[595,330]],"holes":[],"bbox":[595,272,763,461],"obb":[[598.3731931668855,461.55453350854134],[593.5427069645202,273.1655716162943],[760.0486202365307,268.89618922470424],[764.879106438896,457.2851511169513]],"obbLonLat":[[75.93199009415983,30.828212213109307],[75.93196418141255,30.82908001670078],[75.93107097408932,30.829060350107955],[75.9310968868366,30.828192546338716],[75.93199009415983,30.828212213109307]],"angle":-91.46880071438584,"polygonAreaPixels":27673,"tileOrigin":[47708416,27507968],"tileWidth":1024,"tileHeight":1024,"zoom":18,"sourceRunId":"210a27a9-d6af-436a-9d55-238ce820a17e","sourceDates":[20201109],"imageryRelease":"2021-12-21","isField":true,"edgeFragment":true}},{"type":"Feature","id":"T064.field_035","geometry":{"type":"Polygon","coordinates":[[[75.92788696289062,30.827789730765943],[75.92817664146423,30.8278035502264],[75.92820346355438,30.827863434532063],[75.92820346355438,30.82842081743146],[75.92812299728394,30.828360933473455],[75.92788696289062,30.828351720553528],[75.92788696289062,30.827789730765943]]]},"properties":{"id":"T064.field_035","tileId":"T064","modelObjectId":"field_035","label":"unburned-looking field","tags":["edge-truncated","tan-cover","track-border"],"note":"Pale brown cover extends beyond the left edge.","visibility":"partial","center":[75.9280452132225,30.828105274617243],"polygon":[[0,427],[44,425],[59,412],[59,533],[54,546],[0,549]],"holes":[],"bbox":[0,412,59,549],"obb":[[59,412],[59.00000000000001,549],[0,549],[-8.388830574159373e-15,412]],"obbLonLat":[[75.92788696289062,30.82842081743146],[75.92788696289062,30.827789730765943],[75.92820346355438,30.827789730765943],[75.92820346355438,30.82842081743146],[75.92788696289062,30.82842081743146]],"angle":90,"polygonAreaPixels":7241,"tileOrigin":[47708416,27507968],"tileWidth":1024,"tileHeight":1024,"zoom":18,"sourceRunId":"210a27a9-d6af-436a-9d55-238ce820a17e","sourceDates":[20201109],"imageryRelease":"2021-12-21","isField":true,"edgeFragment":true}},{"type":"Feature","id":"T064.field_036","geometry":{"type":"Polygon","coordinates":[[[75.9282249212265,30.827531767138932],[75.92887938022614,30.827527160639292],[75.9288901090622,30.827923318800373],[75.92884182929993,30.827987809509096],[75.92823565006256,30.82798320303134],[75.9282249212265,30.827531767138932]]]},"properties":{"id":"T064.field_036","tileId":"T064","modelObjectId":"field_036","label":"unburned-looking field","tags":["curved-rows","mixed-cover","cultivation-marks"],"note":"Pale sweeping working lines cross muted green-brown cover.","visibility":"clear","center":[75.92855751514435,30.827757485350467],"polygon":[[65,507],[178,506],[187,520],[185,606],[63,605]],"holes":[],"bbox":[63,506,187,606],"obb":[[186.2949949613705,606.0106147127982],[63,605],[63.81914679207256,505.06409136714814],[187.11414175344305,506.0747060799462]],"obbLonLat":[[75.92889072136629,30.827987465377213],[75.92822931547232,30.82799212075121],[75.9282249212265,30.827531767138932],[75.92888632712044,30.827527111742626],[75.92889072136629,30.827987465377213]],"angle":-179.53037298031035,"polygonAreaPixels":12033.5,"tileOrigin":[47708416,27507968],"tileWidth":1024,"tileHeight":1024,"zoom":18,"sourceRunId":"210a27a9-d6af-436a-9d55-238ce820a17e","sourceDates":[20201109],"imageryRelease":"2021-12-21","isField":true,"edgeFragment":false}},{"type":"Feature","id":"T064.field_037","geometry":{"type":"Polygon","coordinates":[[[75.92788696289062,30.827259983282097],[75.92814445495605,30.827259983282097],[75.92818200588226,30.82729683537557],[75.92819273471832,30.827752878861656],[75.92788696289062,30.827748272372634],[75.92788696289062,30.827259983282097]]]},"properties":{"id":"T064.field_037","tileId":"T064","modelObjectId":"field_037","label":"unburned-looking field","tags":["edge-truncated","muted-cover","linear-texture"],"note":"A narrow visible field fragment has faint cultivation lines.","visibility":"partial","center":[75.92803984880447,30.827506431388187],"polygon":[[0,558],[57,557],[55,656],[48,664],[0,664]],"holes":[],"bbox":[0,557,57,664],"obb":[[57.00000000000001,664],[0,664],[-1.3103720750876673e-14,557],[57,557]],"obbLonLat":[[75.92819273471832,30.827752878861656],[75.92788696289062,30.827752878861656],[75.92788696289062,30.827259983282097],[75.92819273471832,30.827259983282097],[75.92819273471832,30.827752878861656]],"angle":180,"polygonAreaPixels":5927.5,"tileOrigin":[47708416,27507968],"tileWidth":1024,"tileHeight":1024,"zoom":18,"sourceRunId":"210a27a9-d6af-436a-9d55-238ce820a17e","sourceDates":[20201109],"imageryRelease":"2021-12-21","isField":true,"edgeFragment":true}},{"type":"Feature","id":"T064.field_038","geometry":{"type":"Polygon","coordinates":[[[75.92820882797241,30.827425817591322],[75.92820882797241,30.82730604839673],[75.92878818511963,30.82729683537557],[75.9288740158081,30.827324474436388],[75.9288740158081,30.827494915135635],[75.92824101448059,30.827499521636817],[75.92820882797241,30.827425817591322]]]},"properties":{"id":"T064.field_038","tileId":"T064","modelObjectId":"field_038","label":"unburned-looking field","tags":["green-cover","even-texture","crop-transition"],"note":"Continuous green cover contrasts with the worked parcel above.","visibility":"clear","center":[75.92854142189026,30.82739817855968],"polygon":[[66,612],[184,613],[184,650],[168,656],[60,654],[60,628]],"holes":[],"bbox":[60,612,184,656],"obb":[[60.13601436265708,611.9503052064632],[184.3135368043088,613.0026570915619],[183.94800718132853,656.1351526032315],[59.77048473967683,655.0828007181328]],"obbLonLat":[[75.92820759675661,30.82730106046387],[75.92887373689689,30.827296212793637],[75.92887569775061,30.82749490289573],[75.92820955761033,30.827499750555944],[75.92820759675661,30.82730106046387]],"angle":0.48554583000813367,"polygonAreaPixels":5193,"tileOrigin":[47708416,27507968],"tileWidth":1024,"tileHeight":1024,"zoom":18,"sourceRunId":"210a27a9-d6af-436a-9d55-238ce820a17e","sourceDates":[20201109],"imageryRelease":"2021-12-21","isField":true,"edgeFragment":false}},{"type":"Feature","id":"T064.field_039","geometry":{"type":"Polygon","coordinates":[[[75.92891693115234,30.82785882804834],[75.92895448207855,30.827789730765943],[75.92958748340607,30.827785124278684],[75.92958748340607,30.827987809509096],[75.92895448207855,30.82798320303134],[75.92891693115234,30.82785882804834]]]},"properties":{"id":"T064.field_039","tileId":"T064","modelObjectId":"field_039","label":"unburned-looking field","tags":["green-cover","mottled-tone","tree-shadow"],"note":"Green cover is mottled near a tree-obscured upper-left corner.","visibility":"partial","center":[75.9292522072792,30.827886466947373],"polygon":[[199,507],[317,506],[317,550],[199,549],[192,534]],"holes":[],"bbox":[192,506,317,550],"obb":[[317,506],[317,550],[192,550],[192,506]],"obbLonLat":[[75.92891693115234,30.827987809509096],[75.92891693115234,30.827785124278684],[75.92958748340607,30.827785124278684],[75.92958748340607,30.827987809509096],[75.92891693115234,30.827987809509096]],"angle":90,"polygonAreaPixels":5221,"tileOrigin":[47708416,27507968],"tileWidth":1024,"tileHeight":1024,"zoom":18,"sourceRunId":"210a27a9-d6af-436a-9d55-238ce820a17e","sourceDates":[20201109],"imageryRelease":"2021-12-21","isField":true,"edgeFragment":true}},{"type":"Feature","id":"T064.field_040","geometry":{"type":"Polygon","coordinates":[[[75.92963576316833,30.82779433725298],[75.92996299266815,30.82779433725298],[75.93027412891388,30.827826582656073],[75.93027412891388,30.82800623541792],[75.92964112758636,30.827987809509096],[75.92963576316833,30.82779433725298]]]},"properties":{"id":"T064.field_040","tileId":"T064","modelObjectId":"field_040","label":"unburned-looking field","tags":["muted-green","pale-patches","narrow-parcel"],"note":"Muted green cover includes a few pale exposed patches.","visibility":"clear","center":[75.92995494604111,30.82790028639391],"polygon":[[327,506],[445,502],[445,541],[387,548],[326,548]],"holes":[],"bbox":[326,502,445,548],"obb":[[324.57905308464854,506.08206599713054],[445,502],[446.4909612625538,545.9833572453373],[326.07001434720235,550.0654232424679]],"obbLonLat":[[75.92963613875457,30.827784822907336],[75.93028212705335,30.827803626891015],[75.93027412891388,30.82800623541792],[75.92962814061508,30.82798743147393],[75.92963613875457,30.827784822907336]],"angle":-1.9414863909143774,"polygonAreaPixels":5010,"tileOrigin":[47708416,27507968],"tileWidth":1024,"tileHeight":1024,"zoom":18,"sourceRunId":"210a27a9-d6af-436a-9d55-238ce820a17e","sourceDates":[20201109],"imageryRelease":"2021-12-21","isField":true,"edgeFragment":false}},{"type":"Feature","id":"T064.field_041","geometry":{"type":"Polygon","coordinates":[[[75.92894375324249,30.82730144188626],[75.92909932136536,30.827283015842177],[75.92916905879974,30.827310654906974],[75.92917442321777,30.827752878861656],[75.92893838882446,30.827752878861656],[75.92894375324249,30.82730144188626]]]},"properties":{"id":"T064.field_041","tileId":"T064","modelObjectId":"field_041","label":"unburned-looking field","tags":["narrow-parcel","lengthwise-rows","muted-cover"],"note":"Fine lengthwise rows remain visible in this narrow strip.","visibility":"clear","center":[75.92905640602112,30.827517947639354],"polygon":[[196,557],[240,557],[239,653],[226,659],[197,655]],"holes":[],"bbox":[196,557,240,659],"obb":[[196,557],[240,557],[240,659],[196,659]],"obbLonLat":[[75.92893838882446,30.827283015842177],[75.92917442321777,30.827283015842177],[75.92917442321777,30.827752878861656],[75.92893838882446,30.827752878861656],[75.92893838882446,30.827283015842177]],"angle":0,"polygonAreaPixels":4284,"tileOrigin":[47708416,27507968],"tileWidth":1024,"tileHeight":1024,"zoom":18,"sourceRunId":"210a27a9-d6af-436a-9d55-238ce820a17e","sourceDates":[20201109],"imageryRelease":"2021-12-21","isField":true,"edgeFragment":false}},{"type":"Feature","id":"T064.field_042","geometry":{"type":"Polygon","coordinates":[[[75.92920660972595,30.82730604839673],[75.92932999134064,30.827292228864664],[75.92932999134064,30.827748272372634],[75.92921197414398,30.827748272372634],[75.92920660972595,30.82730604839673]]]},"properties":{"id":"T064.field_042","tileId":"T064","modelObjectId":"field_042","label":"unburned-looking field","tags":["pale-cover","narrow-strip","lengthwise-texture"],"note":"A pale cultivated strip is separated from greener neighboring cover.","visibility":"clear","center":[75.9292683005333,30.827520250889417],"polygon":[[247,558],[269,558],[269,657],[246,654]],"holes":[],"bbox":[246,558,269,657],"obb":[[246,558],[269,558],[269,657],[246,657]],"obbLonLat":[[75.92920660972595,30.827292228864664],[75.92932999134064,30.827292228864664],[75.92932999134064,30.827748272372634],[75.92920660972595,30.827748272372634],[75.92920660972595,30.827292228864664]],"angle":0,"polygonAreaPixels":2194.5,"tileOrigin":[47708416,27507968],"tileWidth":1024,"tileHeight":1024,"zoom":18,"sourceRunId":"210a27a9-d6af-436a-9d55-238ce820a17e","sourceDates":[20201109],"imageryRelease":"2021-12-21","isField":true,"edgeFragment":false}},{"type":"Feature","id":"T064.field_043","geometry":{"type":"Polygon","coordinates":[[[75.92936217784882,30.827292228864664],[75.92950701713562,30.827255376769422],[75.92958211898804,30.827264589794552],[75.92958211898804,30.827748272372634],[75.92936754226685,30.827748272372634],[75.92936217784882,30.827292228864664]]]},"properties":{"id":"T064.field_043","tileId":"T064","modelObjectId":"field_043","label":"unburned-looking field","tags":["green-cover","narrow-parcel","row-texture"],"note":"Alternating green tones follow the length of this parcel.","visibility":"clear","center":[75.92947214841843,30.827501824887335],"polygon":[[276,558],[316,558],[316,663],[302,665],[275,657]],"holes":[],"bbox":[275,558,316,665],"obb":[[275,558],[316,558],[316,665],[275,665]],"obbLonLat":[[75.92936217784882,30.827255376769422],[75.92958211898804,30.827255376769422],[75.92958211898804,30.827748272372634],[75.92936217784882,30.827748272372634],[75.92936217784882,30.827255376769422]],"angle":0,"polygonAreaPixels":4215.5,"tileOrigin":[47708416,27507968],"tileWidth":1024,"tileHeight":1024,"zoom":18,"sourceRunId":"210a27a9-d6af-436a-9d55-238ce820a17e","sourceDates":[20201109],"imageryRelease":"2021-12-21","isField":true,"edgeFragment":false}},{"type":"Feature","id":"T064.field_044","geometry":{"type":"Polygon","coordinates":[[[75.92963576316833,30.82722313117448],[75.92996299266815,30.827218524660033],[75.92994689941406,30.827407391571114],[75.92996835708618,30.827577832123165],[75.92994153499603,30.82766996202532],[75.92995762825012,30.827766698327427],[75.9296303987503,30.827762091839055],[75.92963576316833,30.82722313117448]]]},"properties":{"id":"T064.field_044","tileId":"T064","modelObjectId":"field_044","label":"unburned-looking field","tags":["muted-green","settlement-border","obscured-edge"],"note":"Muted crop cover is visible west of buildings, which interrupt the eastern field edge.","visibility":"partial","center":[75.92979937791824,30.827492611884956],"polygon":[[325,555],[386,554],[383,575],[388,595],[384,632],[387,673],[326,672]],"holes":[],"bbox":[325,554,388,673],"obb":[[326.01300219138056,673.5212563915267],[324.99590942293645,554.5214024835647],[387.6494521548576,553.9859021183345],[388.66654492330173,672.9857560262965]],"obbLonLat":[[75.92997193271177,30.827218590275113],[75.92996647660101,30.82776676326914],[75.92963037680673,30.827764296492983],[75.92963583291754,30.827216123484856],[75.92997193271177,30.827218590275113]],"angle":-90.48969559312924,"polygonAreaPixels":7076.5,"tileOrigin":[47708416,27507968],"tileWidth":1024,"tileHeight":1024,"zoom":18,"sourceRunId":"210a27a9-d6af-436a-9d55-238ce820a17e","sourceDates":[20201109],"imageryRelease":"2021-12-21","isField":true,"edgeFragment":true}},{"type":"Feature","id":"T064.field_045","geometry":{"type":"Polygon","coordinates":[[[75.9303331375122,30.827821976170583],[75.9303492307663,30.827757485350467],[75.9305477142334,30.827748272372634],[75.93060672283173,30.827785124278684],[75.93057990074158,30.82803387427452],[75.93037068843842,30.82804308722496],[75.9303331375122,30.827821976170583]]]},"properties":{"id":"T064.field_045","tileId":"T064","modelObjectId":"field_045","label":"unburned-looking field","tags":["green-cover","narrow-rows","small-parcel"],"note":"Greenish lengthwise cultivation bands occupy this small parcel.","visibility":"clear","center":[75.93046993017197,30.82789567991195],"polygon":[[463,494],[502,496],[507,550],[496,558],[459,556],[456,542]],"holes":[],"bbox":[456,494,507,558],"obb":[[458.4734426229508,493.76786885245895],[509.74885245901635,496.39737704918025],[506.56196721311466,558.5416393442623],[455.2865573770491,555.912131147541]],"obbLonLat":[[75.93032931030774,30.827757890117336],[75.93060437304075,30.827745777316846],[75.93062146882542,30.828032043766896],[75.93034640609241,30.828044156531263],[75.93032931030774,30.827757890117336]],"angle":2.935673446421173,"polygonAreaPixels":2804,"tileOrigin":[47708416,27507968],"tileWidth":1024,"tileHeight":1024,"zoom":18,"sourceRunId":"210a27a9-d6af-436a-9d55-238ce820a17e","sourceDates":[20201109],"imageryRelease":"2021-12-21","isField":true,"edgeFragment":false}},{"type":"Feature","id":"T064.field_046","geometry":{"type":"Polygon","coordinates":[[[75.9306389093399,30.827766698327427],[75.93097150325775,30.827789730765943],[75.93101441860199,30.82784040211123],[75.93100368976593,30.82804308722496],[75.93078911304474,30.82803387427452],[75.9306389093399,30.828020054847222],[75.9306389093399,30.827766698327427]]]},"properties":{"id":"T064.field_046","tileId":"T064","modelObjectId":"field_046","label":"unburned-looking field","tags":["tan-residue","curved-rows","mixed-cover"],"note":"Pale curved residue rows cross brown-green cover.","visibility":"clear","center":[75.93082666397095,30.82790489287565],"polygon":[[513,499],[541,496],[581,494],[583,538],[575,549],[513,554]],"holes":[],"bbox":[513,494,583,554],"obb":[[510.1770573566085,497.5411471321696],[581,494],[583.8229426433916,550.4588528678304],[513,554]],"obbLonLat":[[75.9306389093399,30.827766698327427],[75.93101883321035,30.827783010578713],[75.93100368976593,30.82804308722496],[75.93062376589549,30.828026775017857],[75.9306389093399,30.827766698327427]],"angle":-2.8624052261117474,"polygonAreaPixels":3779,"tileOrigin":[47708416,27507968],"tileWidth":1024,"tileHeight":1024,"zoom":18,"sourceRunId":"210a27a9-d6af-436a-9d55-238ce820a17e","sourceDates":[20201109],"imageryRelease":"2021-12-21","isField":true,"edgeFragment":false}},{"type":"Feature","id":"T064.field_047","geometry":{"type":"Polygon","coordinates":[[[75.9303331375122,30.82746266962115],[75.9305477142334,30.827458063118193],[75.93055844306946,30.827550193135274],[75.9306013584137,30.827596258110667],[75.93059599399567,30.82772063343381],[75.9303492307663,30.827716026943236],[75.9303331375122,30.82746266962115]]]},"properties":{"id":"T064.field_047","tileId":"T064","modelObjectId":"field_047","label":"unburned-looking field","tags":["muted-cover","irregular-edge","small-parcel"],"note":"A small muted green-brown parcel adjoins the brighter green field.","visibility":"clear","center":[75.93046724796295,30.827589348365766],"polygon":[[459,565],[505,564],[506,591],[498,601],[496,621],[456,620]],"holes":[],"bbox":[456,564,506,621],"obb":[[505.2442223610244,621.2311055590257],[456.00000000000006,620],[457.4297314178639,562.8107432854466],[506.67395377888823,564.0418488444723]],"obbLonLat":[[75.93060497378349,30.827720440657504],[75.93034080718922,30.82772611173337],[75.9303331375122,30.82746266962115],[75.9305973041065,30.827456998529716],[75.93060497378349,30.827720440657504]],"angle":-178.56790381583536,"polygonAreaPixels":2488,"tileOrigin":[47708416,27507968],"tileWidth":1024,"tileHeight":1024,"zoom":18,"sourceRunId":"210a27a9-d6af-436a-9d55-238ce820a17e","sourceDates":[20201109],"imageryRelease":"2021-12-21","isField":true,"edgeFragment":false}},{"type":"Feature","id":"T064.field_048","geometry":{"type":"Polygon","coordinates":[[[75.93032777309418,30.827278409330603],[75.93035995960236,30.827236950716497],[75.9306925535202,30.827236950716497],[75.93068718910217,30.82743042409583],[75.9303331375122,30.827425817591322],[75.93032777309418,30.827278409330603]]]},"properties":{"id":"T064.field_048","tileId":"T064","modelObjectId":"field_048","label":"unburned-looking field","tags":["tan-cover","uniform-tone","small-parcel"],"note":"Even pale brown cover fills the parcel below the short horizontal bund.","visibility":"clear","center":[75.93051016330719,30.827333687454896],"polygon":[[456,628],[522,627],[523,669],[461,669],[455,660]],"holes":[],"bbox":[455,627,523,669],"obb":[[454.51549231122334,628.022492540739],[522.3635529033738,626.9944916226762],[523,669.0000000000001],[455.15193940784945,670.028000918063]],"obbLonLat":[[75.93032858816068,30.8272322152161],[75.9306925535202,30.827236950716497],[75.93068913935193,30.8274304494702],[75.9303251739924,30.827425713979345],[75.93032858816068,30.8272322152161]],"angle":-0.8680514497455425,"polygonAreaPixels":2758,"tileOrigin":[47708416,27507968],"tileWidth":1024,"tileHeight":1024,"zoom":18,"sourceRunId":"210a27a9-d6af-436a-9d55-238ce820a17e","sourceDates":[20201109],"imageryRelease":"2021-12-21","isField":true,"edgeFragment":false}},{"type":"Feature","id":"T064.field_049","geometry":{"type":"Polygon","coordinates":[[[75.93063354492188,30.827734452904217],[75.93063354492188,30.82760086460699],[75.9306013584137,30.82755940613212],[75.9305852651596,30.827458063118193],[75.93072474002838,30.827458063118193],[75.93073010444641,30.827232344202706],[75.93111097812653,30.82724155723006],[75.9310895204544,30.82777591130349],[75.93073546886444,30.827757485350467],[75.93063354492188,30.827734452904217]]]},"properties":{"id":"T064.field_049","tileId":"T064","modelObjectId":"field_049","label":"unburned-looking field","tags":["green-cover","lengthwise-rows","stepped-boundary"],"note":"Dense green cover and fine parallel rows occupy this irregularly stepped parcel.","visibility":"clear","center":[75.93084812164307,30.827504128137786],"polygon":[[531,556],[597,552],[601,668],[530,670],[529,621],[503,621],[506,599],[512,590],[512,561]],"holes":[],"bbox":[503,552,601,670],"obb":[[597.0000000000001,552.0000000000001],[601.0000000000001,668.0000000000001],[504.73515439429934,671.3194774346794],[500.73515439429934,555.3194774346794]],"obbLonLat":[[75.93057311558101,30.827760620169922],[75.93059457325313,30.82722626601138],[75.93111097812653,30.82724155723006],[75.9310895204544,30.82777591130349],[75.93057311558101,30.827760620169922]],"angle":88.02506598911802,"polygonAreaPixels":9278,"tileOrigin":[47708416,27507968],"tileWidth":1024,"tileHeight":1024,"zoom":18,"sourceRunId":"210a27a9-d6af-436a-9d55-238ce820a17e","sourceDates":[20201109],"imageryRelease":"2021-12-21","isField":true,"edgeFragment":false}},{"type":"Feature","id":"T064.field_050","geometry":{"type":"Polygon","coordinates":[[[75.93106269836426,30.827785124278684],[75.93165814876556,30.827785124278684],[75.93166887760162,30.82784961508023],[75.93178689479828,30.827891073429775],[75.93179762363434,30.82800623541792],[75.93173861503601,30.828047693699837],[75.93168497085571,30.82811679079658],[75.93158304691315,30.828172068438175],[75.9314113855362,30.82814442962135],[75.93122363090515,30.828162855500114],[75.9310895204544,30.828139823151112],[75.93106269836426,30.827785124278684]]]},"properties":{"id":"T064.field_050","tileId":"T064","modelObjectId":"field_050","label":"unburned-looking field","tags":["straw-lines","curved-turns","irregular-edge"],"note":"Pale residue lines and broad turning marks cover the parcel; trees soften the northern boundary.","visibility":"partial","center":[75.9314301609993,30.827978596553358],"polygon":[[597,473],[622,468],[657,472],[689,466],[708,478],[718,493],[729,502],[727,527],[705,536],[703,550],[592,550]],"holes":[],"bbox":[592,466,729,550],"obb":[[729,550],[592,550],[592,466],[729,465.99999999999994]],"obbLonLat":[[75.93179762363434,30.828172068438175],[75.93106269836426,30.828172068438175],[75.93106269836426,30.827785124278684],[75.93179762363434,30.827785124278684],[75.93179762363434,30.828172068438175]],"angle":180,"polygonAreaPixels":9784.5,"tileOrigin":[47708416,27507968],"tileWidth":1024,"tileHeight":1024,"zoom":18,"sourceRunId":"210a27a9-d6af-436a-9d55-238ce820a17e","sourceDates":[20201109],"imageryRelease":"2021-12-21","isField":true,"edgeFragment":true}},{"type":"Feature","id":"T064.field_051","geometry":{"type":"Polygon","coordinates":[[[75.93114852905273,30.827227737688705],[75.93192100524902,30.827218524660033],[75.93193709850311,30.82731986792681],[75.93188881874084,30.827384359040877],[75.93181908130646,30.82744885011162],[75.93180298805237,30.827762091839055],[75.9311431646347,30.827743665883382],[75.93114852905273,30.827227737688705]]]},"properties":{"id":"T064.field_051","tileId":"T064","modelObjectId":"field_051","label":"unburned-looking field","tags":["tan-residue","curved-rows","worked-surface"],"note":"Numerous pale working lines cross the field, without a coherent char-like patch.","visibility":"clear","center":[75.93154013156891,30.82749030863423],"polygon":[[607,559],[730,555],[733,623],[746,637],[755,651],[752,673],[608,671]],"holes":[],"bbox":[607,555,755,673],"obb":[[608.0293343961737,674.2854523714627],[606.9740932642486,556.098445595855],[754.140932642487,554.7844559585492],[755.196173774412,672.971462734157]],"obbLonLat":[[75.93193815086124,30.827218656117363],[75.93193249010668,30.827763084740194],[75.93114302566016,30.827757031861946],[75.9311486864147,30.827212603204803],[75.93193815086124,30.827218656117363]],"angle":-90.51155586658706,"polygonAreaPixels":15105,"tileOrigin":[47708416,27507968],"tileWidth":1024,"tileHeight":1024,"zoom":18,"sourceRunId":"210a27a9-d6af-436a-9d55-238ce820a17e","sourceDates":[20201109],"imageryRelease":"2021-12-21","isField":true,"edgeFragment":false}},{"type":"Feature","id":"T064.field_052","geometry":{"type":"Polygon","coordinates":[[[75.93185126781464,30.827444243608007],[75.93196392059326,30.827379752534164],[75.93208193778992,30.82735211348926],[75.93229115009308,30.82735211348926],[75.9323501586914,30.827407391571114],[75.93236088752747,30.827950957680848],[75.93233942985535,30.82802926779897],[75.93210875988007,30.82802926779897],[75.93202292919159,30.828079939017847],[75.93187272548676,30.828070726070948],[75.93185126781464,30.827444243608007]]]},"properties":{"id":"T064.field_052","tileId":"T064","modelObjectId":"field_052","label":"unburned-looking field","tags":["tan-cover","irregular-boundary","tree-border"],"note":"Pale granular cover is visible between the western residue field and eastern track.","visibility":"partial","center":[75.93210607767105,30.827716026943236],"polygon":[[743,488],[771,486],[787,497],[830,497],[834,514],[832,632],[821,644],[782,644],[760,638],[739,624]],"holes":[],"bbox":[739,486,834,644],"obb":[[738.4494382022473,642.7191011235955],[743.0829732065688,485.17891097666376],[836.23768366465,487.9187554019014],[831.6041486603285,645.4589455488331]],"obbLonLat":[[75.93234803517936,30.827345392844457],[75.93237289139805,30.828071100322052],[75.93187317058971,30.828083721342367],[75.931848314371,30.827358013960183],[75.93234803517936,30.827345392844457]],"angle":-88.31531568210372,"polygonAreaPixels":13516,"tileOrigin":[47708416,27507968],"tileWidth":1024,"tileHeight":1024,"zoom":18,"sourceRunId":"210a27a9-d6af-436a-9d55-238ce820a17e","sourceDates":[20201109],"imageryRelease":"2021-12-21","isField":true,"edgeFragment":true}},{"type":"Feature","id":"T064.field_053","geometry":{"type":"Polygon","coordinates":[[[75.93244671821594,30.828195100779443],[75.93244671821594,30.827821976170583],[75.93248963356018,30.827757485350467],[75.93300998210907,30.827748272372634],[75.9331065416336,30.82777591130349],[75.93311190605164,30.828282623625864],[75.93248426914215,30.828264197770093],[75.93244671821594,30.828195100779443]]]},"properties":{"id":"T064.field_053","tileId":"T064","modelObjectId":"field_053","label":"unburned-looking field","tags":["horizontal-rows","muted-cover","track-border"],"note":"Repeated pale horizontal rows lie over muted green-brown cover.","visibility":"clear","center":[75.93277931213379,30.828015448371005],"polygon":[[857,446],[974,442],[973,552],[955,558],[858,556],[850,542],[850,461]],"holes":[],"bbox":[850,442,974,558],"obb":[[850,557.9999999999999],[850,442],[974,442],[974,558]],"obbLonLat":[[75.93311190605164,30.827748272372634],[75.93311190605164,30.828282623625864],[75.93244671821594,30.828282623625864],[75.93244671821594,30.827748272372634],[75.93311190605164,30.827748272372634]],"angle":-90,"polygonAreaPixels":13785.5,"tileOrigin":[47708416,27507968],"tileWidth":1024,"tileHeight":1024,"zoom":18,"sourceRunId":"210a27a9-d6af-436a-9d55-238ce820a17e","sourceDates":[20201109],"imageryRelease":"2021-12-21","isField":true,"edgeFragment":false}},{"type":"Feature","id":"T064.field_054","geometry":{"type":"Polygon","coordinates":[[[75.93314409255981,30.827766698327427],[75.93338012695312,30.827743665883382],[75.93338012695312,30.82827341069842],[75.93314945697784,30.82827341069842],[75.93314409255981,30.827766698327427]]]},"properties":{"id":"T064.field_054","tileId":"T064","modelObjectId":"field_054","label":"unburned-looking field","tags":["edge-truncated","muted-cover","cultivation-texture"],"note":"A narrow field continuation beyond a visible dividing line reaches the right edge.","visibility":"partial","center":[75.93326210975647,30.828008538656285],"polygon":[[981,444],[1024,444],[1024,559],[980,554]],"holes":[],"bbox":[980,444,1024,559],"obb":[[980,444],[1024,444],[1024,559],[980,559]],"obbLonLat":[[75.93314409255981,30.827743665883382],[75.93338012695312,30.827743665883382],[75.93338012695312,30.82827341069842],[75.93314409255981,30.82827341069842],[75.93314409255981,30.827743665883382]],"angle":0,"polygonAreaPixels":4895,"tileOrigin":[47708416,27507968],"tileWidth":1024,"tileHeight":1024,"zoom":18,"sourceRunId":"210a27a9-d6af-436a-9d55-238ce820a17e","sourceDates":[20201109],"imageryRelease":"2021-12-21","isField":true,"edgeFragment":true}},{"type":"Feature","id":"T064.field_055","geometry":{"type":"Polygon","coordinates":[[[75.93244671821594,30.827379752534164],[75.93247354030609,30.82727380281881],[75.9326559305191,30.827278409330603],[75.93277931213379,30.827324474436388],[75.9329080581665,30.82734290047252],[75.93297779560089,30.82745345661502],[75.93309581279755,30.82747648912868],[75.93307971954346,30.827591651614124],[75.93294560909271,30.82762850358029],[75.93247354030609,30.82762389708529],[75.93244671821594,30.827379752534164]]]},"properties":{"id":"T064.field_055","tileId":"T064","modelObjectId":"field_055","label":"uncertain field","tags":["mottled-surface","tree-shadow","boundary-ambiguous"],"note":"Patchy gray-brown ground is heavily affected by bordering trees and shadow, preventing reliable burn screening.","visibility":"partial","center":[75.93277126550674,30.827451153363345],"polygon":[[855,585],[943,584],[968,592],[971,617],[949,622],[936,646],[912,650],[889,660],[855,661],[850,638]],"holes":[],"bbox":[850,584,971,661],"obb":[[849.398450613299,585.0636539703036],[970.6214331826986,583.6861200774695],[971.4849580374436,659.6763072950291],[850.2619754680439,661.0538411878632]],"obbLonLat":[[75.93244812356187,30.827273554798737],[75.9330984143152,30.82727990042482],[75.93309378200689,30.82762994946653],[75.93244349125357,30.82762360386357],[75.93244812356187,30.827273554798737]],"angle":-0.6510603802294862,"polygonAreaPixels":7185.5,"tileOrigin":[47708416,27507968],"tileWidth":1024,"tileHeight":1024,"zoom":18,"sourceRunId":"210a27a9-d6af-436a-9d55-238ce820a17e","sourceDates":[20201109],"imageryRelease":"2021-12-21","isField":true,"edgeFragment":true}},{"type":"Feature","id":"T064.field_056","geometry":{"type":"Polygon","coordinates":[[[75.93313872814178,30.82728762235353],[75.93325674533844,30.827236950716497],[75.93338012695312,30.827250770256523],[75.93338012695312,30.82760086460699],[75.93313872814178,30.82760086460699],[75.93313872814178,30.82728762235353]]]},"properties":{"id":"T064.field_056","tileId":"T064","modelObjectId":"field_056","label":"unburned-looking field","tags":["edge-truncated","pale-cover","tree-border"],"note":"Pale cultivated ground is visible between trees and the right image edge.","visibility":"partial","center":[75.93325942754745,30.82741890783417],"polygon":[[979,590],[1024,590],[1024,666],[1001,669],[979,658]],"holes":[],"bbox":[979,590,1024,669],"obb":[[979,590],[1024,590],[1024,669],[979,669]],"obbLonLat":[[75.93313872814178,30.827236950716497],[75.93338012695312,30.827236950716497],[75.93338012695312,30.82760086460699],[75.93313872814178,30.82760086460699],[75.93313872814178,30.827236950716497]],"angle":0,"polygonAreaPixels":3399.5,"tileOrigin":[47708416,27507968],"tileWidth":1024,"tileHeight":1024,"zoom":18,"sourceRunId":"210a27a9-d6af-436a-9d55-238ce820a17e","sourceDates":[20201109],"imageryRelease":"2021-12-21","isField":true,"edgeFragment":true}},{"type":"Feature","id":"T064.field_057","geometry":{"type":"Polygon","coordinates":[[[75.92788696289062,30.827034263900934],[75.92817664146423,30.827034263900934],[75.92818200588226,30.82721391814537],[75.92788696289062,30.82721391814537],[75.92788696289062,30.827034263900934]]]},"properties":{"id":"T064.field_057","tileId":"T064","modelObjectId":"field_057","label":"unburned-looking field","tags":["edge-truncated","green-cover","small-parcel"],"note":"A green field fragment reaches the left image edge.","visibility":"partial","center":[75.92803448438644,30.82712409106517],"polygon":[[0,674],[55,674],[54,713],[0,713]],"holes":[],"bbox":[0,674,55,713],"obb":[[0,674],[55,674],[55,713],[0,713]],"obbLonLat":[[75.92788696289062,30.827034263900934],[75.92818200588226,30.827034263900934],[75.92818200588226,30.82721391814537],[75.92788696289062,30.82721391814537],[75.92788696289062,30.827034263900934]],"angle":0,"polygonAreaPixels":2125.5,"tileOrigin":[47708416,27507968],"tileWidth":1024,"tileHeight":1024,"zoom":18,"sourceRunId":"210a27a9-d6af-436a-9d55-238ce820a17e","sourceDates":[20201109],"imageryRelease":"2021-12-21","isField":true,"edgeFragment":true}},{"type":"Feature","id":"T064.field_058","geometry":{"type":"Polygon","coordinates":[[[75.92820346355438,30.827158639952117],[75.92820346355438,30.82701123128119],[75.92879354953766,30.82701583780558],[75.9288364648819,30.827163246469432],[75.92875063419342,30.82722313117448],[75.92823565006256,30.827209311630476],[75.92820346355438,30.827158639952117]]]},"properties":{"id":"T064.field_058","tileId":"T064","modelObjectId":"field_058","label":"unburned-looking field","tags":["pale-patches","tan-cover","tree-border"],"note":"Repeated pale patches sit on tan-brown cover; nearby trees obscure the eastern margin.","visibility":"partial","center":[75.92851996421814,30.827117181286297],"polygon":[[65,675],[161,672],[177,685],[169,717],[59,718],[59,686]],"holes":[],"bbox":[59,672,177,718],"obb":[[177.29022394843403,716.9246343277416],[59,718.0000000000001],[58.590281794892974,672.9309974382282],[176.880505743327,671.8556317659697]],"obbLonLat":[[75.92883582386474,30.82722379620882],[75.92820126565465,30.827218842521336],[75.92820346355438,30.82701123128119],[75.92883802176448,30.827016184979378],[75.92883582386474,30.82722379620882]],"angle":179.479143625498,"polygonAreaPixels":4938,"tileOrigin":[47708416,27507968],"tileWidth":1024,"tileHeight":1024,"zoom":18,"sourceRunId":"210a27a9-d6af-436a-9d55-238ce820a17e","sourceDates":[20201109],"imageryRelease":"2021-12-21","isField":true,"edgeFragment":true}},{"type":"Feature","id":"T064.field_059","geometry":{"type":"Polygon","coordinates":[[[75.92893838882446,30.82704808347014],[75.9289813041687,30.826992805181405],[75.92944800853729,30.826988198655908],[75.92950701713562,30.827020444329744],[75.92952847480774,30.827107968247013],[75.9294855594635,30.82722313117448],[75.92898666858673,30.827218524660033],[75.92893838882446,30.82704808347014]]]},"properties":{"id":"T064.field_059","tileId":"T064","modelObjectId":"field_059","label":"unburned-looking field","tags":["horizontal-rows","muted-green","rounded-corners"],"note":"Parallel rows cross a muted green parcel with rounded track-side corners.","visibility":"clear","center":[75.9292334318161,30.82710566498705],"polygon":[[205,673],[298,672],[306,697],[302,716],[291,723],[204,722],[196,710]],"holes":[],"bbox":[196,672,306,723],"obb":[[195.60323699421966,673.1010404624277],[305.730289017341,671.9168786127167],[306.27780346820805,722.8357225433525],[196.1507514450867,724.0198843930635]],"obbLonLat":[[75.92893919751822,30.82698350053222],[75.92952996506165,30.82698895540422],[75.92952702796529,30.827223514074333],[75.92893626042184,30.827218059215664],[75.92893919751822,30.82698350053222]],"angle":-0.6160599083992303,"polygonAreaPixels":5084,"tileOrigin":[47708416,27507968],"tileWidth":1024,"tileHeight":1024,"zoom":18,"sourceRunId":"210a27a9-d6af-436a-9d55-238ce820a17e","sourceDates":[20201109],"imageryRelease":"2021-12-21","isField":true,"edgeFragment":false}},{"type":"Feature","id":"T064.field_060","geometry":{"type":"Polygon","coordinates":[[[75.92960357666016,30.827089542165794],[75.92956066131592,30.82698359213019],[75.92950165271759,30.8269329203327],[75.92895984649658,30.826923707275732],[75.9288901090622,30.82687303544664],[75.92887938022614,30.82676708517212],[75.92897057533264,30.82672562633721],[75.93023121356964,30.826716413260357],[75.93027412891388,30.826757872099236],[75.93026340007782,30.82714942691681],[75.9296840429306,30.827158639952117],[75.92960357666016,30.827089542165794]]]},"properties":{"id":"T064.field_060","tileId":"T064","modelObjectId":"field_060","label":"unburned-looking field","tags":["straw-rows","curved-turns","stepped-parcel"],"note":"Dense pale residue rows follow this stepped parcel and curve around its corners.","visibility":"clear","center":[75.92957675457001,30.826937526860853],"polygon":[[335,686],[443,688],[445,773],[437,782],[202,780],[185,771],[187,748],[200,737],[301,735],[312,724],[320,701]],"holes":[],"bbox":[185,686,445,782],"obb":[[444.92283039707405,782.0674283438051],[184.92464104003335,779.8546777960855],[185.7342157200022,684.7296528997448],[445.7324050770429,686.9424034474644]],"obbLonLat":[[75.93027805784087,30.827154298754117],[75.92888331886618,30.827164491828],[75.92887897596918,30.826726295769504],[75.93027371494387,30.826716102649097],[75.93027805784087,30.827154298754117]],"angle":-179.5123881170751,"polygonAreaPixels":17647,"tileOrigin":[47708416,27507968],"tileWidth":1024,"tileHeight":1024,"zoom":18,"sourceRunId":"210a27a9-d6af-436a-9d55-238ce820a17e","sourceDates":[20201109],"imageryRelease":"2021-12-21","isField":true,"edgeFragment":false}},{"type":"Feature","id":"T064.field_061","geometry":{"type":"Polygon","coordinates":[[[75.93031704425812,30.827089542165794],[75.93031704425812,30.826909887688632],[75.93096613883972,30.826923707275732],[75.93097150325775,30.827158639952117],[75.93035995960236,30.827158639952117],[75.93031704425812,30.827089542165794]]]},"properties":{"id":"T064.field_061","tileId":"T064","modelObjectId":"field_061","label":"unburned-looking field","tags":["muted-green","horizontal-rows","track-separated"],"note":"Fine rows cover this field between intersecting tracks.","visibility":"clear","center":[75.93064427375793,30.827034263900934],"polygon":[[461,686],[575,686],[574,737],[453,740],[453,701]],"holes":[],"bbox":[453,686,575,740],"obb":[[453,686],[575,686],[575,740],[453,740]],"obbLonLat":[[75.93031704425812,30.826909887688632],[75.93097150325775,30.826909887688632],[75.93097150325775,30.827158639952117],[75.93031704425812,30.827158639952117],[75.93031704425812,30.826909887688632]],"angle":0,"polygonAreaPixels":6318,"tileOrigin":[47708416,27507968],"tileWidth":1024,"tileHeight":1024,"zoom":18,"sourceRunId":"210a27a9-d6af-436a-9d55-238ce820a17e","sourceDates":[20201109],"imageryRelease":"2021-12-21","isField":true,"edgeFragment":false}},{"type":"Feature","id":"T064.field_062","geometry":{"type":"Polygon","coordinates":[[[75.93103051185608,30.827080329123863],[75.93103051185608,30.82690528115916],[75.93192636966705,30.826919100746927],[75.93193709850311,30.82714942691681],[75.93106269836426,30.827158639952117],[75.93103051185608,30.827080329123863]]]},"properties":{"id":"T064.field_062","tileId":"T064","modelObjectId":"field_062","label":"unburned-looking field","tags":["continuous-cover","faint-rows","settlement-border"],"note":"Muted green cover extends toward buildings outside the eastern boundary.","visibility":"clear","center":[75.9314838051796,30.827031960639207],"polygon":[[592,686],[755,688],[753,738],[586,741],[586,703]],"holes":[],"bbox":[586,686,755,741],"obb":[[586,741],[586,686],[755,686],[755,741]],"obbLonLat":[[75.93193709850311,30.82690528115916],[75.93193709850311,30.827158639952117],[75.93103051185608,30.827158639952117],[75.93103051185608,30.82690528115916],[75.93193709850311,30.82690528115916]],"angle":-90,"polygonAreaPixels":8774.5,"tileOrigin":[47708416,27507968],"tileWidth":1024,"tileHeight":1024,"zoom":18,"sourceRunId":"210a27a9-d6af-436a-9d55-238ce820a17e","sourceDates":[20201109],"imageryRelease":"2021-12-21","isField":true,"edgeFragment":false}},{"type":"Feature","id":"T064.field_063","geometry":{"type":"Polygon","coordinates":[[[75.92788696289062,30.826619675900023],[75.9281176328659,30.826628888986153],[75.9281712770462,30.8266795609441],[75.92817664146423,30.82696055949829],[75.92788696289062,30.826951346443977],[75.92788696289062,30.826619675900023]]]},"properties":{"id":"T064.field_063","tileId":"T064","modelObjectId":"field_063","label":"unburned-looking field","tags":["edge-truncated","mixed-cover","lengthwise-texture"],"note":"Green-brown cover and pale vertical working marks are visible.","visibility":"partial","center":[75.92803180217743,30.82679011785044],"polygon":[[0,731],[54,729],[53,790],[43,801],[0,803]],"holes":[],"bbox":[0,729,54,803],"obb":[[-4.408728476930472e-15,803],[1.2246467991473515e-16,729],[54,729],[53.99999999999999,803]],"obbLonLat":[[75.92817664146423,30.826619675900023],[75.92817664146423,30.82696055949829],[75.92788696289062,30.82696055949829],[75.92788696289062,30.826619675900023],[75.92817664146423,30.826619675900023]],"angle":-90,"polygonAreaPixels":3780.5,"tileOrigin":[47708416,27507968],"tileWidth":1024,"tileHeight":1024,"zoom":18,"sourceRunId":"210a27a9-d6af-436a-9d55-238ce820a17e","sourceDates":[20201109],"imageryRelease":"2021-12-21","isField":true,"edgeFragment":true}},{"type":"Feature","id":"T064.field_064","geometry":{"type":"Polygon","coordinates":[[[75.92820882797241,30.826813150523236],[75.92821419239044,30.826661134780682],[75.92833757400513,30.82667034786283],[75.92842876911163,30.826707200182618],[75.92845559120178,30.826850002788213],[75.92840194702148,30.8269329203327],[75.92823565006256,30.8269329203327],[75.92820882797241,30.826813150523236]]]},"properties":{"id":"T064.field_064","tileId":"T064","modelObjectId":"field_064","label":"unburned-looking field","tags":["tan-residue","curved-marks","small-parcel"],"note":"Curved pale residue marks occupy this small irregular field.","visibility":"clear","center":[75.9283322095871,30.826797027652862],"polygon":[[65,735],[96,735],[106,753],[101,784],[84,792],[61,794],[60,761]],"holes":[],"bbox":[60,735,106,794],"obb":[[60,735],[106,735],[106,794],[60,794]],"obbLonLat":[[75.92820882797241,30.826661134780682],[75.92845559120178,30.826661134780682],[75.92845559120178,30.8269329203327],[75.92820882797241,30.8269329203327],[75.92820882797241,30.826661134780682]],"angle":0,"polygonAreaPixels":2290,"tileOrigin":[47708416,27507968],"tileWidth":1024,"tileHeight":1024,"zoom":18,"sourceRunId":"210a27a9-d6af-436a-9d55-238ce820a17e","sourceDates":[20201109],"imageryRelease":"2021-12-21","isField":true,"edgeFragment":false}},{"type":"Feature","id":"T064.field_065","geometry":{"type":"Polygon","coordinates":[[[75.93032777309418,30.826771691708224],[75.93048334121704,30.82676708517212],[75.93045651912689,30.826707200182618],[75.93032240867615,30.826711806721605],[75.93030631542206,30.826638102071414],[75.93054234981537,30.82664270861371],[75.93064427375793,30.82668416748441],[75.93072474002838,30.826624282443206],[75.93096613883972,30.826633495528906],[75.93096613883972,30.826877641977664],[75.9303331375122,30.826868428915397],[75.93032777309418,30.826771691708224]]]},"properties":{"id":"T064.field_065","tileId":"T064","modelObjectId":"field_065","label":"uncertain field","tags":["mixed-surface","vegetation-occlusion","boundary-ambiguous"],"note":"Small exposed cultivated areas are interspersed with vegetation and shadow, limiting surface interpretation.","visibility":"partial","center":[75.93063622713089,30.826750962294],"polygon":[[456,749],[574,747],[574,800],[529,802],[514,789],[495,798],[451,799],[454,783],[479,784],[484,771],[455,770]],"holes":[],"bbox":[451,747,574,802],"obb":[[450.15422171166,749.0990809879379],[573.9999999999999,747],[574.9190120620332,801.2217116599655],[451.07323377369335,803.3207926479034]],"obbLonLat":[[75.93030670827864,30.826618198154783],[75.93097106880461,30.826627867661887],[75.93096613883972,30.826877641977664],[75.93030177831378,30.82686797249572],[75.93030670827864,30.826618198154783]],"angle":-0.9710219310791666,"polygonAreaPixels":5661,"tileOrigin":[47708416,27507968],"tileWidth":1024,"tileHeight":1024,"zoom":18,"sourceRunId":"210a27a9-d6af-436a-9d55-238ce820a17e","sourceDates":[20201109],"imageryRelease":"2021-12-21","isField":true,"edgeFragment":true}},{"type":"Feature","id":"T064.field_066","geometry":{"type":"Polygon","coordinates":[[[75.93101978302002,30.82673023287531],[75.93101441860199,30.826403168121328],[75.93104660511017,30.82627418453174],[75.93188345432281,30.826264971411565],[75.93192636966705,30.826370922240173],[75.93192100524902,30.82667034786283],[75.93171715736389,30.82668416748441],[75.93171715736389,30.826854609320343],[75.9310519695282,30.82685921585225],[75.93101978302002,30.82673023287531]]]},"properties":{"id":"T064.field_066","tileId":"T064","modelObjectId":"field_066","label":"unburned-looking field","tags":["tan-residue","parallel-marks","irregular-boundary"],"note":"Pale worked cover and cultivation lines are visible around a vegetation-obscured northeastern indentation.","visibility":"partial","center":[75.93147039413452,30.826562094091646],"polygon":[[590,751],[714,752],[714,789],[752,792],[753,857],[745,880],[589,878],[583,850],[584,779]],"holes":[],"bbox":[583,751,753,880],"obb":[[752.7038619556286,880.0987674609696],[582.642070665571,877.9184880854561],[584.2777321281841,750.3368940016434],[754.3395234182416,752.5171733771568]],"obbLonLat":[[75.93193355543065,30.8268522269446],[75.93102127289126,30.826862270471068],[75.93101249851941,30.826274560021254],[75.9319247810588,30.82626451643331],[75.93193355543065,30.8268522269446]],"angle":-179.26547896574522,"polygonAreaPixels":19802,"tileOrigin":[47708416,27507968],"tileWidth":1024,"tileHeight":1024,"zoom":18,"sourceRunId":"210a27a9-d6af-436a-9d55-238ce820a17e","sourceDates":[20201109],"imageryRelease":"2021-12-21","isField":true,"edgeFragment":true}},{"type":"Feature","id":"T064.field_067","geometry":{"type":"Polygon","coordinates":[[[75.92886865139008,30.82650911879744],[75.92929780483246,30.826504512248725],[75.92930316925049,30.826693380564368],[75.9288901090622,30.826693380564368],[75.92886865139008,30.82650911879744]]]},"properties":{"id":"T064.field_067","tileId":"T064","modelObjectId":"field_067","label":"unburned-looking field","tags":["pale-cover","small-parcel","crop-transition"],"note":"A pale green-brown strip lies below the large residue field.","visibility":"clear","center":[75.92908591032028,30.826598946452986],"polygon":[[187,787],[264,787],[263,828],[183,827]],"holes":[],"bbox":[183,787,264,828],"obb":[[263.4874238400251,828.0060927980004],[183,827.0000000000001],[183.512576159975,785.9939072019998],[264.00000000000006,787.0000000000001]],"obbLonLat":[[75.92930316925049,30.826693380564368],[75.92887140106288,30.826698015170717],[75.92886865139008,30.82650911879744],[75.92930041957769,30.826504484181957],[75.92930316925049,30.826693380564368]],"angle":-179.2838400545296,"polygonAreaPixels":3180.5,"tileOrigin":[47708416,27507968],"tileWidth":1024,"tileHeight":1024,"zoom":18,"sourceRunId":"210a27a9-d6af-436a-9d55-238ce820a17e","sourceDates":[20201109],"imageryRelease":"2021-12-21","isField":true,"edgeFragment":false}},{"type":"Feature","id":"T064.field_068","geometry":{"type":"Polygon","coordinates":[[[75.92887938022614,30.82638013535017],[75.92930853366852,30.826375528795293],[75.92930853366852,30.82647226640162],[75.92888474464417,30.82647226640162],[75.92887938022614,30.82638013535017]]]},"properties":{"id":"T064.field_068","tileId":"T064","modelObjectId":"field_068","label":"unburned-looking field","tags":["green-cover","narrow-strip","bund-separated"],"note":"This narrow green strip is bounded by visible horizontal transitions.","visibility":"clear","center":[75.92909395694733,30.826423897610635],"polygon":[[186,835],[265,835],[265,856],[185,855]],"holes":[],"bbox":[185,835,265,856],"obb":[[185,835],[265,835],[265,856],[185,856]],"obbLonLat":[[75.92887938022614,30.826375528795293],[75.92930853366852,30.826375528795293],[75.92930853366852,30.82647226640162],[75.92887938022614,30.82647226640162],[75.92887938022614,30.826375528795293]],"angle":0,"polygonAreaPixels":1630,"tileOrigin":[47708416,27507968],"tileWidth":1024,"tileHeight":1024,"zoom":18,"sourceRunId":"210a27a9-d6af-436a-9d55-238ce820a17e","sourceDates":[20201109],"imageryRelease":"2021-12-21","isField":true,"edgeFragment":false}},{"type":"Feature","id":"T064.field_069","geometry":{"type":"Polygon","coordinates":[[[75.92887938022614,30.82619126641836],[75.92931389808655,30.82620047954561],[75.92931389808655,30.82635249601751],[75.92888474464417,30.826347889461296],[75.92887938022614,30.82619126641836]]]},"properties":{"id":"T064.field_069","tileId":"T064","modelObjectId":"field_069","label":"unburned-looking field","tags":["green-cover","fine-rows","small-parcel"],"note":"Dense green cover shows fine parallel cultivation texture.","visibility":"clear","center":[75.92909663915634,30.826271881251778],"polygon":[[186,862],[266,861],[266,894],[185,896]],"holes":[],"bbox":[185,861,266,896],"obb":[[184.57522262146537,862.0178097172316],[265.99999999999994,860.9999999999999],[266.42477737853454,894.9821902827682],[184.99999999999997,895.9999999999999]],"obbLonLat":[[75.92887938022614,30.82619126641836],[75.92931617676999,30.8261959550237],[75.92931389808655,30.82635249601751],[75.9288771015427,30.826347807419815],[75.92887938022614,30.82619126641836]],"angle":-0.7161599454704085,"polygonAreaPixels":2696,"tileOrigin":[47708416,27507968],"tileWidth":1024,"tileHeight":1024,"zoom":18,"sourceRunId":"210a27a9-d6af-436a-9d55-238ce820a17e","sourceDates":[20201109],"imageryRelease":"2021-12-21","isField":true,"edgeFragment":false}},{"type":"Feature","id":"T064.field_070","geometry":{"type":"Polygon","coordinates":[[[75.92934608459473,30.826237332045746],[75.92938899993896,30.826168233596388],[75.93026876449585,30.826159020466044],[75.93026876449585,30.826674954403583],[75.92935681343079,30.82668416748441],[75.92934608459473,30.826237332045746]]]},"properties":{"id":"T064.field_070","tileId":"T064","modelObjectId":"field_070","label":"unburned-looking field","tags":["mottled-residue","brown-cover","regular-texture"],"note":"Brown cover contains repeated pale residue marks rather than distinct char-like patches.","visibility":"clear","center":[75.92980742454529,30.82642159433426],"polygon":[[274,789],[444,791],[444,903],[280,901],[272,886]],"holes":[],"bbox":[272,789,444,903],"obb":[[273.14129532244675,788.9898975920288],[445.3174647107667,791.0154995848325],[444.00000000000006,903.0000000000001],[271.8238306116801,900.9743980071964]],"obbLonLat":[[75.92934513954847,30.826168351533628],[75.93026876449585,30.826159020466044],[75.9302758319273,30.826674883004124],[75.92935220697993,30.826684214021558],[75.92934513954847,30.826168351533628]],"angle":0.6740368979845054,"polygonAreaPixels":19101,"tileOrigin":[47708416,27507968],"tileWidth":1024,"tileHeight":1024,"zoom":18,"sourceRunId":"210a27a9-d6af-436a-9d55-238ce820a17e","sourceDates":[20201109],"imageryRelease":"2021-12-21","isField":true,"edgeFragment":false}},{"type":"Feature","id":"T064.field_071","geometry":{"type":"Polygon","coordinates":[[[75.93032240867615,30.826149807334822],[75.93093395233154,30.826140594202712],[75.93098759651184,30.826172840161217],[75.93098759651184,30.82653675808502],[75.93095541000366,30.826592036636317],[75.93032240867615,30.826587430091582],[75.93032240867615,30.826149807334822]]]},"properties":{"id":"T064.field_071","tileId":"T064","modelObjectId":"field_071","label":"unburned-looking field","tags":["tan-residue","parallel-texture","worked-surface"],"note":"Pale vertical marks and mottled residue cover the field.","visibility":"clear","center":[75.930655002594,30.826366315684844],"polygon":[[454,810],[572,809],[578,821],[578,900],[568,907],[454,905]],"holes":[],"bbox":[454,809,578,907],"obb":[[578,809],[578,907],[454,907],[454,809]],"obbLonLat":[[75.93032240867615,30.826592036636317],[75.93032240867615,30.826140594202712],[75.93098759651184,30.826140594202712],[75.93098759651184,30.826592036636317],[75.93032240867615,30.826592036636317]],"angle":90,"polygonAreaPixels":11908,"tileOrigin":[47708416,27507968],"tileWidth":1024,"tileHeight":1024,"zoom":18,"sourceRunId":"210a27a9-d6af-436a-9d55-238ce820a17e","sourceDates":[20201109],"imageryRelease":"2021-12-21","isField":true,"edgeFragment":false}},{"type":"Feature","id":"T064.field_072","geometry":{"type":"Polygon","coordinates":[[[75.92788696289062,30.8259517247997],[75.92803180217743,30.825947118224253],[75.92803716659546,30.825993183968777],[75.92798888683319,30.826062282544115],[75.92799425125122,30.82657361045608],[75.92788696289062,30.82657361045608],[75.92788696289062,30.8259517247997]]]},"properties":{"id":"T064.field_072","tileId":"T064","modelObjectId":"field_072","label":"unburned-looking field","tags":["edge-truncated","pale-cover","narrow-fragment"],"note":"A narrow pale cultivated fragment follows the left image edge.","visibility":"partial","center":[75.92796206474304,30.82626036485115],"polygon":[[0,813],[20,813],[19,924],[28,939],[27,949],[0,948]],"holes":[],"bbox":[0,813,28,949],"obb":[[0,813],[28,813],[28,949],[0,949]],"obbLonLat":[[75.92788696289062,30.825947118224253],[75.92803716659546,30.825947118224253],[75.92803716659546,30.82657361045608],[75.92788696289062,30.82657361045608],[75.92788696289062,30.825947118224253]],"angle":0,"polygonAreaPixels":2778.5,"tileOrigin":[47708416,27507968],"tileWidth":1024,"tileHeight":1024,"zoom":18,"sourceRunId":"210a27a9-d6af-436a-9d55-238ce820a17e","sourceDates":[20201109],"imageryRelease":"2021-12-21","isField":true,"edgeFragment":true}},{"type":"Feature","id":"T064.field_073","geometry":{"type":"Polygon","coordinates":[[[75.92804253101349,30.826062282544115],[75.9281176328659,30.825965544524717],[75.92823565006256,30.82592869192026],[75.92827320098877,30.82579049452757],[75.92832148075104,30.82583195376626],[75.92834830284119,30.82613138106973],[75.92831075191498,30.826172840161217],[75.92830002307892,30.826596643180817],[75.92804789543152,30.82658282354664],[75.92804253101349,30.826062282544115]]]},"properties":{"id":"T064.field_073","tileId":"T064","modelObjectId":"field_073","label":"unburned-looking field","tags":["green-cover","lengthwise-texture","obscured-boundary"],"note":"Green cover extends down a narrow parcel, with vegetation softening its upper boundary.","visibility":"partial","center":[75.92819541692734,30.826193569700255],"polygon":[[30,811],[77,808],[79,900],[86,909],[81,974],[72,983],[65,953],[43,945],[29,924]],"holes":[],"bbox":[29,808,86,983],"obb":[[28.481284259984335,982.6148786217697],[30.03022709475333,807.5843382928739],[86.8930305403289,808.0875489428348],[85.3440877055599,983.1180892717306]],"obbLonLat":[[75.92834478425345,30.825789950539516],[75.9283530934303,30.826596239882733],[75.92804805758229,30.826598557944905],[75.92803974840541,30.825792268621182],[75.92834478425345,30.825789950539516]],"angle":-89.49297093908523,"polygonAreaPixels":7297.5,"tileOrigin":[47708416,27507968],"tileWidth":1024,"tileHeight":1024,"zoom":18,"sourceRunId":"210a27a9-d6af-436a-9d55-238ce820a17e","sourceDates":[20201109],"imageryRelease":"2021-12-21","isField":true,"edgeFragment":true}},{"type":"Feature","id":"T064.field_074","geometry":{"type":"Polygon","coordinates":[[[75.92833757400513,30.826545971179108],[75.92833757400513,30.82625575829051],[75.92837512493134,30.826168233596388],[75.9284770488739,30.82616362703132],[75.92851459980011,30.82620969267197],[75.92849850654602,30.826624282443206],[75.9283697605133,30.826619675900023],[75.92833757400513,30.826545971179108]]]},"properties":{"id":"T064.field_074","tileId":"T064","modelObjectId":"field_074","label":"unburned-looking field","tags":["tan-cover","narrow-parcel","even-texture"],"note":"Pale tan cover fills this slender parcel beside greener fields.","visibility":"clear","center":[75.92842608690262,30.826393955013526],"polygon":[[90,803],[114,802],[117,892],[110,902],[91,901],[84,882],[84,819]],"holes":[],"bbox":[84,802,117,902],"obb":[[114.00000000000001,802.0000000000001],[117.32519422863487,901.7558268590456],[84.69478357380689,902.8435072142064],[81.36958934517203,803.087680355161]],"obbLonLat":[[75.92832346338278,30.826619271996666],[75.92834130111467,30.82615974136029],[75.92851634427791,30.826164751830795],[75.92849850654602,30.826624282443206],[75.92832346338278,30.826619271996666]],"angle":88.09084756700362,"polygonAreaPixels":2981,"tileOrigin":[47708416,27507968],"tileWidth":1024,"tileHeight":1024,"zoom":18,"sourceRunId":"210a27a9-d6af-436a-9d55-238ce820a17e","sourceDates":[20201109],"imageryRelease":"2021-12-21","isField":true,"edgeFragment":false}},{"type":"Feature","id":"T064.field_075","geometry":{"type":"Polygon","coordinates":[[[75.92855215072632,30.826168233596388],[75.92880964279175,30.82616362703132],[75.92882037162781,30.826545971179108],[75.92877745628357,30.826619675900023],[75.928675532341,30.82658282354664],[75.92855215072632,30.826610462813004],[75.92855215072632,30.826168233596388]]]},"properties":{"id":"T064.field_075","tileId":"T064","modelObjectId":"field_075","label":"uncertain field","tags":["patchy-cover","tree-shadow","haze"],"note":"Green-brown ground is mottled by vegetation and shadow, with insufficient detail to identify a burn pattern.","visibility":"partial","center":[75.92868626117706,30.826391651736447],"polygon":[[124,805],[147,811],[166,803],[174,819],[172,902],[124,901]],"holes":[],"bbox":[124,803,174,902],"obb":[[123.99999999999999,902],[124,803],[174,803],[174,902]],"obbLonLat":[[75.92882037162781,30.82616362703132],[75.92882037162781,30.826619675900023],[75.92855215072632,30.826619675900023],[75.92855215072632,30.82616362703132],[75.92882037162781,30.82616362703132]],"angle":-90,"polygonAreaPixels":4588,"tileOrigin":[47708416,27507968],"tileWidth":1024,"tileHeight":1024,"zoom":18,"sourceRunId":"210a27a9-d6af-436a-9d55-238ce820a17e","sourceDates":[20201109],"imageryRelease":"2021-12-21","isField":true,"edgeFragment":true}},{"type":"Feature","id":"T064.field_076","geometry":{"type":"Polygon","coordinates":[[[75.92836439609528,30.826057675973974],[75.92835366725922,30.82572139575664],[75.92839121818542,30.82566611670409],[75.92876136302948,30.825656903525573],[75.92881500720978,30.825698362821942],[75.92881500720978,30.82612216793585],[75.9283858537674,30.82612216793585],[75.92836439609528,30.826057675973974]]]},"properties":{"id":"T064.field_076","tileId":"T064","modelObjectId":"field_076","label":"unburned-looking field","tags":["muted-cover","fine-rows","rounded-boundary"],"note":"Muted green-brown cover shows fine lengthwise rows within track-defined edges.","visibility":"clear","center":[75.9285843372345,30.82588953601253],"polygon":[[93,911],[173,911],[173,1003],[163,1012],[94,1010],[87,998],[89,925]],"holes":[],"bbox":[87,911,173,1012],"obb":[[87,911],[173,911],[173,1012],[87,1012]],"obbLonLat":[[75.92835366725922,30.825656903525573],[75.92881500720978,30.825656903525573],[75.92881500720978,30.82612216793585],[75.92835366725922,30.82612216793585],[75.92835366725922,30.825656903525573]],"angle":0,"polygonAreaPixels":8387,"tileOrigin":[47708416,27507968],"tileWidth":1024,"tileHeight":1024,"zoom":18,"sourceRunId":"210a27a9-d6af-436a-9d55-238ce820a17e","sourceDates":[20201109],"imageryRelease":"2021-12-21","isField":true,"edgeFragment":false}},{"type":"Feature","id":"T064.field_077","geometry":{"type":"Polygon","coordinates":[[[75.92887938022614,30.825970151099273],[75.92950701713562,30.825960937949926],[75.92956066131592,30.825988577395314],[75.92954993247986,30.826149807334822],[75.92889547348022,30.826149807334822],[75.92887938022614,30.825970151099273]]]},"properties":{"id":"T064.field_077","tileId":"T064","modelObjectId":"field_077","label":"unburned-looking field","tags":["muted-green","pale-bands","narrow-parcel"],"note":"Pale horizontal bands cross a muted green surface.","visibility":"clear","center":[75.92922002077103,30.82605537268882],"polygon":[[188,905],[310,905],[312,940],[302,946],[185,944]],"holes":[],"bbox":[185,905,312,946],"obb":[[185,905],[312,905],[312,946],[185,946]],"obbLonLat":[[75.92887938022614,30.825960937949926],[75.92956066131592,30.825960937949926],[75.92956066131592,30.826149807334822],[75.92887938022614,30.826149807334822],[75.92887938022614,30.825960937949926]],"angle":0,"polygonAreaPixels":4966.5,"tileOrigin":[47708416,27507968],"tileWidth":1024,"tileHeight":1024,"zoom":18,"sourceRunId":"210a27a9-d6af-436a-9d55-238ce820a17e","sourceDates":[20201109],"imageryRelease":"2021-12-21","isField":true,"edgeFragment":false}},{"type":"Feature","id":"T064.field_078","geometry":{"type":"Polygon","coordinates":[[[75.92887938022614,30.825818134022022],[75.92888474464417,30.825601624435894],[75.92954993247986,30.825601624435894],[75.92955529689789,30.82592869192026],[75.92890620231628,30.825924085343708],[75.92887938022614,30.825818134022022]]]},"properties":{"id":"T064.field_078","tileId":"T064","modelObjectId":"field_078","label":"unburned-looking field","tags":["edge-truncated","tan-residue","curved-texture"],"note":"Pale cultivation patterns continue beyond the lower image edge.","visibility":"partial","center":[75.92921733856201,30.82576515831734],"polygon":[[190,954],[311,953],[310,1024],[186,1024],[185,977]],"holes":[],"bbox":[185,953,311,1024],"obb":[[311,1024],[185,1024],[185,953],[311,953]],"obbLonLat":[[75.92955529689789,30.82592869192026],[75.92887938022614,30.82592869192026],[75.92887938022614,30.825601624435894],[75.92955529689789,30.825601624435894],[75.92955529689789,30.82592869192026]],"angle":180,"polygonAreaPixels":8764,"tileOrigin":[47708416,27507968],"tileWidth":1024,"tileHeight":1024,"zoom":18,"sourceRunId":"210a27a9-d6af-436a-9d55-238ce820a17e","sourceDates":[20201109],"imageryRelease":"2021-12-21","isField":true,"edgeFragment":true}},{"type":"Feature","id":"T064.field_079","geometry":{"type":"Polygon","coordinates":[[[75.92959821224213,30.825601624435894],[75.93027949333191,30.825601624435894],[75.93026876449585,30.826112954801097],[75.92961430549622,30.82611756136858],[75.92959821224213,30.825601624435894]]]},"properties":{"id":"T064.field_079","tileId":"T064","modelObjectId":"field_079","label":"unburned-looking field","tags":["edge-truncated","mottled-residue","brown-cover"],"note":"Numerous pale residue marks lie across brown-green worked ground.","visibility":"partial","center":[75.92993885278702,30.82585959324878],"polygon":[[322,912],[444,913],[446,1024],[319,1024]],"holes":[],"bbox":[319,912,446,1024],"obb":[[446,1024],[319,1024],[319,912],[446,912]],"obbLonLat":[[75.93027949333191,30.82611756136858],[75.92959821224213,30.82611756136858],[75.92959821224213,30.825601624435894],[75.93027949333191,30.825601624435894],[75.93027949333191,30.82611756136858]],"angle":180,"polygonAreaPixels":13882,"tileOrigin":[47708416,27507968],"tileWidth":1024,"tileHeight":1024,"zoom":18,"sourceRunId":"210a27a9-d6af-436a-9d55-238ce820a17e","sourceDates":[20201109],"imageryRelease":"2021-12-21","isField":true,"edgeFragment":true}},{"type":"Feature","id":"T064.field_080","geometry":{"type":"Polygon","coordinates":[[[75.93030631542206,30.825753641855933],[75.93032777309418,30.825647690346166],[75.93093395233154,30.825647690346166],[75.93098223209381,30.825689149646518],[75.93097686767578,30.826062282544115],[75.93088030815125,30.826099135097287],[75.9303331375122,30.82609452852892],[75.93030631542206,30.825753641855933]]]},"properties":{"id":"T064.field_080","tileId":"T064","modelObjectId":"field_080","label":"uncertain field","tags":["dark-cover","pale-residue","burn-ambiguous"],"note":"A dark olive interior is bordered by irregular pale residue patches. Crop cover or dark soil remains a plausible explanation because ash-like texture is not distinct.","visibility":"clear","center":[75.93064427375793,30.825873412987058],"polygon":[[456,917],[558,916],[576,924],[577,1005],[568,1014],[455,1014],[451,991]],"holes":[],"bbox":[451,916,577,1014],"obb":[[450.2750600672754,917.0561268620855],[576.1257087938492,915.8222969726094],[577.0873618452669,1013.9109082172034],[451.23671311869293,1015.1447381066796]],"obbLonLat":[[75.93030758525018,30.825642417006996],[75.93098270073926,30.825648100755465],[75.93097754203032,30.826099953698407],[75.9303024265412,30.826094269976682],[75.93030758525018,30.825642417006996]],"angle":-0.561705332566547,"polygonAreaPixels":11900,"tileOrigin":[47708416,27507968],"tileWidth":1024,"tileHeight":1024,"zoom":18,"sourceRunId":"210a27a9-d6af-436a-9d55-238ce820a17e","sourceDates":[20201109],"imageryRelease":"2021-12-21","isField":true,"edgeFragment":false}},{"type":"Feature","id":"T064.field_081","geometry":{"type":"Polygon","coordinates":[[[75.93101441860199,30.825689149646518],[75.9310519695282,30.8256338705754],[75.93123972415924,30.825647690346166],[75.93124508857727,30.825818134022022],[75.93127727508545,30.825891839301658],[75.93126118183136,30.826232725483997],[75.93104660511017,30.826237332045746],[75.93101441860199,30.825689149646518]]]},"properties":{"id":"T064.field_081","tileId":"T064","modelObjectId":"field_081","label":"uncertain field","tags":["muted-surface","shadow-confounder","obscured-edge"],"note":"A narrow muted field has dark vegetation or shadow along its lower boundary, limiting interpretation.","visibility":"partial","center":[75.93114584684372,30.82593560178467],"polygon":[[589,886],[629,887],[632,961],[626,977],[625,1014],[590,1017],[583,1005]],"holes":[],"bbox":[583,886,632,1017],"obb":[[582.414242445587,1016.6175248291893],[589.051137564274,884.9857716418961],[635.7140240895963,887.3385222230047],[629.0771289709093,1018.970275410298]],"obbLonLat":[[75.93126159558338,30.825624794322824],[75.93129719866323,30.826231166060435],[75.93104687943344,30.826242004151073],[75.93101127635362,30.825635632481905],[75.93126159558338,30.825624794322824]],"angle":-87.11358145613539,"polygonAreaPixels":5524,"tileOrigin":[47708416,27507968],"tileWidth":1024,"tileHeight":1024,"zoom":18,"sourceRunId":"210a27a9-d6af-436a-9d55-238ce820a17e","sourceDates":[20201109],"imageryRelease":"2021-12-21","isField":true,"edgeFragment":true}},{"type":"Feature","id":"T064.field_082","geometry":{"type":"Polygon","coordinates":[[[75.93130946159363,30.825864199828427],[75.93136847019196,30.82573060892897],[75.93145430088043,30.82566151011494],[75.93154549598694,30.82567532988173],[75.93164205551147,30.82577206819352],[75.9317010641098,30.825896445879756],[75.9317010641098,30.826228118922042],[75.9313040971756,30.826232725483997],[75.93130946159363,30.825864199828427]]]},"properties":{"id":"T064.field_082","tileId":"T064","modelObjectId":"field_082","label":"uncertain field","tags":["patchy-surface","dark-margins","vegetation-confounder"],"note":"Pale central ground contrasts with dark margins that may be vegetation or shadow rather than burned residue.","visibility":"partial","center":[75.9315025806427,30.825947118224253],"polygon":[[637,887],[711,888],[711,960],[700,987],[682,1008],[665,1011],[649,996],[638,967]],"holes":[],"bbox":[637,887,711,1011],"obb":[[711,887],[711.0000000000001,1011],[637.0000000000001,1011],[637,887]],"obbLonLat":[[75.9313040971756,30.826232725483997],[75.9313040971756,30.82566151011494],[75.9317010641098,30.82566151011494],[75.9317010641098,30.826232725483997],[75.9313040971756,30.826232725483997]],"angle":90,"polygonAreaPixels":7929.5,"tileOrigin":[47708416,27507968],"tileWidth":1024,"tileHeight":1024,"zoom":18,"sourceRunId":"210a27a9-d6af-436a-9d55-238ce820a17e","sourceDates":[20201109],"imageryRelease":"2021-12-21","isField":true,"edgeFragment":true}},{"type":"Feature","id":"T064.field_083","geometry":{"type":"Polygon","coordinates":[[[75.93172788619995,30.825891839301658],[75.93194246292114,30.8258826261448],[75.93194246292114,30.826237332045746],[75.93172788619995,30.826232725483997],[75.93172788619995,30.825891839301658]]]},"properties":{"id":"T064.field_083","tileId":"T064","modelObjectId":"field_083","label":"unburned-looking field","tags":["muted-cover","narrow-parcel","even-tone"],"note":"Muted olive cover occupies this narrow parcel above the green edge fragment.","visibility":"clear","center":[75.93183517456055,30.826059979259067],"polygon":[[716,887],[756,886],[756,963],[716,961]],"holes":[],"bbox":[716,886,756,963],"obb":[[756,886],[756.0000000000001,963],[716,963],[715.9999999999999,886]],"obbLonLat":[[75.93172788619995,30.826237332045746],[75.93172788619995,30.8258826261448],[75.93194246292114,30.8258826261448],[75.93194246292114,30.826237332045746],[75.93172788619995,30.826237332045746]],"angle":90,"polygonAreaPixels":3020,"tileOrigin":[47708416,27507968],"tileWidth":1024,"tileHeight":1024,"zoom":18,"sourceRunId":"210a27a9-d6af-436a-9d55-238ce820a17e","sourceDates":[20201109],"imageryRelease":"2021-12-21","isField":true,"edgeFragment":false}},{"type":"Feature","id":"T064.field_084","geometry":{"type":"Polygon","coordinates":[[[75.93171179294586,30.825762855025165],[75.93170642852783,30.825601624435894],[75.93192100524902,30.825601624435894],[75.93193173408508,30.825854986668915],[75.93173861503601,30.825854986668915],[75.93171179294586,30.825762855025165]]]},"properties":{"id":"T064.field_084","tileId":"T064","modelObjectId":"field_084","label":"unburned-looking field","tags":["edge-truncated","green-cover","small-parcel"],"note":"Green cover extends beyond the lower image edge.","visibility":"partial","center":[75.93181908130646,30.825728305635977],"polygon":[[718,969],[754,969],[752,1024],[712,1024],[713,989]],"holes":[],"bbox":[712,969,754,1024],"obb":[[712,1023.9999999999999],[713.6044045676999,967.8458401305057],[754.0000000000001,969.0000000000001],[752.3955954323002,1025.1541598694942]],"obbLonLat":[[75.9319231273883,30.825596307691963],[75.93193173408508,30.825854986668915],[75.93171503522461,30.82586030339851],[75.93170642852783,30.825601624435894],[75.9319231273883,30.825596307691963]],"angle":-88.36342295838327,"polygonAreaPixels":2167.5,"tileOrigin":[47708416,27507968],"tileWidth":1024,"tileHeight":1024,"zoom":18,"sourceRunId":"210a27a9-d6af-436a-9d55-238ce820a17e","sourceDates":[20201109],"imageryRelease":"2021-12-21","isField":true,"edgeFragment":true}},{"type":"Feature","id":"T064.field_085","geometry":{"type":"Polygon","coordinates":[[[75.93198001384735,30.82579049452757],[75.93200147151947,30.825601624435894],[75.9322053194046,30.825601624435894],[75.93219995498657,30.825933298496587],[75.93223750591278,30.826223512359853],[75.93222141265869,30.826504512248725],[75.93212485313416,30.826495299150658],[75.93199610710144,30.82652293844222],[75.93198001384735,30.82579049452757]]]},"properties":{"id":"T064.field_085","tileId":"T064","modelObjectId":"field_085","label":"unburned-looking field","tags":["edge-truncated","pale-strips","lengthwise-rows"],"note":"Long alternating pale residue and darker cultivation strips run to the lower edge.","visibility":"partial","center":[75.93210875988007,30.826062282544115],"polygon":[[766,824],[790,830],[808,828],[811,889],[804,952],[805,1024],[767,1024],[763,983]],"holes":[],"bbox":[763,824,811,1024],"obb":[[762.2281138790037,1023.9099644128114],[766.0000000000001,824],[812.2099644128115,824.8718861209965],[808.438078291815,1024.7818505338078]],"obbLonLat":[[75.93222376269378,30.825598022769295],[75.93224399666767,30.826518922056938],[75.93199610710144,30.82652293844222],[75.93197587312756,30.825602039193114],[75.93222376269378,30.825598022769295]],"angle":-88.9190758133393,"polygonAreaPixels":8325.5,"tileOrigin":[47708416,27507968],"tileWidth":1024,"tileHeight":1024,"zoom":18,"sourceRunId":"210a27a9-d6af-436a-9d55-238ce820a17e","sourceDates":[20201109],"imageryRelease":"2021-12-21","isField":true,"edgeFragment":true}},{"type":"Feature","id":"T064.field_086","geometry":{"type":"Polygon","coordinates":[[[75.93227505683899,30.826241938607268],[75.93255400657654,30.826241938607268],[75.93263447284698,30.826269577971768],[75.93262374401093,30.82645844674954],[75.93259155750275,30.82657821700147],[75.93244671821594,30.82654136463217],[75.93229115009308,30.826545971179108],[75.93227505683899,30.826241938607268]]]},"properties":{"id":"T064.field_086","tileId":"T064","modelObjectId":"field_086","label":"uncertain field","tags":["mixed-cover","tree-shadow","settlement-border"],"note":"Mixed green-brown ground is affected by nearby trees and settlement shadows, obscuring surface interpretation.","visibility":"partial","center":[75.93245476484299,30.8264100779516],"polygon":[[821,819],[850,820],[877,812],[883,838],[885,879],[870,885],[818,885]],"holes":[],"bbox":[818,812,885,885],"obb":[[881.720474777448,811.7697329376854],[885.2563798219584,884.2557863501482],[818.1234421364985,887.5305637982195],[814.5875370919881,815.0445103857567]],"obbLonLat":[[75.93225675096144,30.8265641923255],[75.93227571903421,30.826230281409018],[75.93263584817552,30.826245366873074],[75.93261688010276,30.826579277737114],[75.93225675096144,30.8265641923255]],"angle":87.20729763428672,"polygonAreaPixels":4229.5,"tileOrigin":[47708416,27507968],"tileWidth":1024,"tileHeight":1024,"zoom":18,"sourceRunId":"210a27a9-d6af-436a-9d55-238ce820a17e","sourceDates":[20201109],"imageryRelease":"2021-12-21","isField":true,"edgeFragment":true}},{"type":"Feature","id":"T064.field_087","geometry":{"type":"Polygon","coordinates":[[[75.9322589635849,30.825601624435894],[75.93259692192078,30.825601624435894],[75.93265056610107,30.825652296935974],[75.93264520168304,30.825919478766927],[75.93266129493713,30.826099135097287],[75.93261301517487,30.826214299234817],[75.93228042125702,30.82620969267197],[75.9322589635849,30.825601624435894]]]},"properties":{"id":"T064.field_087","tileId":"T064","modelObjectId":"field_087","label":"unburned-looking field","tags":["edge-truncated","muted-green","tonal-bands"],"note":"Muted green cover with broad tonal bands continues to the lower edge.","visibility":"partial","center":[75.93246012926102,30.82590796232403],"polygon":[[819,892],[881,891],[890,916],[887,955],[888,1013],[878,1024],[815,1024]],"holes":[],"bbox":[815,891,890,1024],"obb":[[890.5114203760758,891.1961117603315],[887.7422713268884,1025.4998406459151],[814.9999999999999,1023.9999999999999],[817.7691490491873,889.6962711144163]],"obbLonLat":[[75.93227381845799,30.826220304943536],[75.9322589635849,30.825601624435894],[75.93264918353674,30.825594715281518],[75.93266403840983,30.826213395833683],[75.93227381845799,30.826220304943536]],"angle":91.18118891332665,"polygonAreaPixels":9283,"tileOrigin":[47708416,27507968],"tileWidth":1024,"tileHeight":1024,"zoom":18,"sourceRunId":"210a27a9-d6af-436a-9d55-238ce820a17e","sourceDates":[20201109],"imageryRelease":"2021-12-21","isField":true,"edgeFragment":true}},{"type":"Feature","id":"T064.field_088","geometry":{"type":"Polygon","coordinates":[[[75.93266665935516,30.826016216832745],[75.93280076980591,30.825993183968777],[75.9330153465271,30.826039249691192],[75.93310117721558,30.826099135097287],[75.93314945697784,30.826168233596388],[75.93326210975647,30.82619126641836],[75.93329429626465,30.826278791091493],[75.93324065208435,30.82634328290485],[75.93267738819122,30.82632025011934],[75.93266665935516,30.826016216832745]]]},"properties":{"id":"T064.field_088","tileId":"T064","modelObjectId":"field_088","label":"unburned-looking field","tags":["green-cover","irregular-edge","settlement-border"],"note":"Dense green cover occupies the parcel beside buildings, which obscure portions of its southern edge.","visibility":"partial","center":[75.9329804778099,30.826168233596388],"polygon":[[893,868],[998,863],[1008,877],[1002,896],[981,901],[972,916],[956,929],[916,939],[891,934]],"holes":[],"bbox":[891,863,1008,939],"obb":[[887.8687782805431,868.2443438914027],[1007.3122171945703,862.5565610859728],[1010.7375565610861,934.4886877828055],[891.2941176470589,940.1764705882354]],"obbLonLat":[[75.93266823712517,30.82598776447056],[75.93330898166244,30.826013965657133],[75.93329060671016,30.826345325631262],[75.93264986217292,30.82631912453511],[75.93266823712517,30.82598776447056]],"angle":-2.726310993906266,"polygonAreaPixels":6517,"tileOrigin":[47708416,27507968],"tileWidth":1024,"tileHeight":1024,"zoom":18,"sourceRunId":"210a27a9-d6af-436a-9d55-238ce820a17e","sourceDates":[20201109],"imageryRelease":"2021-12-21","isField":true,"edgeFragment":true}},{"type":"Feature","id":"T064.field_089","geometry":{"type":"Polygon","coordinates":[[[75.93291878700256,30.826370922240173],[75.93315482139587,30.826389348459305],[75.93311190605164,30.826569003910475],[75.9329241514206,30.826559790818592],[75.93291878700256,30.826370922240173]]]},"properties":{"id":"T064.field_089","tileId":"T064","modelObjectId":"field_089","label":"unburned-looking field","tags":["green-cover","narrow-rows","small-parcel"],"note":"Bright green cover and close parallel rows distinguish this small parcel.","visibility":"clear","center":[75.93303680419922,30.826469963126407],"polygon":[[939,816],[974,814],[982,853],[938,857]],"holes":[],"bbox":[938,814,982,857],"obb":[[982,853],[938,857],[934.311475409836,816.4262295081967],[978.311475409836,812.4262295081967]],"obbLonLat":[[75.93313503460806,30.82657625355593],[75.93289900021475,30.82655782737267],[75.93291878700256,30.826370922240173],[75.93315482139587,30.826389348459305],[75.93313503460806,30.82657625355593]],"angle":174.80557109226518,"polygonAreaPixels":1590.5,"tileOrigin":[47708416,27507968],"tileWidth":1024,"tileHeight":1024,"zoom":18,"sourceRunId":"210a27a9-d6af-436a-9d55-238ce820a17e","sourceDates":[20201109],"imageryRelease":"2021-12-21","isField":true,"edgeFragment":false}},{"type":"Feature","id":"T064.field_090","geometry":{"type":"Polygon","coordinates":[[[75.93266129493713,30.826366315684844],[75.93287587165833,30.82638013535017],[75.93282759189606,30.826490692601293],[75.93275785446167,30.82654136463217],[75.9326559305191,30.82652293844222],[75.93266129493713,30.826366315684844]]]},"properties":{"id":"T064.field_090","tileId":"T064","modelObjectId":"field_090","label":"unburned-looking field","tags":["muted-cover","small-parcel","tree-border"],"note":"Muted brown-green cover is visible between trees and the adjacent bright green field.","visibility":"partial","center":[75.93276590108871,30.8264538401984],"polygon":[[889,824],[908,820],[921,831],[930,855],[890,858]],"holes":[],"bbox":[889,820,930,858],"obb":[[930,855.0000000000001],[890,858.0000000000001],[887.2666252330639,821.5550031075203],[927.2666252330639,818.5550031075203]],"obbLonLat":[[75.93286120869345,30.826548021078114],[75.93264663197226,30.82653420143693],[75.93266129493713,30.826366315684844],[75.93287587165833,30.82638013535017],[75.93286120869345,30.826548021078114]],"angle":175.71084667118097,"polygonAreaPixels":1164.5,"tileOrigin":[47708416,27507968],"tileWidth":1024,"tileHeight":1024,"zoom":18,"sourceRunId":"210a27a9-d6af-436a-9d55-238ce820a17e","sourceDates":[20201109],"imageryRelease":"2021-12-21","isField":true,"edgeFragment":true}},{"type":"Feature","id":"T064.field_091","geometry":{"type":"Polygon","coordinates":[[[75.93318700790405,30.82638013535017],[75.93338012695312,30.826393955013526],[75.93338012695312,30.826569003910475],[75.93326210975647,30.82657821700147],[75.93315482139587,30.826559790818592],[75.93318700790405,30.82638013535017]]]},"properties":{"id":"T064.field_091","tileId":"T064","modelObjectId":"field_091","label":"unburned-looking field","tags":["edge-truncated","muted-green","pale-patch"],"note":"Muted green cover with a small pale patch extends through the right edge.","visibility":"partial","center":[75.9332674741745,30.826479176226908],"polygon":[[982,816],[1002,812],[1024,814],[1024,852],[988,855]],"holes":[],"bbox":[982,812,1024,855],"obb":[[1027.144827586207,851.7379310344827],[985.2689655172413,855.2275862068965],[981.8068965517241,813.6827586206896],[1023.6827586206896,810.1931034482758]],"obbLonLat":[[75.93337842513776,30.826586540551894],[75.93315378550827,30.826570465297372],[75.93317235749345,30.82637908696185],[75.93339699712294,30.82639516224839],[75.93337842513776,30.826586540551894]],"angle":175.23635830927384,"polygonAreaPixels":1573,"tileOrigin":[47708416,27507968],"tileWidth":1024,"tileHeight":1024,"zoom":18,"sourceRunId":"210a27a9-d6af-436a-9d55-238ce820a17e","sourceDates":[20201109],"imageryRelease":"2021-12-21","isField":true,"edgeFragment":true}},{"type":"Feature","id":"T064.field_092","geometry":{"type":"Polygon","coordinates":[[[75.92788696289062,30.825762855025165],[75.92805862426758,30.825753641855933],[75.92806398868561,30.82583195376626],[75.92801570892334,30.825878019566034],[75.92788696289062,30.8258826261448],[75.92788696289062,30.825762855025165]]]},"properties":{"id":"T064.field_092","tileId":"T064","modelObjectId":"field_092","label":"unburned-looking field","tags":["edge-truncated","green-cover","irregular-fragment"],"note":"A small green field fragment lies inside a curved track near the lower-left corner.","visibility":"partial","center":[75.92797547578812,30.825818134022022],"polygon":[[0,963],[24,964],[33,974],[32,991],[0,989]],"holes":[],"bbox":[0,963,33,991],"obb":[[33.5551724137931,964.562068965517],[31.999999999999993,990.9999999999999],[-1.5310344827586206,989.0275862068964],[0.024137931034488247,962.5896551724136]],"obbLonLat":[[75.92788709237658,30.825884516430506],[75.92787874978163,30.825762727946973],[75.92805862426758,30.825753641855933],[75.9280669668625,30.825875430350976],[75.92788709237658,30.825884516430506]],"angle":93.3664606634298,"polygonAreaPixels":817.5,"tileOrigin":[47708416,27507968],"tileWidth":1024,"tileHeight":1024,"zoom":18,"sourceRunId":"210a27a9-d6af-436a-9d55-238ce820a17e","sourceDates":[20201109],"imageryRelease":"2021-12-21","isField":true,"edgeFragment":true}},{"type":"Feature","id":"T064.field_093","geometry":{"type":"Polygon","coordinates":[[[75.92788696289062,30.825601624435894],[75.92802107334137,30.825601624435894],[75.9280264377594,30.82566611670409],[75.92799961566925,30.825712182583423],[75.92788696289062,30.82571678917014],[75.92788696289062,30.825601624435894]]]},"properties":{"id":"T064.field_093","tileId":"T064","modelObjectId":"field_093","label":"unburned-looking field","tags":["edge-truncated","green-cover","corner-fragment"],"note":"Only a small green cultivated fragment is visible at the image corner.","visibility":"partial","center":[75.92795670032501,30.825659206820283],"polygon":[[0,999],[21,1000],[26,1010],[25,1024],[0,1024]],"holes":[],"bbox":[0,999,26,1024],"obb":[[26,1024],[0,1024],[-3.0616169978683787e-15,999],[25.999999999999996,999]],"obbLonLat":[[75.9280264377594,30.82571678917014],[75.92788696289062,30.82571678917014],[75.92788696289062,30.825601624435894],[75.9280264377594,30.825601624435894],[75.9280264377594,30.82571678917014]],"angle":180,"polygonAreaPixels":602.5,"tileOrigin":[47708416,27507968],"tileWidth":1024,"tileHeight":1024,"zoom":18,"sourceRunId":"210a27a9-d6af-436a-9d55-238ce820a17e","sourceDates":[20201109],"imageryRelease":"2021-12-21","isField":true,"edgeFragment":true}},{"type":"Feature","id":"T072.f01","geometry":{"type":"Polygon","coordinates":[[[75.91690063476562,30.825297588873767],[75.9170401096344,30.824929059629],[75.91772139072418,30.825011978832393],[75.91822028160095,30.825117931043643],[75.91842412948608,30.825246916186483],[75.91834366321564,30.825463426572444],[75.9181934595108,30.825601624435894],[75.91690063476562,30.825601624435894],[75.91690063476562,30.825297588873767]]]},"properties":{"id":"T072.f01","tileId":"T072","modelObjectId":"f01","label":"unburned-looking field","tags":["edge-truncated","pale-residue","curved-rows"],"note":"Pale curved residue rows cover the visible parcel without a coherent char-like pattern.","visibility":"partial","center":[75.91766238212585,30.825265342621325],"polygon":[[0,0],[241,0],[269,30],[284,77],[246,105],[153,128],[26,146],[0,66]],"holes":[],"bbox":[0,0,284,146],"obb":[[288.5062906460828,108.79438400291741],[11.627302011791159,148.0370753054154],[-9.170120950586515,1.2997021819728913],[267.70886768370514,-37.94298912052512]],"obbLonLat":[[75.91833673704215,30.825776412151974],[75.91685144240347,30.825595637237853],[75.91696300847417,30.82491967558772],[75.91844830311285,30.825100451774496],[75.91833673704215,30.825776412151974]],"angle":171.93306827020692,"polygonAreaPixels":33225,"tileOrigin":[47706368,27508992],"tileWidth":1024,"tileHeight":1024,"zoom":18,"sourceRunId":"e2b4882d-76fa-4556-9221-fdea886a3f66","sourceDates":[20201109],"imageryRelease":"2021-12-21","isField":true,"edgeFragment":true}},{"type":"Feature","id":"T072.f02","geometry":{"type":"Polygon","coordinates":[[[75.91846168041229,30.825246916186483],[75.91842412948608,30.825058045025568],[75.91847240924835,30.824938272877354],[75.91901421546936,30.825090291347628],[75.91897130012512,30.825601624435894],[75.9183919429779,30.825601624435894],[75.91846168041229,30.825246916186483]]]},"properties":{"id":"T072.f02","tileId":"T072","modelObjectId":"f02","label":"unburned-looking field","tags":["edge-truncated","residue-rows","muted-surface"],"note":"Regular pale residue lines remain visible through haze.","visibility":"partial","center":[75.91870307922363,30.825269949229476],"polygon":[[278,0],[386,0],[394,111],[293,144],[284,118],[291,77]],"holes":[],"bbox":[278,0,394,144],"obb":[[285.34183381088826,144.38939828080228],[278,0],[388.0713467048711,-5.596848137535833],[395.41318051575934,138.79255014326645]],"obbLonLat":[[75.9190217963604,30.824962261637626],[75.91898241169474,30.825627406829028],[75.9183919429779,30.825601624435894],[75.91843132764356,30.82493647906589],[75.9190217963604,30.824962261637626]],"angle":-92.91083782616776,"polygonAreaPixels":13430.5,"tileOrigin":[47706368,27508992],"tileWidth":1024,"tileHeight":1024,"zoom":18,"sourceRunId":"e2b4882d-76fa-4556-9221-fdea886a3f66","sourceDates":[20201109],"imageryRelease":"2021-12-21","isField":true,"edgeFragment":true}},{"type":"Feature","id":"T072.f03","geometry":{"type":"Polygon","coordinates":[[[75.91715812683105,30.82463884185321],[75.91772139072418,30.824754007742225],[75.91771066188812,30.824988945727522],[75.91708302497864,30.82491063312963],[75.91715812683105,30.82463884185321]]]},"properties":{"id":"T072.f03","tileId":"T072","modelObjectId":"f03","label":"unburned-looking field","tags":["green-cover","track-bounded","no-char-pattern"],"note":"Green cover occupies this parcel beside the road.","visibility":"clear","center":[75.91740220785141,30.824813893949926],"polygon":[[34,150],[151,133],[153,184],[48,209]],"holes":[],"bbox":[34,133,153,209],"obb":[[34,149.99999999999997],[151,132.99999999999997],[159.68486192588352,192.77228501931606],[42.68486192588353,209.77228501931606]],"obbLonLat":[[75.91712961420856,30.824635284215383],[75.91775725111805,30.824713597037842],[75.91771066188812,30.824988945727522],[75.91708302497864,30.82491063312963],[75.91712961420856,30.824635284215383]],"angle":-8.267173335510636,"polygonAreaPixels":6273,"tileOrigin":[47706368,27508992],"tileWidth":1024,"tileHeight":1024,"zoom":18,"sourceRunId":"e2b4882d-76fa-4556-9221-fdea886a3f66","sourceDates":[20201109],"imageryRelease":"2021-12-21","isField":true,"edgeFragment":false}},{"type":"Feature","id":"T072.f04","geometry":{"type":"Polygon","coordinates":[[[75.91773748397827,30.824749401109322],[75.91780722141266,30.82465726840473],[75.91821491718292,30.824813893949926],[75.91841340065002,30.824942879501197],[75.91839730739594,30.82516860379899],[75.91775357723236,30.824993552348936],[75.91773748397827,30.824749401109322]]]},"properties":{"id":"T072.f04","tileId":"T072","modelObjectId":"f04","label":"unburned-looking field","tags":["pale-residue","curved-rows","irregular-boundary"],"note":"Curved pale rows follow the tapered parcel, with no visible ash-like patches.","visibility":"clear","center":[75.91807544231415,30.824912936442242],"polygon":[[159,132],[279,94],[282,143],[245,171],[169,205],[156,185]],"holes":[],"bbox":[156,94,282,205],"obb":[[141.01969199697044,137.69376420095932],[278.99999999999994,93.99999999999999],[300.92123201211814,163.2249431961626],[162.9409240090886,206.91870739712192]],"obbLonLat":[[75.91777471799617,30.824648429615],[75.9185149020482,30.8248497107526],[75.91839730739594,30.82516860379899],[75.91765712334393,30.824967323329872],[75.91777471799617,30.824648429615]],"angle":-17.571258778322424,"polygonAreaPixels":8241,"tileOrigin":[47706368,27508992],"tileWidth":1024,"tileHeight":1024,"zoom":18,"sourceRunId":"e2b4882d-76fa-4556-9221-fdea886a3f66","sourceDates":[20201109],"imageryRelease":"2021-12-21","isField":true,"edgeFragment":false}},{"type":"Feature","id":"T072.f05","geometry":{"type":"Polygon","coordinates":[[[75.91727614402771,30.824440756200982],[75.91732978820801,30.824316376629113],[75.9178501367569,30.824459182790523],[75.91776967048645,30.824717154672772],[75.91717958450317,30.82460659537953],[75.91727614402771,30.824440756200982]]]},"properties":{"id":"T072.f05","tileId":"T072","modelObjectId":"f05","label":"unburned-looking field","tags":["mixed-cover","pale-strips","boundary-obscured"],"note":"Green and pale strips are visible, while small structures and vegetation obscure part of the roadside boundary.","visibility":"partial","center":[75.91751486063004,30.824516765860043],"polygon":[[52,216],[162,192],[177,248],[80,279],[70,252]],"holes":[],"bbox":[52,192,177,279],"obb":[[160.63433501933952,186.9015174055341],[178.25409104433206,252.6819398988396],[69.61975602499255,281.78042249330554],[52.00000000000001,216.00000000000003]],"obbLonLat":[[75.91717958450317,30.82460659537953],[75.91727410424008,30.824303568184423],[75.91785686422551,30.824437614743974],[75.91776234448861,30.824740641516048],[75.91717958450317,30.82460659537953]],"angle":75.00492087082402,"polygonAreaPixels":6686.5,"tileOrigin":[47706368,27508992],"tileWidth":1024,"tileHeight":1024,"zoom":18,"sourceRunId":"e2b4882d-76fa-4556-9221-fdea886a3f66","sourceDates":[20201109],"imageryRelease":"2021-12-21","isField":true,"edgeFragment":true}},{"type":"Feature","id":"T072.f06","geometry":{"type":"Polygon","coordinates":[[[75.9178876876831,30.824399296361594],[75.91834902763367,30.82454210239969],[75.91819882392883,30.824786254166405],[75.91781258583069,30.82464805512942],[75.9178876876831,30.824399296361594]]]},"properties":{"id":"T072.f06","tileId":"T072","modelObjectId":"f06","label":"unburned-looking field","tags":["pale-strips","linear-texture","mixed-cover"],"note":"Alternating pale and muted-green strips lack a coherent char/ash pattern.","visibility":"clear","center":[75.91808080673218,30.824592775458925],"polygon":[[170,207],[242,177],[270,230],[184,261]],"holes":[],"bbox":[170,177,270,261],"obb":[[270,230.00000000000006],[184,261.00000000000006],[163.87244226397033,205.1622591839177],[249.87244226397036,174.16225918391768]],"obbLonLat":[[75.91824105500004,30.82479932659103],[75.91777971504948,30.824656520935502],[75.9178876876831,30.824399296361594],[75.91834902763367,30.82454210239969],[75.91824105500004,30.82479932659103]],"angle":160.1775354296348,"polygonAreaPixels":4867,"tileOrigin":[47706368,27508992],"tileWidth":1024,"tileHeight":1024,"zoom":18,"sourceRunId":"e2b4882d-76fa-4556-9221-fdea886a3f66","sourceDates":[20201109],"imageryRelease":"2021-12-21","isField":true,"edgeFragment":false}},{"type":"Feature","id":"T072.f07","geometry":{"type":"Polygon","coordinates":[[[75.91903567314148,30.825421967174634],[75.920569896698,30.82540354076986],[75.92049479484558,30.825601624435894],[75.91904103755951,30.825601624435894],[75.91903567314148,30.825421967174634]]]},"properties":{"id":"T072.f07","tileId":"T072","modelObjectId":"f07","label":"unburned-looking field","tags":["edge-truncated","uniform-cover","faint-rows"],"note":"The visible strip has fairly uniform olive cover and faint parallel texture.","visibility":"partial","center":[75.91980278491974,30.825502582653954],"polygon":[[399,0],[670,0],[684,43],[398,39]],"holes":[],"bbox":[398,0,684,43],"obb":[[683.9999999999999,43],[397.9999999999999,39.00000000000004],[398.59854300102666,-3.795824573412169],[684.5985430010265,0.20417542658778487]],"obbLonLat":[[75.92057310753287,30.825600683882968],[75.91903888397636,30.825619110249907],[75.91903567314148,30.825421967174634],[75.920569896698,30.82540354076986],[75.92057310753287,30.825600683882968]],"angle":-179.198712669893,"polygonAreaPixels":11405.5,"tileOrigin":[47706368,27508992],"tileWidth":1024,"tileHeight":1024,"zoom":18,"sourceRunId":"e2b4882d-76fa-4556-9221-fdea886a3f66","sourceDates":[20201109],"imageryRelease":"2021-12-21","isField":true,"edgeFragment":true}},{"type":"Feature","id":"T072.f08","geometry":{"type":"Polygon","coordinates":[[[75.91904640197754,30.82489681325278],[75.9197062253952,30.82502579869266],[75.91963112354279,30.82538050775891],[75.91904640197754,30.82538511436154],[75.91904640197754,30.82489681325278]]]},"properties":{"id":"T072.f08","tileId":"T072","modelObjectId":"f08","label":"unburned-looking field","tags":["linear-texture","uniform-surface","bund-bounded"],"note":"Fine parallel surface lines are visible without distinct burn-like patches.","visibility":"clear","center":[75.91937631368637,30.82514096411757],"polygon":[[400,47],[509,48],[523,125],[400,153]],"holes":[],"bbox":[400,47,523,153],"obb":[[400,153],[400,47],[523,47.000000000000014],[523,153]],"obbLonLat":[[75.9197062253952,30.82489681325278],[75.9197062253952,30.82538511436154],[75.91904640197754,30.82538511436154],[75.91904640197754,30.82489681325278],[75.9197062253952,30.82489681325278]],"angle":-90,"polygonAreaPixels":10708.5,"tileOrigin":[47706368,27508992],"tileWidth":1024,"tileHeight":1024,"zoom":18,"sourceRunId":"e2b4882d-76fa-4556-9221-fdea886a3f66","sourceDates":[20201109],"imageryRelease":"2021-12-21","isField":true,"edgeFragment":false}},{"type":"Feature","id":"T072.f09","geometry":{"type":"Polygon","coordinates":[[[75.91974914073944,30.825021192072793],[75.92068254947662,30.825136357503226],[75.92059135437012,30.82536668794969],[75.919668674469,30.825375901156058],[75.91974914073944,30.825021192072793]]]},"properties":{"id":"T072.f09","tileId":"T072","modelObjectId":"f09","label":"unburned-looking field","tags":["uniform-cover","faint-rows","haze"],"note":"Muted cover and fine rows are visible, although haze reduces surface detail.","visibility":"clear","center":[75.92017561197281,30.825198546778225],"polygon":[[516,49],[688,51],[705,101],[531,126]],"holes":[],"bbox":[516,49,705,126],"obb":[[705,100.99999999999999],[527.1428432736805,126.55418918481605],[516,49],[693.8571567263195,23.445810815183933]],"obbLonLat":[[75.92062277460724,30.82549361908751],[75.919668674469,30.825375901156058],[75.91972844933838,30.82501863913378],[75.92068254947662,30.825136357503226],[75.92062277460724,30.82549361908751]],"angle":171.82380290155447,"polygonAreaPixels":11169.5,"tileOrigin":[47706368,27508992],"tileWidth":1024,"tileHeight":1024,"zoom":18,"sourceRunId":"e2b4882d-76fa-4556-9221-fdea886a3f66","sourceDates":[20201109],"imageryRelease":"2021-12-21","isField":true,"edgeFragment":false}},{"type":"Feature","id":"T072.f10","geometry":{"type":"Polygon","coordinates":[[[75.91878354549408,30.824081436998217],[75.9192556142807,30.824215030192164],[75.91915369033813,30.82439008306152],[75.91981887817383,30.824615808658827],[75.91971695423126,30.824993552348936],[75.91904103755951,30.824873780120285],[75.91901957988739,30.825044225169933],[75.91847240924835,30.82489681325278],[75.91878354549408,30.824081436998217]]]},"properties":{"id":"T072.f10","tileId":"T072","modelObjectId":"f10","label":"unburned-looking field","tags":["irregular-parcel","linear-texture","faint-boundaries"],"note":"Olive linear cover extends around the neighboring harvested patch; some internal boundaries are faint.","visibility":"partial","center":[75.91914564371109,30.824562832290784],"polygon":[[293,153],[395,121],[399,158],[525,132],[544,214],[420,263],[439,301],[351,330]],"holes":[],"bbox":[293,121,544,330],"obb":[[351,330.00000000000006],[292.99999999999994,153],[508.7182716974606,82.31265673190552],[566.7182716974606,259.3126567319056]],"obbLonLat":[[75.91994074848012,30.824407069360838],[75.91962961223439,30.825222442850258],[75.91847240924835,30.82489681325278],[75.91878354549408,30.824081436998217],[75.91994074848012,30.824407069360838]],"angle":-108.1431222487857,"polygonAreaPixels":29898,"tileOrigin":[47706368,27508992],"tileWidth":1024,"tileHeight":1024,"zoom":18,"sourceRunId":"e2b4882d-76fa-4556-9221-fdea886a3f66","sourceDates":[20201109],"imageryRelease":"2021-12-21","isField":true,"edgeFragment":true}},{"type":"Feature","id":"T072.f11","geometry":{"type":"Polygon","coordinates":[[[75.91798961162567,30.82393863027501],[75.91808080673218,30.82373593649677],[75.91866552829742,30.8239570569609],[75.9187513589859,30.824049190337345],[75.91840267181396,30.824486822668206],[75.91786623001099,30.824311769975207],[75.91798961162567,30.82393863027501]]]},"properties":{"id":"T072.f11","tileId":"T072","modelObjectId":"f11","label":"unburned-looking field","tags":["uniform-cover","diagonal-rows","vegetation-edge"],"note":"Consistent olive cover and diagonal rows are visible, with vegetation obscuring part of the lower-left edge.","visibility":"partial","center":[75.91830879449844,30.824111380316467],"polygon":[[180,280],[280,242],[345,337],[329,357],[220,405],[203,361]],"holes":[],"bbox":[180,242,345,405],"obb":[[220,405],[172.78202247191007,282.78876404494383],[304.4062921348314,231.93393258426966],[351.62426966292134,354.1451685393258]],"obbLonLat":[[75.91878689433753,30.823970208229394],[75.91853359736751,30.82453319346234],[75.91782750976219,30.824298923103264],[75.91808080673218,30.82373593649677],[75.91878689433753,30.823970208229394]],"angle":-111.1247191460725,"polygonAreaPixels":16046,"tileOrigin":[47706368,27508992],"tileWidth":1024,"tileHeight":1024,"zoom":18,"sourceRunId":"e2b4882d-76fa-4556-9221-fdea886a3f66","sourceDates":[20201109],"imageryRelease":"2021-12-21","isField":true,"edgeFragment":true}},{"type":"Feature","id":"T072.f12","geometry":{"type":"Polygon","coordinates":[[[75.91931998729706,30.82420121021521],[75.91988325119019,30.824339409895323],[75.91987788677216,30.82447300273036],[75.91981887817383,30.82456513561175],[75.91919124126434,30.824376263109748],[75.91931998729706,30.82420121021521]]]},"properties":{"id":"T072.f12","tileId":"T072","modelObjectId":"f12","label":"unburned-looking field","tags":["pale-residue","harvested-texture","tree-edge"],"note":"Pale residue streaks occupy this small inset parcel; trees obscure its upper-right corner.","visibility":"partial","center":[75.91953724622726,30.824383173085895],"polygon":[[427,266],[544,225],[555,245],[556,274],[451,304]],"holes":[],"bbox":[427,225,556,304],"obb":[[427.00000000000006,266],[547.5549121665583,223.75426154847105],[564.1603122966819,271.14040338321405],[443.60540013012366,313.386141834743]],"obbLonLat":[[75.91928031957218,30.824157971447725],[75.91992702651658,30.824352583062858],[75.91983794820874,30.82457087428247],[75.91919124126434,30.824376263109748],[75.91928031957218,30.824157971447725]],"angle":-19.311856564352656,"polygonAreaPixels":5617,"tileOrigin":[47706368,27508992],"tileWidth":1024,"tileHeight":1024,"zoom":18,"sourceRunId":"e2b4882d-76fa-4556-9221-fdea886a3f66","sourceDates":[20201109],"imageryRelease":"2021-12-21","isField":true,"edgeFragment":true}},{"type":"Feature","id":"T072.f13","geometry":{"type":"Polygon","coordinates":[[[75.919851064682,30.824712548038093],[75.9199047088623,30.82460659537953],[75.92076301574707,30.82481850057975],[75.92067182064056,30.825104111196627],[75.9197598695755,30.824988945727522],[75.919851064682,30.824712548038093]]]},"properties":{"id":"T072.f13","tileId":"T072","modelObjectId":"f13","label":"unburned-looking field","tags":["parallel-rows","olive-cover","tree-edge"],"note":"Fine rows remain visible beneath haze, with a tree-obscured section along the right edge.","visibility":"partial","center":[75.92026144266129,30.82485535361031],"polygon":[[533,133],[703,108],[720,170],[560,216],[550,193]],"holes":[],"bbox":[533,108,720,216],"obb":[[556.7755206994086,216.91360246850093],[533,133],[696.9238878889174,86.55489843147339],[720.6994085883259,170.46850089997432]],"obbLonLat":[[75.92076676766712,30.824816342369555],[75.9206392258352,30.825202900493856],[75.9197598695755,30.824988945727522],[75.91988741140739,30.824602386741883],[75.92076676766712,30.824816342369555]],"angle":-105.81919394750015,"polygonAreaPixels":12848,"tileOrigin":[47706368,27508992],"tileWidth":1024,"tileHeight":1024,"zoom":18,"sourceRunId":"e2b4882d-76fa-4556-9221-fdea886a3f66","sourceDates":[20201109],"imageryRelease":"2021-12-21","isField":true,"edgeFragment":true}},{"type":"Feature","id":"T072.f14","geometry":{"type":"Polygon","coordinates":[[[75.92002272605896,30.824191996896122],[75.92089176177979,30.824399296361594],[75.92077374458313,30.824767827639633],[75.91994225978851,30.824551315685174],[75.92002272605896,30.824191996896122]]]},"properties":{"id":"T072.f14","tileId":"T072","modelObjectId":"f14","label":"unburned-looking field","tags":["parallel-rows","uniform-cover","track-bounded"],"note":"The parcel has relatively consistent cover and long parallel lines without visible char-like patches.","visibility":"clear","center":[75.92041701078415,30.824479912699527],"polygon":[[567,228],[722,181],[744,261],[582,306]],"holes":[],"bbox":[567,181,744,306],"obb":[[744.2063037249284,260.9426934097422],[582,306.00000000000006],[559.7936962750716,226.0573065902579],[722,181.00000000000003]],"obbLonLat":[[75.92077374458313,30.824767827639633],[75.91990360216289,30.82456026497882],[75.92002272605896,30.824191996896122],[75.9208928684792,30.82439956035299],[75.92077374458313,30.824767827639633]],"angle":164.47588900324575,"polygonAreaPixels":13372.5,"tileOrigin":[47706368,27508992],"tileWidth":1024,"tileHeight":1024,"zoom":18,"sourceRunId":"e2b4882d-76fa-4556-9221-fdea886a3f66","sourceDates":[20201109],"imageryRelease":"2021-12-21","isField":true,"edgeFragment":false}},{"type":"Feature","id":"T072.f15","geometry":{"type":"Polygon","coordinates":[[[75.92007637023926,30.82403076366913],[75.92097222805023,30.82424727679734],[75.92090785503387,30.824362443155998],[75.92003345489502,30.824164356933583],[75.92007637023926,30.82403076366913]]]},"properties":{"id":"T072.f15","tileId":"T072","modelObjectId":"f15","label":"unburned-looking field","tags":["narrow-parcel","linear-texture","bund-bounded"],"note":"A narrow strip of muted cover lies between visible dividing lines.","visibility":"clear","center":[75.92050284147263,30.824196603555777],"polygon":[[584,312],[747,269],[759,294],[592,341]],"holes":[],"bbox":[584,269,759,341],"obb":[[759,294],[592,341],[583.8501893813542,312.04216226991826],[750.8501893813542,265.0421622699182]],"obbLonLat":[[75.9209285090592,30.824380675533714],[75.92003265124822,30.824164162706293],[75.92007637023926,30.82403076366913],[75.92097222805023,30.82424727679734],[75.9209285090592,30.824380675533714]],"angle":164.28142706105902,"polygonAreaPixels":4905,"tileOrigin":[47706368,27508992],"tileWidth":1024,"tileHeight":1024,"zoom":18,"sourceRunId":"e2b4882d-76fa-4556-9221-fdea886a3f66","sourceDates":[20201109],"imageryRelease":"2021-12-21","isField":true,"edgeFragment":false}},{"type":"Feature","id":"T072.f16","geometry":{"type":"Polygon","coordinates":[[[75.91952919960022,30.823924810258266],[75.9200119972229,30.824049190337345],[75.9199208021164,30.824302556666733],[75.91933071613312,30.824164356933583],[75.91952919960022,30.823924810258266]]]},"properties":{"id":"T072.f16","tileId":"T072","modelObjectId":"f16","label":"unburned-looking field","tags":["uniform-cover","fine-rows","track-bounded"],"note":"Fine linear texture crosses this olive parcel without a distinct ash-like pattern.","visibility":"clear","center":[75.91967135667801,30.824113683648253],"polygon":[[453,312],[563,282],[580,337],[490,364]],"holes":[],"bbox":[453,282,580,364],"obb":[[580,337],[470.3669724770642,369.88990825688074],[453,312],[562.6330275229358,279.11009174311926]],"obbLonLat":[[75.91991883352262,30.824315869474567],[75.91933071613312,30.824164356933583],[75.9194238798334,30.82389767737557],[75.9200119972229,30.824049190337345],[75.91991883352262,30.824315869474567]],"angle":163.30075576600638,"polygonAreaPixels":6119.5,"tileOrigin":[47706368,27508992],"tileWidth":1024,"tileHeight":1024,"zoom":18,"sourceRunId":"e2b4882d-76fa-4556-9221-fdea886a3f66","sourceDates":[20201109],"imageryRelease":"2021-12-21","isField":true,"edgeFragment":false}},{"type":"Feature","id":"T072.f17","geometry":{"type":"Polygon","coordinates":[[[75.91988325119019,30.823450321810327],[75.92030167579651,30.823685262985368],[75.92004954814911,30.824003123660173],[75.91953992843628,30.82388335019611],[75.91988325119019,30.823450321810327]]]},"properties":{"id":"T072.f17","tileId":"T072","modelObjectId":"f17","label":"unburned-looking field","tags":["green-cover","parallel-rows","diagonal-boundary"],"note":"Darker green cover retains regular rows rather than irregular char-like patches.","visibility":"clear","center":[75.9199208021164,30.823726723133056],"polygon":[[492,373],[587,347],[634,416],[556,467]],"holes":[],"bbox":[492,347,634,467],"obb":[[556.979894834519,468.4392205381997],[491.99999999999994,373],[569.020105165481,320.56077946180017],[634,415.9999999999999]],"obbLonLat":[[75.92030167579651,30.823685262985368],[75.91995309647709,30.82412492031585],[75.91953992843628,30.82388335019611],[75.9198885077557,30.823443691759557],[75.92030167579651,30.823685262985368]],"angle":-124.24903300681196,"polygonAreaPixels":9186.5,"tileOrigin":[47706368,27508992],"tileWidth":1024,"tileHeight":1024,"zoom":18,"sourceRunId":"e2b4882d-76fa-4556-9221-fdea886a3f66","sourceDates":[20201109],"imageryRelease":"2021-12-21","isField":true,"edgeFragment":false}},{"type":"Feature","id":"T072.f18","geometry":{"type":"Polygon","coordinates":[[[75.92036604881287,30.823722116450856],[75.920569896698,30.823454928505548],[75.92144966125488,30.823450321810327],[75.92124581336975,30.823795823339417],[75.92100977897644,30.8242104235334],[75.92010855674744,30.823993910322095],[75.92036604881287,30.823722116450856]]]},"properties":{"id":"T072.f18","tileId":"T072","modelObjectId":"f18","label":"unburned-looking field","tags":["long-rows","uniform-cover","irregular-boundary"],"note":"Long parallel rows cross a broadly uniform olive surface.","visibility":"clear","center":[75.92077910900116,30.82383037342396],"polygon":[[598,349],[766,302],[810,392],[848,467],[684,466],[646,408]],"holes":[],"bbox":[598,302,848,467],"obb":[[751.4569501310791,272.73654599546376],[848,466.9999999999999],[694.5430498689209,543.2634540045362],[598,349.00000000000006]],"obbLonLat":[[75.92010855674744,30.823993910322095],[75.92062645402481,30.823098998669302],[75.92144966125488,30.823450321810327],[75.9209317639775,30.82434523018893],[75.92010855674744,30.823993910322095]],"angle":63.574015975833134,"polygonAreaPixels":25007,"tileOrigin":[47706368,27508992],"tileWidth":1024,"tileHeight":1024,"zoom":18,"sourceRunId":"e2b4882d-76fa-4556-9221-fdea886a3f66","sourceDates":[20201109],"imageryRelease":"2021-12-21","isField":true,"edgeFragment":false}},{"type":"Feature","id":"T072.f19","geometry":{"type":"Polygon","coordinates":[[[75.92077910900116,30.823077178762613],[75.92155694961548,30.8232706605239],[75.92146575450897,30.82341346824051],[75.92058062553406,30.823418074937514],[75.92077910900116,30.823077178762613]]]},"properties":{"id":"T072.f19","tileId":"T072","modelObjectId":"f19","label":"unburned-looking field","tags":["tapered-parcel","linear-texture","muted-cover"],"note":"The tapered parcel has faint linear cover without coherent char or ash.","visibility":"clear","center":[75.92106878757477,30.823247627001336],"polygon":[[686,474],[851,475],[868,506],[723,548]],"holes":[],"bbox":[686,474,868,548],"obb":[[686.0000000000001,474.00000000000006],[868.1872474840228,475.1041651362669],[867.7401381032838,548.8772129582018],[685.5528906192611,547.7730478219349]],"obbLonLat":[[75.92057822705243,30.8230782242662],[75.92155555560765,30.823073137693985],[75.92155795408925,30.82341298838328],[75.92058062553406,30.823418074937514],[75.92057822705243,30.8230782242662]],"angle":0.3472428970857645,"polygonAreaPixels":8691,"tileOrigin":[47706368,27508992],"tileWidth":1024,"tileHeight":1024,"zoom":18,"sourceRunId":"e2b4882d-76fa-4556-9221-fdea886a3f66","sourceDates":[20201109],"imageryRelease":"2021-12-21","isField":true,"edgeFragment":false}},{"type":"Feature","id":"T072.f20","geometry":{"type":"Polygon","coordinates":[[[75.92036068439484,30.82288369661147],[75.92074155807495,30.823086392188657],[75.92052698135376,30.823418074937514],[75.92031240463257,30.823639196133605],[75.91991543769836,30.823418074937514],[75.92036068439484,30.82288369661147]]]},"properties":{"id":"T072.f20","tileId":"T072","modelObjectId":"f20","label":"uncertain field","tags":["dark-strip","haze","soil-confounder"],"note":"A darker elongated strip contrasts with the surrounding surface, but shadow, cover variation or soil conditions cannot be separated from burning.","visibility":"uncertain","center":[75.92032849788666,30.823261447115534],"polygon":[[562,474],[636,426],[676,474],[716,546],[645,590]],"holes":[],"bbox":[562,426,716,590],"obb":[[648.2188252641927,594.4985991644138],[562,473.99999999999994],[637.398574588351,420.0510199066109],[723.6173998525437,540.5496190710248]],"obbLonLat":[[75.92078242099205,30.82311150052497],[75.92031990717132,30.823666601214672],[75.91991543769836,30.823418074937514],[75.92037795151913,30.822862972811134],[75.92078242099205,30.82311150052497]],"angle":-125.58437360845966,"polygonAreaPixels":12784,"tileOrigin":[47706368,27508992],"tileWidth":1024,"tileHeight":1024,"zoom":18,"sourceRunId":"e2b4882d-76fa-4556-9221-fdea886a3f66","sourceDates":[20201109],"imageryRelease":"2021-12-21","isField":true,"edgeFragment":false}},{"type":"Feature","id":"T072.f21","geometry":{"type":"Polygon","coordinates":[[[75.92068254947662,30.82540354076986],[75.92117607593536,30.82541736057377],[75.92118680477142,30.825601624435894],[75.9206074476242,30.825601624435894],[75.92068254947662,30.82540354076986]]]},"properties":{"id":"T072.f21","tileId":"T072","modelObjectId":"f21","label":"unburned-looking field","tags":["edge-truncated","faint-rows","haze"],"note":"Faint agricultural rows are visible in this cropped upper fragment.","visibility":"partial","center":[75.92089712619781,30.825502582653954],"polygon":[[691,0],[799,0],[797,40],[705,43]],"holes":[],"bbox":[691,0,799,43],"obb":[[691,0],[799,0],[799,43],[691,43]],"obbLonLat":[[75.9206074476242,30.82540354076986],[75.92118680477142,30.82540354076986],[75.92118680477142,30.825601624435894],[75.9206074476242,30.825601624435894],[75.9206074476242,30.82540354076986]],"angle":0,"polygonAreaPixels":4159,"tileOrigin":[47706368,27508992],"tileWidth":1024,"tileHeight":1024,"zoom":18,"sourceRunId":"e2b4882d-76fa-4556-9221-fdea886a3f66","sourceDates":[20201109],"imageryRelease":"2021-12-21","isField":true,"edgeFragment":true}},{"type":"Feature","id":"T072.f22","geometry":{"type":"Polygon","coordinates":[[[75.92076301574707,30.82516860379899],[75.92117607593536,30.825182423636715],[75.92117607593536,30.82538511436154],[75.92068791389465,30.825375901156058],[75.92076301574707,30.82516860379899]]]},"properties":{"id":"T072.f22","tileId":"T072","modelObjectId":"f22","label":"unburned-looking field","tags":["muted-cover","linear-texture","bund-bounded"],"note":"Muted cover and parallel lines occupy the small parcel.","visibility":"clear","center":[75.92093199491501,30.82527685914129],"polygon":[[706,49],[797,47],[797,91],[720,94]],"holes":[],"bbox":[706,47,797,94],"obb":[[706.0000000000001,48.999999999999986],[797.0000000000001,46.999999999999986],[797.9952926976464,92.28581774290886],[706.9952926976464,94.28581774290886]],"obbLonLat":[[75.92069325306076,30.82516728714728],[75.92118141510147,30.825176500372784],[75.92117607593536,30.82538511436154],[75.92068791389465,30.825375901156058],[75.92069325306076,30.82516728714728]],"angle":-1.259045207175268,"polygonAreaPixels":3755.5,"tileOrigin":[47706368,27508992],"tileWidth":1024,"tileHeight":1024,"zoom":18,"sourceRunId":"e2b4882d-76fa-4556-9221-fdea886a3f66","sourceDates":[20201109],"imageryRelease":"2021-12-21","isField":true,"edgeFragment":false}},{"type":"Feature","id":"T072.f23","geometry":{"type":"Polygon","coordinates":[[[75.92122435569763,30.825136357503226],[75.92146039009094,30.825039618550942],[75.92194855213165,30.82512253765886],[75.92192709445953,30.825601624435894],[75.92123508453369,30.825601624435894],[75.92122435569763,30.825136357503226]]]},"properties":{"id":"T072.f23","tileId":"T072","modelObjectId":"f23","label":"unburned-looking field","tags":["edge-truncated","pale-residue","curved-texture"],"note":"Pale curved surface marks are visible without a coherent char-like pattern.","visibility":"partial","center":[75.92158645391464,30.825320621904602],"polygon":[[808,0],[937,0],[941,104],[850,122],[806,101]],"holes":[],"bbox":[806,0,941,122],"obb":[[806,0],[941,0],[941,122],[806,122]],"obbLonLat":[[75.92122435569763,30.825039618550942],[75.92194855213165,30.825039618550942],[75.92194855213165,30.825601624435894],[75.92122435569763,30.825601624435894],[75.92122435569763,30.825039618550942]],"angle":0,"polygonAreaPixels":14880,"tileOrigin":[47706368,27508992],"tileWidth":1024,"tileHeight":1024,"zoom":18,"sourceRunId":"e2b4882d-76fa-4556-9221-fdea886a3f66","sourceDates":[20201109],"imageryRelease":"2021-12-21","isField":true,"edgeFragment":true}},{"type":"Feature","id":"T072.f24","geometry":{"type":"Polygon","coordinates":[[[75.92199683189392,30.825117931043643],[75.92239379882812,30.825163997185978],[75.92239379882812,30.825601624435894],[75.92197000980377,30.825601624435894],[75.92199683189392,30.825117931043643]]]},"properties":{"id":"T072.f24","tileId":"T072","modelObjectId":"f24","label":"unburned-looking field","tags":["edge-truncated","linear-cover","faint-boundaries"],"note":"Linear agricultural texture continues beyond the top and right edges.","visibility":"partial","center":[75.92218190431595,30.82535977804434],"polygon":[[945,0],[1024,0],[1024,95],[950,105]],"holes":[],"bbox":[945,0,1024,105],"obb":[[945,0],[1024,0],[1024,105],[945,105]],"obbLonLat":[[75.92197000980377,30.825117931043643],[75.92239379882812,30.825117931043643],[75.92239379882812,30.825601624435894],[75.92197000980377,30.825601624435894],[75.92197000980377,30.825117931043643]],"angle":0,"polygonAreaPixels":7662.5,"tileOrigin":[47706368,27508992],"tileWidth":1024,"tileHeight":1024,"zoom":18,"sourceRunId":"e2b4882d-76fa-4556-9221-fdea886a3f66","sourceDates":[20201109],"imageryRelease":"2021-12-21","isField":true,"edgeFragment":true}},{"type":"Feature","id":"T072.f25","geometry":{"type":"Polygon","coordinates":[[[75.92094540596008,30.824459182790523],[75.92110097408295,30.824118290311656],[75.92175543308258,30.824320983282792],[75.92157304286957,30.824615808658827],[75.92139601707458,30.824988945727522],[75.92119216918945,30.824942879501197],[75.92095613479614,30.824887600000448],[75.92073619365692,30.824878386747226],[75.92094540596008,30.824459182790523]]]},"properties":{"id":"T072.f25","tileId":"T072","modelObjectId":"f25","label":"unburned-looking field","tags":["pale-windrows","curved-rows","tree-edge"],"note":"Numerous pale residue rows curve through the parcel; trees obscure part of its upper boundary.","visibility":"partial","center":[75.92124581336975,30.82455361900641],"polygon":[[715,157],[756,155],[800,143],[838,133],[871,214],[905,278],[783,322],[754,248]],"holes":[],"bbox":[715,133,905,322],"obb":[[785.2119375804579,327.3672014819932],[715,157.00000000000003],[834.7880624195424,107.63279851800678],[905.0000000000002,278]],"obbLonLat":[[75.92175543308258,30.824320983282792],[75.92137878689869,30.82510580275283],[75.92073619365692,30.824878386747226],[75.92111283984082,30.824093565418405],[75.92175543308258,30.824320983282792]],"angle":-112.39759795282485,"polygonAreaPixels":20477,"tileOrigin":[47706368,27508992],"tileWidth":1024,"tileHeight":1024,"zoom":18,"sourceRunId":"e2b4882d-76fa-4556-9221-fdea886a3f66","sourceDates":[20201109],"imageryRelease":"2021-12-21","isField":true,"edgeFragment":true}},{"type":"Feature","id":"T072.f26","geometry":{"type":"Polygon","coordinates":[[[75.92163741588593,30.82469412149718],[75.9217768907547,30.82458356217742],[75.9223347902298,30.824749401109322],[75.92223823070526,30.8250718648792],[75.921471118927,30.824993552348936],[75.92163741588593,30.82469412149718]]]},"properties":{"id":"T072.f26","tileId":"T072","modelObjectId":"f26","label":"unburned-looking field","tags":["pale-residue","repeated-rows","irregular-parcel"],"note":"Repeated pale residue rows cover most of the visible surface.","visibility":"clear","center":[75.9219029545784,30.82482771383871],"polygon":[[852,132],[995,115],[1013,185],[909,221],[883,197]],"holes":[],"bbox":[852,115,1013,221],"obb":[[990.2312404287902,96.45482388973966],[1015.2327718223584,193.6830015313936],[877.0015313935681,229.2281776416539],[852,131.99999999999997]],"obbLonLat":[[75.921471118927,30.824993552348936],[75.92160523759279,30.824545657909663],[75.92234676775121,30.824709401699426],[75.92221264908545,30.825157295374915],[75.921471118927,30.824993552348936]],"angle":75.57922687248903,"polygonAreaPixels":11285,"tileOrigin":[47706368,27508992],"tileWidth":1024,"tileHeight":1024,"zoom":18,"sourceRunId":"e2b4882d-76fa-4556-9221-fdea886a3f66","sourceDates":[20201109],"imageryRelease":"2021-12-21","isField":true,"edgeFragment":false}},{"type":"Feature","id":"T072.f27","geometry":{"type":"Polygon","coordinates":[[[75.92196464538574,30.824330196589493],[75.92209875583649,30.82418739023625],[75.92239379882812,30.824316376629113],[75.92235624790192,30.82468030158917],[75.92181980609894,30.824546709042533],[75.92196464538574,30.824330196589493]]]},"properties":{"id":"T072.f27","tileId":"T072","modelObjectId":"f27","label":"unburned-looking field","tags":["edge-truncated","curved-windrows","pale-residue"],"note":"Curved pale windrows remain distinct across this right-edge fragment.","visibility":"partial","center":[75.92210680246353,30.824433846229],"polygon":[[917,229],[1017,200],[1024,279],[969,307],[944,276]],"holes":[],"bbox":[917,200,1024,307],"obb":[[917,229.00000000000003],[1017,200.00000000000006],[1041.8991790425237,285.8592380776682],[941.8991790425238,314.8592380776681]],"obbLonLat":[[75.92195337570391,30.824151185391898],[75.92248981750689,30.824284778488803],[75.92235624790192,30.82468030158917],[75.92181980609894,30.824546709042533],[75.92195337570391,30.824151185391898]],"angle":-16.17215901578255,"polygonAreaPixels":7093.5,"tileOrigin":[47706368,27508992],"tileWidth":1024,"tileHeight":1024,"zoom":18,"sourceRunId":"e2b4882d-76fa-4556-9221-fdea886a3f66","sourceDates":[20201109],"imageryRelease":"2021-12-21","isField":true,"edgeFragment":true}},{"type":"Feature","id":"T072.f28","geometry":{"type":"Polygon","coordinates":[[[75.92226505279541,30.823864923496064],[75.92239379882812,30.82376357658264],[75.92239379882812,30.82426109676767],[75.92212557792664,30.82415053694933],[75.92226505279541,30.823864923496064]]]},"properties":{"id":"T072.f28","tileId":"T072","modelObjectId":"f28","label":"unburned-looking field","tags":["edge-truncated","residue-rows","narrow-fragment"],"note":"Pale rows occupy the narrow fragment beside the diagonal divider.","visibility":"partial","center":[75.92225968837738,30.824012336997384],"polygon":[[974,315],[1024,291],[1024,399],[1000,377]],"holes":[],"bbox":[974,291,1024,399],"obb":[[1024,291],[1024,399],[974,399],[974,291]],"obbLonLat":[[75.92212557792664,30.82426109676767],[75.92212557792664,30.82376357658264],[75.92239379882812,30.82376357658264],[75.92239379882812,30.82426109676767],[75.92212557792664,30.82426109676767]],"angle":90,"polygonAreaPixels":3158,"tileOrigin":[47706368,27508992],"tileWidth":1024,"tileHeight":1024,"zoom":18,"sourceRunId":"e2b4882d-76fa-4556-9221-fdea886a3f66","sourceDates":[20201109],"imageryRelease":"2021-12-21","isField":true,"edgeFragment":true}},{"type":"Feature","id":"T072.f29","geometry":{"type":"Polygon","coordinates":[[[75.92126190662384,30.823864923496064],[75.92140138149261,30.82362537607376],[75.92156767845154,30.823279873931384],[75.92170178890228,30.82310481903809],[75.92239379882812,30.82340886154329],[75.92239379882812,30.823648409505722],[75.92231333255768,30.823768183262843],[75.92203974723816,30.823989303652716],[75.92178761959076,30.824274916736016],[75.92112243175507,30.824081436998217],[75.92126190662384,30.823864923496064]]]},"properties":{"id":"T072.f29","tileId":"T072","modelObjectId":"f29","label":"unburned-looking field","tags":["edge-truncated","dense-windrows","curved-residue"],"note":"Dense pale windrows extend across the visible parcel without a coherent char/ash mosaic.","visibility":"partial","center":[75.9217581152916,30.82368986966932],"polygon":[[787,330],[911,288],[958,350],[1009,398],[1024,424],[1024,476],[895,542],[870,504],[839,429],[813,377]],"holes":[],"bbox":[787,288,1024,542],"obb":[[889.4005381407237,544.6710076685052],[787,330],[943.5414771962867,255.32791605004707],[1045.9420153370106,469.9989237185523]],"obbLonLat":[[75.9225115049708,30.823436506681396],[75.92196218567776,30.82442542566253],[75.92112243175507,30.824081436998217],[75.92167175104811,30.823092514474446],[75.9225115049708,30.823436506681396]],"angle":-115.5016785393231,"polygonAreaPixels":34318.5,"tileOrigin":[47706368,27508992],"tileWidth":1024,"tileHeight":1024,"zoom":18,"sourceRunId":"e2b4882d-76fa-4556-9221-fdea886a3f66","sourceDates":[20201109],"imageryRelease":"2021-12-21","isField":true,"edgeFragment":true}},{"type":"Feature","id":"T072.f30","geometry":{"type":"Polygon","coordinates":[[[75.91807007789612,30.82312324588399],[75.91897666454315,30.823505602138518],[75.91874063014984,30.8239478436184],[75.91778576374054,30.823560882434883],[75.91807007789612,30.82312324588399]]]},"properties":{"id":"T072.f30","tileId":"T072","modelObjectId":"f30","label":"unburned-looking field","tags":["parallel-rows","olive-cover","vegetation-edge"],"note":"Regular rows cross olive cover; trees and nearby structures interrupt part of the upper edge.","visibility":"partial","center":[75.91838121414185,30.823535545636336],"polygon":[[165,443],[343,359],[387,455],[218,538]],"holes":[],"bbox":[165,359,387,538],"obb":[[164.99999999999997,443.00000000000006],[343,359],[389.3192565823439,457.1527103768714],[211.31925658234383,541.1527103768715]],"obbLonLat":[[75.91803423959567,30.82310872225721],[75.91898910600497,30.82349568526284],[75.91874063014984,30.8239478436184],[75.91778576374054,30.823560882434883],[75.91803423959567,30.82310872225721]],"angle":-25.263098504499116,"polygonAreaPixels":20619,"tileOrigin":[47706368,27508992],"tileWidth":1024,"tileHeight":1024,"zoom":18,"sourceRunId":"e2b4882d-76fa-4556-9221-fdea886a3f66","sourceDates":[20201109],"imageryRelease":"2021-12-21","isField":true,"edgeFragment":true}},{"type":"Feature","id":"T072.f31","geometry":{"type":"Polygon","coordinates":[[[75.91832756996155,30.8226349332729],[75.91925024986267,30.82305414519363],[75.91899812221527,30.82347335528427],[75.91809689998627,30.823086392188657],[75.91832756996155,30.8226349332729]]]},"properties":{"id":"T072.f31","tileId":"T072","modelObjectId":"f31","label":"unburned-looking field","tags":["long-rows","uniform-cover","diagonal-bunds"],"note":"Long regular lines and consistent cover are visible between diagonal parcel divisions.","visibility":"clear","center":[75.91867357492447,30.82305414519363],"polygon":[[223,546],[391,462],[438,553],[266,644]],"holes":[],"bbox":[223,462,438,644],"obb":[[389.87092469018114,459.8139180171592],[438.8826501429934,554.7089609151573],[266,644],[216.98827454718776,549.1049571020019]],"obbLonLat":[[75.91806465057783,30.82307208854195],[75.91832756996155,30.8226349332729],[75.91925498476701,30.823046272498534],[75.91899206538332,30.823483425895017],[75.91806465057783,30.82307208854195]],"angle":62.68439202655774,"polygonAreaPixels":20002.5,"tileOrigin":[47706368,27508992],"tileWidth":1024,"tileHeight":1024,"zoom":18,"sourceRunId":"e2b4882d-76fa-4556-9221-fdea886a3f66","sourceDates":[20201109],"imageryRelease":"2021-12-21","isField":true,"edgeFragment":false}},{"type":"Feature","id":"T072.f32","geometry":{"type":"Polygon","coordinates":[[[75.91854751110077,30.822390776036176],[75.91874599456787,30.822482910915415],[75.91881573200226,30.822326281568113],[75.91949701309204,30.822644146741375],[75.91927170753479,30.82302189818778],[75.91834902763367,30.822602686126277],[75.91854751110077,30.822390776036176]]]},"properties":{"id":"T072.f32","tileId":"T072","modelObjectId":"f32","label":"unburned-looking field","tags":["linear-cover","irregular-corner","structure-edge"],"note":"Linear cover fills the parcel, with a structure and vegetation cutting into its lower boundary.","visibility":"partial","center":[75.91892302036285,30.822674090507817],"polygon":[[270,651],[442,560],[484,642],[357,711],[344,677],[307,697]],"holes":[],"bbox":[270,560,484,711],"obb":[[269.99999999999994,651],[442,560],[485.82852238214707,642.840723623399],[313.82852238214707,733.840723623399]],"obbLonLat":[[75.91858414214937,30.82222106002369],[75.9195068220505,30.822640273751187],[75.91927170753479,30.82302189818778],[75.91834902763367,30.822602686126277],[75.91858414214937,30.82222106002369]],"angle":-27.881963582871258,"polygonAreaPixels":15906.5,"tileOrigin":[47706368,27508992],"tileWidth":1024,"tileHeight":1024,"zoom":18,"sourceRunId":"e2b4882d-76fa-4556-9221-fdea886a3f66","sourceDates":[20201109],"imageryRelease":"2021-12-21","isField":true,"edgeFragment":true}},{"type":"Feature","id":"T072.f33","geometry":{"type":"Polygon","coordinates":[[[75.918949842453,30.823468748589928],[75.91904103755951,30.823284480634793],[75.91974377632141,30.82352863559921],[75.91944336891174,30.82387413684653],[75.91897666454315,30.823786609981443],[75.918949842453,30.823468748589928]]]},"properties":{"id":"T072.f33","tileId":"T072","modelObjectId":"f33","label":"unburned-looking field","tags":["fine-rows","olive-cover","track-bounded"],"note":"Fine agricultural rows remain visible across the muted surface.","visibility":"clear","center":[75.9193468093872,30.823579309193274],"polygon":[[387,394],[474,375],[530,450],[399,503],[382,463]],"holes":[],"bbox":[382,375,530,503],"obb":[[530,450.00000000000006],[398.29809714571854,503.283975963946],[358.71397095643465,405.44396594892333],[490.4158738107161,352.1599899849774]],"obbLonLat":[[75.91953143052118,30.82397935329224],[75.91882492645897,30.823733891286963],[75.9190372722592,30.82328317244178],[75.91974377632141,30.82352863559921],[75.91953143052118,30.82397935329224]],"angle":157.97272133082868,"polygonAreaPixels":11938.5,"tileOrigin":[47706368,27508992],"tileWidth":1024,"tileHeight":1024,"zoom":18,"sourceRunId":"e2b4882d-76fa-4556-9221-fdea886a3f66","sourceDates":[20201109],"imageryRelease":"2021-12-21","isField":true,"edgeFragment":false}},{"type":"Feature","id":"T072.f34","geometry":{"type":"Polygon","coordinates":[[[75.919309258461,30.822865269719603],[75.92004418373108,30.82316931298327],[75.91976523399353,30.823491782059456],[75.91906249523163,30.82324302029616],[75.919309258461,30.822865269719603]]]},"properties":{"id":"T072.f34","tileId":"T072","modelObjectId":"f34","label":"unburned-looking field","tags":["linear-texture","uniform-cover","haze"],"note":"A fairly even olive surface carries fine rows, with no distinct burn-like patches.","visibility":"clear","center":[75.91955333948135,30.823178526400476],"polygon":[[403,512],[534,458],[586,528],[449,594]],"holes":[],"bbox":[403,458,586,594],"obb":[[586,528],[443.72735135135133,596.540108108108],[403,512],[545.2726486486486,443.4598918918919]],"obbLonLat":[[75.91982570519318,30.82355876385546],[75.91906249523163,30.82324302029616],[75.91928097376953,30.82285356814341],[75.92004418373108,30.82316931298327],[75.91982570519318,30.82355876385546]],"angle":154.27747308366244,"polygonAreaPixels":13124,"tileOrigin":[47706368,27508992],"tileWidth":1024,"tileHeight":1024,"zoom":18,"sourceRunId":"e2b4882d-76fa-4556-9221-fdea886a3f66","sourceDates":[20201109],"imageryRelease":"2021-12-21","isField":true,"edgeFragment":false}},{"type":"Feature","id":"T072.f35","geometry":{"type":"Polygon","coordinates":[[[75.91949701309204,30.82262111306853],[75.91952383518219,30.822473697431477],[75.9201729297638,30.822731674647816],[75.92032313346863,30.822865269719603],[75.92006027698517,30.823132459305615],[75.91933071613312,30.822833022650325],[75.91949701309204,30.82262111306853]]]},"properties":{"id":"T072.f35","tileId":"T072","modelObjectId":"f35","label":"unburned-looking field","tags":["parallel-rows","tapered-boundary","muted-cover"],"note":"Parallel texture continues across the tapered parcel.","visibility":"clear","center":[75.91982692480087,30.82280307893344],"polygon":[[453,601],[589,536],[638,594],[610,623],[489,679],[484,647]],"holes":[],"bbox":[453,536,638,679],"obb":[[451.95849654504644,601.4977773865587],[606.3224770036531,527.7208749614894],[644.0763170635096,606.7135249328815],[489.71233660490293,680.4904273579508]],"obbLonLat":[[75.91952765645354,30.82246683141664],[75.92035572937345,30.822806702008815],[75.92015320199314,30.823170598831048],[75.91932512907323,30.82283072952679],[75.91952765645354,30.82246683141664]],"angle":-25.54505604400182,"polygonAreaPixels":13467,"tileOrigin":[47706368,27508992],"tileWidth":1024,"tileHeight":1024,"zoom":18,"sourceRunId":"e2b4882d-76fa-4556-9221-fdea886a3f66","sourceDates":[20201109],"imageryRelease":"2021-12-21","isField":true,"edgeFragment":false}},{"type":"Feature","id":"T072.f36","geometry":{"type":"Polygon","coordinates":[[[75.92093467712402,30.822911336942646],[75.9210741519928,30.822920550384598],[75.92118680477142,30.82276852847929],[75.9216696023941,30.823072572049256],[75.92156767845154,30.82323841359076],[75.92086493968964,30.82306796533569],[75.92093467712402,30.822911336942646]]]},"properties":{"id":"T072.f36","tileId":"T072","modelObjectId":"f36","label":"uncertain field","tags":["dark-patches","mixed-tones","soil-confounder"],"note":"Dark olive patches and lighter areas coexist, but no distinct char/ash texture separates burning from cover or soil variation.","visibility":"uncertain","center":[75.92126727104187,30.82300347132243],"polygon":[[739,550],[870,513],[889,549],[799,615],[778,582],[752,584]],"holes":[],"bbox":[739,513,889,615],"obb":[[739,550],[878.1795466810577,510.6897463572585],[899.614786832164,586.5820831084727],[760.4352401511063,625.8923367512142]],"obbLonLat":[[75.92097992727838,30.822718350432925],[75.92172654454797,30.822899442004907],[75.92161155695925,30.823249056248347],[75.92086493968964,30.82306796533569],[75.92097992727838,30.822718350432925]],"angle":-15.771948056854868,"polygonAreaPixels":7762,"tileOrigin":[47706368,27508992],"tileWidth":1024,"tileHeight":1024,"zoom":18,"sourceRunId":"e2b4882d-76fa-4556-9221-fdea886a3f66","sourceDates":[20201109],"imageryRelease":"2021-12-21","isField":true,"edgeFragment":false}},{"type":"Feature","id":"T072.f37","geometry":{"type":"Polygon","coordinates":[[[75.92068791389465,30.822681000606444],[75.9209132194519,30.822482910915415],[75.92117071151733,30.822644146741375],[75.92081129550934,30.823063358621887],[75.92053771018982,30.822938977265867],[75.92068791389465,30.822681000606444]]]},"properties":{"id":"T072.f37","tileId":"T072","modelObjectId":"f37","label":"unburned-looking field","tags":["pale-windrows","bent-rows","harvested-texture"],"note":"Closely spaced pale rows bend around the parcel ends.","visibility":"clear","center":[75.92085421085358,30.82277313520722],"polygon":[[678,578],[729,551],[796,642],[748,677],[706,634]],"holes":[],"bbox":[678,551,796,677],"obb":[[723.9631949882538,544.1589663273297],[796,642],[741.4570086139389,682.1580266249022],[669.4202036021927,584.3169929522319]],"obbLonLat":[[75.92049168457535,30.822909876644474],[75.92087812011096,30.82245914921587],[75.92117071151733,30.822644146741375],[75.92078427598173,30.82309487330166],[75.92049168457535,30.822909876644474]],"angle":53.637131415070755,"polygonAreaPixels":7400,"tileOrigin":[47706368,27508992],"tileWidth":1024,"tileHeight":1024,"zoom":18,"sourceRunId":"e2b4882d-76fa-4556-9221-fdea886a3f66","sourceDates":[20201109],"imageryRelease":"2021-12-21","isField":true,"edgeFragment":false}},{"type":"Feature","id":"T072.f38","geometry":{"type":"Polygon","coordinates":[[[75.92046797275543,30.82252897832189],[75.92059671878815,30.822372349049726],[75.92082738876343,30.822243360045526],[75.92097222805023,30.822326281568113],[75.92068791389465,30.82262571980354],[75.92051088809967,30.82289751677806],[75.92019975185394,30.82271785445736],[75.92046797275543,30.82252897832189]]]},"properties":{"id":"T072.f38","tileId":"T072","modelObjectId":"f38","label":"unburned-looking field","tags":["pale-residue","lengthwise-strips","mixed-cover"],"note":"Pale lengthwise strips alternate with muted cover without a coherent char-like pattern.","visibility":"clear","center":[75.92058598995209,30.822570438968814],"polygon":[[615,626],[673,587],[706,646],[759,711],[732,729],[689,701],[665,667]],"holes":[],"bbox":[615,587,759,729],"obb":[[672.4259617073599,586.1723168803793],[759,710.9999999999999],[701.57403829264,750.8276831196205],[615,625.9999999999999]],"obbLonLat":[[75.92019975185394,30.82271785445736],[75.92066417118585,30.82214280524287],[75.92097222805023,30.822326281568113],[75.92050780871833,30.82290132968391],[75.92019975185394,30.82271785445736]],"angle":55.2568198416964,"polygonAreaPixels":7444,"tileOrigin":[47706368,27508992],"tileWidth":1024,"tileHeight":1024,"zoom":18,"sourceRunId":"e2b4882d-76fa-4556-9221-fdea886a3f66","sourceDates":[20201109],"imageryRelease":"2021-12-21","isField":true,"edgeFragment":false}},{"type":"Feature","id":"T072.f39","geometry":{"type":"Polygon","coordinates":[[[75.91999053955078,30.822436843486855],[75.92010855674744,30.822335495066206],[75.9205162525177,30.822197292502047],[75.9206074476242,30.822284820815774],[75.9204089641571,30.822367742302557],[75.92016220092773,30.822676393874076],[75.91983497142792,30.82255661875516],[75.91999053955078,30.822436843486855]]]},"properties":{"id":"T072.f39","tileId":"T072","modelObjectId":"f39","label":"uncertain field","tags":["patchy-surface","pale-soil","residue-confounder"],"note":"Irregular pale and gray-olive patches could reflect disturbed soil or uneven residue; burn evidence is not distinct.","visibility":"uncertain","center":[75.92022120952606,30.822436843486855],"polygon":[[547,661],[608,635],[654,702],[691,720],[674,739],[598,709],[576,687]],"holes":[],"bbox":[547,635,691,739],"obb":[[653.2733944954128,761.0220183486239],[547,661.0000000000001],[588.6293577981652,616.7688073394496],[694.902752293578,716.7908256880734]],"obbLonLat":[[75.92062838361898,30.82229960468243],[75.92005828870546,30.822760380064544],[75.91983497142792,30.82255661875516],[75.92040506634143,30.82209584239533],[75.92062838361898,30.82229960468243]],"angle":-136.7357045889284,"polygonAreaPixels":5741.5,"tileOrigin":[47706368,27508992],"tileWidth":1024,"tileHeight":1024,"zoom":18,"sourceRunId":"e2b4882d-76fa-4556-9221-fdea886a3f66","sourceDates":[20201109],"imageryRelease":"2021-12-21","isField":true,"edgeFragment":false}},{"type":"Feature","id":"T072.f40","geometry":{"type":"Polygon","coordinates":[[[75.92045724391937,30.82187021230781],[75.9208220243454,30.82216504520845],[75.92065572738647,30.82224796679866],[75.92048943042755,30.82216504520845],[75.92010855674744,30.822298641068546],[75.92045724391937,30.82187021230781]]]},"properties":{"id":"T072.f40","tileId":"T072","modelObjectId":"f40","label":"uncertain field","tags":["streaked-surface","mixed-tones","soil-confounder"],"note":"Broad gray-olive streaks and pale strips are ambiguous between worked soil and residue variation.","visibility":"uncertain","center":[75.92046529054642,30.822084426927105],"polygon":[[598,717],[669,746],[700,728],[731,746],[663,810]],"holes":[],"bbox":[598,717,731,810],"obb":[[731.0000000000001,746.0000000000001],[663.0000000000001,810.0000000000001],[586.0532110091743,728.2440366972478],[654.0532110091743,664.2440366972478]],"obbLonLat":[[75.92040924960321,30.822541674326178],[75.92004446917718,30.822246842581873],[75.92045724391937,30.82187021230781],[75.9208220243454,30.82216504520845],[75.92040924960321,30.822541674326178]],"angle":136.7357045889284,"polygonAreaPixels":4901,"tileOrigin":[47706368,27508992],"tileWidth":1024,"tileHeight":1024,"zoom":18,"sourceRunId":"e2b4882d-76fa-4556-9221-fdea886a3f66","sourceDates":[20201109],"imageryRelease":"2021-12-21","isField":true,"edgeFragment":false}},{"type":"Feature","id":"T072.f41","geometry":{"type":"Polygon","coordinates":[[[75.91991543769836,30.8216997616242],[75.92030167579651,30.821860998765075],[75.91979742050171,30.822565832231152],[75.91942727565765,30.822409203019095],[75.91991543769836,30.8216997616242]]]},"properties":{"id":"T072.f41","tileId":"T072","modelObjectId":"f41","label":"unburned-looking field","tags":["tan-residue","fine-rows","uniform-cover"],"note":"Tan residue and fine linear texture dominate the visible parcel.","visibility":"clear","center":[75.91986447572708,30.82213279790403],"polygon":[[471,693],[540,659],[634,812],[562,847]],"holes":[],"bbox":[471,659,634,847],"obb":[[565.3047473200613,852.5926493108731],[471.00000000000006,693.0000000000001],[539.6952526799388,652.4073506891272],[634.0000000000001,812.0000000000001]],"obbLonLat":[[75.92030167579651,30.821860998765075],[75.91979578570968,30.822596202832955],[75.91942727565765,30.822409203019095],[75.91993316574448,30.821673997519543],[75.92030167579651,30.821860998765075]],"angle":-120.57922687248902,"polygonAreaPixels":14013,"tileOrigin":[47706368,27508992],"tileWidth":1024,"tileHeight":1024,"zoom":18,"sourceRunId":"e2b4882d-76fa-4556-9221-fdea886a3f66","sourceDates":[20201109],"imageryRelease":"2021-12-21","isField":true,"edgeFragment":false}},{"type":"Feature","id":"T072.f42","geometry":{"type":"Polygon","coordinates":[[[75.91912150382996,30.82143256805186],[75.91987788677216,30.821713581961166],[75.91937363147736,30.822441450230702],[75.91881573200226,30.82220189925739],[75.91912150382996,30.82143256805186]]]},"properties":{"id":"T072.f42","tileId":"T072","modelObjectId":"f42","label":"unburned-looking field","tags":["olive-cover","lengthwise-rows","road-bounded"],"note":"Long parallel rows are visible between the road and the tan neighboring parcel.","visibility":"clear","center":[75.9193468093872,30.821937010466172],"polygon":[[357,738],[461,686],[555,844],[414,905]],"holes":[],"bbox":[357,686,555,905],"obb":[[555,844],[413.99999999999994,905.0000000000001],[341.6022370985509,737.6543513261589],[482.602237098551,676.6543513261588]],"obbLonLat":[[75.91948951490753,30.822484503229575],[75.91873313196533,30.822203491576204],[75.91912150382996,30.82143256805186],[75.91987788677216,30.821713581961166],[75.91948951490753,30.822484503229575]],"angle":156.6055272426385,"polygonAreaPixels":24172,"tileOrigin":[47706368,27508992],"tileWidth":1024,"tileHeight":1024,"zoom":18,"sourceRunId":"e2b4882d-76fa-4556-9221-fdea886a3f66","sourceDates":[20201109],"imageryRelease":"2021-12-21","isField":true,"edgeFragment":false}},{"type":"Feature","id":"T072.f43","geometry":{"type":"Polygon","coordinates":[[[75.92018365859985,30.821340432164888],[75.92052698135376,30.821478635962205],[75.92032849788666,30.82182414458532],[75.91994762420654,30.821667514163536],[75.92018365859985,30.821340432164888]]]},"properties":{"id":"T072.f43","tileId":"T072","modelObjectId":"f43","label":"unburned-looking field","tags":["pale-residue","crosswise-lines","mixed-cover"],"note":"Pale residue with a few darker linear marks lacks a distinct char/ash pattern.","visibility":"clear","center":[75.92023730278015,30.821582288679664],"polygon":[[568,854],[639,820],[676,895],[612,925]],"holes":[],"bbox":[568,820,676,925],"obb":[[638.5926508435803,819.1742922505005],[676,895],[605.4073491564199,929.8257077494995],[568,854]],"obbLonLat":[[75.91994762420654,30.821667514163536],[75.92014829286478,30.82131820110847],[75.92052698135376,30.821478635962205],[75.92032631269552,30.821827948433693],[75.91994762420654,30.821667514163536]],"angle":63.74134044519273,"polygonAreaPixels":6223.5,"tileOrigin":[47706368,27508992],"tileWidth":1024,"tileHeight":1024,"zoom":18,"sourceRunId":"e2b4882d-76fa-4556-9221-fdea886a3f66","sourceDates":[20201109],"imageryRelease":"2021-12-21","isField":true,"edgeFragment":false}},{"type":"Feature","id":"T072.f44","geometry":{"type":"Polygon","coordinates":[[[75.92041432857513,30.821087058019916],[75.92078447341919,30.821206834971758],[75.92055380344391,30.821437174843886],[75.92021584510803,30.82130818458356],[75.92041432857513,30.821087058019916]]]},"properties":{"id":"T072.f44","tileId":"T072","modelObjectId":"f44","label":"unburned-looking field","tags":["tan-residue","linear-texture","tapered-parcel"],"note":"Tan residue covers the tapered parcel with faint darker rows.","visibility":"clear","center":[75.92050015926361,30.821262116591456],"polygon":[[618,932],[681,904],[724,954],[655,980]],"holes":[],"bbox":[618,904,724,980],"obb":[[617.9999999999999,931.9999999999999],[698.3505154639175,896.2886597938143],[724,954],[643.6494845360824,989.7113402061856]],"obbLonLat":[[75.92035343966535,30.82104231972282],[75.92078447341919,30.821206834971758],[75.92064687886187,30.821472699377065],[75.92021584510803,30.82130818458356],[75.92035343966535,30.82104231972282]],"angle":-23.962488974578182,"polygonAreaPixels":4314,"tileOrigin":[47706368,27508992],"tileWidth":1024,"tileHeight":1024,"zoom":18,"sourceRunId":"e2b4882d-76fa-4556-9221-fdea886a3f66","sourceDates":[20201109],"imageryRelease":"2021-12-21","isField":true,"edgeFragment":false}},{"type":"Feature","id":"T072.f45","geometry":{"type":"Polygon","coordinates":[[[75.91932535171509,30.821068630783294],[75.92018902301788,30.821275936991412],[75.91991543769836,30.82167672772483],[75.9191483259201,30.821395713707677],[75.91932535171509,30.821068630783294]]]},"properties":{"id":"T072.f45","tileId":"T072","modelObjectId":"f45","label":"unburned-looking field","tags":["parallel-rows","olive-cover","diagonal-bunds"],"note":"Fine parallel rows cover the field between distinct diagonal boundaries.","visibility":"clear","center":[75.919668674469,30.821372679735383],"polygon":[[419,913],[562,852],[613,939],[452,984]],"holes":[],"bbox":[419,852,613,984],"obb":[[418.9999999999999,912.9999999999999],[573.7500206868017,846.9877534133221],[612.9999999999999,938.9999999999999],[458.2499793131981,1005.0122465866776]],"obbLonLat":[[75.91935887921679,30.82097183131528],[75.92018902301788,30.821275936991412],[75.9199784697212,30.82169981804152],[75.9191483259201,30.821395713707677],[75.91935887921679,30.82097183131528]],"angle":-23.101807194361005,"polygonAreaPixels":14234,"tileOrigin":[47706368,27508992],"tileWidth":1024,"tileHeight":1024,"zoom":18,"sourceRunId":"e2b4882d-76fa-4556-9221-fdea886a3f66","sourceDates":[20201109],"imageryRelease":"2021-12-21","isField":true,"edgeFragment":false}},{"type":"Feature","id":"T072.f46","geometry":{"type":"Polygon","coordinates":[[[75.91943264007568,30.820884358222617],[75.91989934444427,30.820884358222617],[75.9203714132309,30.821059417163656],[75.92022120952606,30.821239082587123],[75.91935217380524,30.82102716948798],[75.91943264007568,30.820884358222617]]]},"properties":{"id":"T072.f46","tileId":"T072","modelObjectId":"f46","label":"unburned-looking field","tags":["edge-truncated","olive-cover","linear-texture"],"note":"The lower field fragment retains regular linear cover.","visibility":"partial","center":[75.91986179351807,30.82106172056866],"polygon":[[457,993],[619,947],[647,986],[559,1024],[472,1024]],"holes":[],"bbox":[457,947,647,1024],"obb":[[457,993.0000000000001],[634.6630465444289,942.5524682651622],[650.4191819464033,998.041466854725],[472.7561354019746,1048.4889985895627]],"obbLonLat":[[75.91943669630209,30.82077154178616],[75.92038975515214,30.821003944397248],[75.92030523265535,30.821259571480443],[75.91935217380524,30.82102716948798],[75.91943669630209,30.82077154178616]],"angle":-15.851928154286952,"polygonAreaPixels":8453.5,"tileOrigin":[47706368,27508992],"tileWidth":1024,"tileHeight":1024,"zoom":18,"sourceRunId":"e2b4882d-76fa-4556-9221-fdea886a3f66","sourceDates":[20201109],"imageryRelease":"2021-12-21","isField":true,"edgeFragment":true}},{"type":"Feature","id":"T072.f47","geometry":{"type":"Polygon","coordinates":[[[75.92005491256714,30.820884358222617],[75.92089712619781,30.820884358222617],[75.9209668636322,30.82092121276304],[75.92079520225525,30.821169980540954],[75.92041432857513,30.821040989921737],[75.92005491256714,30.820884358222617]]]},"properties":{"id":"T072.f47","tileId":"T072","modelObjectId":"f47","label":"unburned-looking field","tags":["edge-truncated","green-cover","faint-rows"],"note":"Muted green cover and faint rows extend beyond the lower image edge.","visibility":"partial","center":[75.92051088809967,30.82102716948798],"polygon":[[655,990],[726,962],[758,1016],[745,1024],[588,1024]],"holes":[],"bbox":[588,962,758,1024],"obb":[[585.4139055793992,1017.4424034334764],[735.2635193133048,958.3467811158798],[758.9806008583691,1018.4865236051503],[609.1309871244636,1077.5821459227468]],"obbLonLat":[[75.92016826801546,30.82063751468767],[75.92097212398511,30.820909757803964],[75.9208448956453,30.82118681020553],[75.9200410396756,30.820914567874638],[75.92016826801546,30.82063751468767]],"angle":-21.522600107907078,"polygonAreaPixels":5615,"tileOrigin":[47706368,27508992],"tileWidth":1024,"tileHeight":1024,"zoom":18,"sourceRunId":"e2b4882d-76fa-4556-9221-fdea886a3f66","sourceDates":[20201109],"imageryRelease":"2021-12-21","isField":true,"edgeFragment":true}},{"type":"Feature","id":"T072.f48","geometry":{"type":"Polygon","coordinates":[[[75.91690063476562,30.82405379700384],[75.91724932193756,30.82404458367062],[75.91724932193756,30.824191996896122],[75.91708838939667,30.82458356217742],[75.91690063476562,30.824551315685174],[75.91690063476562,30.82405379700384]]]},"properties":{"id":"T072.f48","tileId":"T072","modelObjectId":"f48","label":"uncertain field","tags":["edge-truncated","haze","indistinct-texture"],"note":"Haze and weak surface detail prevent reliable separation of crop, bare soil and residue conditions.","visibility":"partial","center":[75.9170749783516,30.824314073302187],"polygon":[[0,228],[35,221],[65,306],[65,338],[0,336]],"holes":[],"bbox":[0,221,65,338],"obb":[[65,221],[65,338],[1.2246467991473515e-16,338],[-7.0417190950972805e-15,221]],"obbLonLat":[[75.91690063476562,30.82458356217742],[75.91690063476562,30.82404458367062],[75.91724932193756,30.82404458367062],[75.91724932193756,30.82458356217742],[75.91690063476562,30.82458356217742]],"angle":90,"polygonAreaPixels":6142.5,"tileOrigin":[47706368,27508992],"tileWidth":1024,"tileHeight":1024,"zoom":18,"sourceRunId":"e2b4882d-76fa-4556-9221-fdea886a3f66","sourceDates":[20201109],"imageryRelease":"2021-12-21","isField":true,"edgeFragment":true}},{"type":"Feature","id":"T072.f49","geometry":{"type":"Polygon","coordinates":[[[75.91690063476562,30.82365301619145],[75.91706693172455,30.823717509768446],[75.91705620288849,30.824003123660173],[75.91690063476562,30.824007730328884],[75.91690063476562,30.82365301619145]]]},"properties":{"id":"T072.f49","tileId":"T072","modelObjectId":"f49","label":"uncertain field","tags":["edge-truncated","dark-surface","shadow-confounder"],"note":"The narrow dark fragment is insufficiently resolved to distinguish cover or shadow from burn-related darkening.","visibility":"partial","center":[75.91698378324509,30.82383037342396],"polygon":[[0,346],[29,347],[31,409],[0,423]],"holes":[],"bbox":[0,346,31,423],"obb":[[-4.714890176717313e-15,423],[0,346],[31.000000000000004,346],[31,423]],"obbLonLat":[[75.91706693172455,30.82365301619145],[75.91706693172455,30.824007730328884],[75.91690063476562,30.824007730328884],[75.91690063476562,30.82365301619145],[75.91706693172455,30.82365301619145]],"angle":-90,"polygonAreaPixels":2091.5,"tileOrigin":[47706368,27508992],"tileWidth":1024,"tileHeight":1024,"zoom":18,"sourceRunId":"e2b4882d-76fa-4556-9221-fdea886a3f66","sourceDates":[20201109],"imageryRelease":"2021-12-21","isField":true,"edgeFragment":true}},{"type":"Feature","id":"T072.f50","geometry":{"type":"Polygon","coordinates":[[[75.91690063476562,30.822759315022743],[75.91755509376526,30.82299886460554],[75.91736733913422,30.82341346824051],[75.91715812683105,30.82347335528427],[75.91708302497864,30.82365301619145],[75.91690063476562,30.82361155601193],[75.91690063476562,30.822759315022743]]]},"properties":{"id":"T072.f50","tileId":"T072","modelObjectId":"f50","label":"unburned-looking field","tags":["edge-truncated","muted-cover","settlement-edge"],"note":"Muted agricultural cover is visible around the settlement edge without identifiable char/ash patches.","visibility":"partial","center":[75.91722786426544,30.823206166646788],"polygon":[[0,432],[34,423],[48,462],[87,475],[122,565],[0,617]],"holes":[],"bbox":[0,423,122,617],"obb":[[61.045576407506715,408.26005361930294],[123.53887399463805,568.9571045576407],[-2.842170943040401e-14,617],[-62.493297587131366,456.3029490616622]],"obbLonLat":[[75.91656539459333,30.823499599852408],[75.91690063476562,30.822759315022743],[75.91756334892864,30.82298063534298],[75.91722810875635,30.82372091846644],[75.91656539459333,30.823499599852408]],"angle":68.74949449286676,"polygonAreaPixels":14900.5,"tileOrigin":[47706368,27508992],"tileWidth":1024,"tileHeight":1024,"zoom":18,"sourceRunId":"e2b4882d-76fa-4556-9221-fdea886a3f66","sourceDates":[20201109],"imageryRelease":"2021-12-21","isField":true,"edgeFragment":true}},{"type":"Feature","id":"T072.f51","geometry":{"type":"Polygon","coordinates":[[[75.91759264469147,30.822865269719603],[75.91795206069946,30.82305414519363],[75.91771066188812,30.823524028907507],[75.9173834323883,30.823395041450308],[75.91759264469147,30.822865269719603]]]},"properties":{"id":"T072.f51","tileId":"T072","modelObjectId":"f51","label":"unburned-looking field","tags":["linear-cover","road-bounded","vegetation-edge"],"note":"Fine rows occupy the roadside parcel, with vegetation obscuring part of its upper boundary.","visibility":"partial","center":[75.91766774654388,30.823194649878456],"polygon":[[90,479],[151,451],[196,553],[129,594]],"holes":[],"bbox":[90,451,196,594],"obb":[[151.00000000000006,451.00000000000006],[200.2251991310645,562.5771180304129],[129,594.0000000000002],[79.77480086893557,482.4228819695873]],"obbLonLat":[[75.91732858014572,30.823379273265513],[75.91759264469147,30.822865269719603],[75.91797472643387,30.823010026136448],[75.91771066188812,30.823524028907507],[75.91732858014572,30.823379273265513]],"angle":66.19405648154229,"polygonAreaPixels":8393,"tileOrigin":[47706368,27508992],"tileWidth":1024,"tileHeight":1024,"zoom":18,"sourceRunId":"e2b4882d-76fa-4556-9221-fdea886a3f66","sourceDates":[20201109],"imageryRelease":"2021-12-21","isField":true,"edgeFragment":true}},{"type":"Feature","id":"T072.f52","geometry":{"type":"Polygon","coordinates":[[[75.91690063476562,30.822464483946643],[75.91701328754425,30.822340101814913],[75.91778576374054,30.82260729286217],[75.91757118701935,30.822966617581127],[75.91690063476562,30.82272706791788],[75.91690063476562,30.822464483946643]]]},"properties":{"id":"T072.f52","tileId":"T072","modelObjectId":"f52","label":"unburned-looking field","tags":["edge-truncated","faint-rows","uniform-cover"],"note":"Faint parallel rows cross a relatively even olive surface.","visibility":"partial","center":[75.91734319925308,30.822653360208964],"polygon":[[0,624],[125,572],[165,650],[21,708],[0,681]],"holes":[],"bbox":[0,572,165,708],"obb":[[-20.213868732609512,632.4089693927656],[131.437885318348,569.3218397075673],[165.00000000000003,650],[13.348245949042507,713.0871296851983]],"obbLonLat":[[75.91697224033686,30.822316666684483],[75.91778576374054,30.82260729286217],[75.91760572252744,30.82297895511101],[75.91679219912376,30.822688330058178],[75.91697224033686,30.822316666684483]],"angle":-22.587310531365727,"polygonAreaPixels":13170.5,"tileOrigin":[47706368,27508992],"tileWidth":1024,"tileHeight":1024,"zoom":18,"sourceRunId":"e2b4882d-76fa-4556-9221-fdea886a3f66","sourceDates":[20201109],"imageryRelease":"2021-12-21","isField":true,"edgeFragment":true}},{"type":"Feature","id":"T072.f53","geometry":{"type":"Polygon","coordinates":[[[75.91781795024872,30.822464483946643],[75.91820955276489,30.8226349332729],[75.91797351837158,30.823008078039102],[75.91760873794556,30.822828415925265],[75.91781795024872,30.822464483946643]]]},"properties":{"id":"T072.f53","tileId":"T072","modelObjectId":"f53","label":"unburned-looking field","tags":["diagonal-bunds","muted-cover","linear-texture"],"note":"The parcel shows muted cover and regular surface lines.","visibility":"clear","center":[75.91790914535522,30.82273628137752],"polygon":[[132,602],[200,563],[244,644],[171,681]],"holes":[],"bbox":[132,563,244,681],"obb":[[200,563],[244.00000000000006,644],[172.11333411792404,683.0495468989055],[128.11333411792398,602.0495468989054]],"obbLonLat":[[75.91758788824504,30.82282818767632],[75.91782392263835,30.822455042211097],[75.91820955276489,30.8226349332729],[75.91797351837158,30.823008078039102],[75.91758788824504,30.82282818767632]],"angle":61.48875370589126,"polygonAreaPixels":7217,"tileOrigin":[47706368,27508992],"tileWidth":1024,"tileHeight":1024,"zoom":18,"sourceRunId":"e2b4882d-76fa-4556-9221-fdea886a3f66","sourceDates":[20201109],"imageryRelease":"2021-12-21","isField":true,"edgeFragment":false}},{"type":"Feature","id":"T072.f54","geometry":{"type":"Polygon","coordinates":[[[75.91794669628143,30.822105157348773],[75.91843485832214,30.82222493303079],[75.91823101043701,30.822593472653818],[75.91769456863403,30.822386169289896],[75.91794669628143,30.822105157348773]]]},"properties":{"id":"T072.f54","tileId":"T072","modelObjectId":"f54","label":"unburned-looking field","tags":["olive-cover","fine-rows","road-bounded"],"note":"Fine rows remain visible beside the diagonal road.","visibility":"clear","center":[75.91806471347809,30.82234931531168],"polygon":[[148,698],[248,653],[286,733],[195,759]],"holes":[],"bbox":[148,653,286,759],"obb":[[148.00000000000003,698],[249.66320166320162,652.2515592515593],[286,733.0000000000001],[184.3367983367984,778.7484407484408]],"obbLonLat":[[75.91788949441019,30.82201418098126],[75.91843485832214,30.82222493303079],[75.91823993254599,30.82259692052304],[75.91769456863403,30.822386169289896],[75.91788949441019,30.82201418098126]],"angle":-24.22774531795417,"polygonAreaPixels":8241.5,"tileOrigin":[47706368,27508992],"tileWidth":1024,"tileHeight":1024,"zoom":18,"sourceRunId":"e2b4882d-76fa-4556-9221-fdea886a3f66","sourceDates":[20201109],"imageryRelease":"2021-12-21","isField":true,"edgeFragment":false}},{"type":"Feature","id":"T072.f55","geometry":{"type":"Polygon","coordinates":[[[75.91690063476562,30.821520097062614],[75.91732442378998,30.821612232777206],[75.91701865196228,30.822317068069143],[75.91690063476562,30.82229403431784],[75.91690063476562,30.821520097062614]]]},"properties":{"id":"T072.f55","tileId":"T072","modelObjectId":"f55","label":"unburned-looking field","tags":["edge-truncated","long-residue-rows","narrow-fragment"],"note":"Long pale residue lines extend through this left-edge fragment.","visibility":"partial","center":[75.9171125292778,30.82191858339264],"polygon":[[0,718],[22,713],[79,866],[0,886]],"holes":[],"bbox":[0,713,79,886],"obb":[[79.00000000000003,866.0000000000001],[2.842170943040401e-14,886.0000000000001],[-39.96988405360639,728.1189579882548],[39.03011594639361,708.1189579882548]],"obbLonLat":[[75.91711000862333,30.82233955380537],[75.91668621959897,30.822247418788585],[75.91690063476562,30.821520097062614],[75.91732442378998,30.821612232777206],[75.91711000862333,30.82233955380537]],"angle":165.79323388223963,"polygonAreaPixels":8461.5,"tileOrigin":[47706368,27508992],"tileWidth":1024,"tileHeight":1024,"zoom":18,"sourceRunId":"e2b4882d-76fa-4556-9221-fdea886a3f66","sourceDates":[20201109],"imageryRelease":"2021-12-21","isField":true,"edgeFragment":true}},{"type":"Feature","id":"T072.f56","geometry":{"type":"Polygon","coordinates":[[[75.9173458814621,30.821672120944292],[75.9173995256424,30.821736615851695],[75.91742634773254,30.821976167985678],[75.91752290725708,30.82217886547846],[75.91737806797028,30.822436843486855],[75.91709911823273,30.822340101814913],[75.9173458814621,30.821672120944292]]]},"properties":{"id":"T072.f56","tileId":"T072","modelObjectId":"f56","label":"unburned-looking field","tags":["mixed-cover","pale-patch","vegetation-edge"],"note":"Pale residue and olive cover coexist, with irregular vegetation along part of the boundary.","visibility":"partial","center":[75.9173110127449,30.82205448297679],"polygon":[[37,708],[89,687],[116,743],[98,787],[93,839],[83,853]],"holes":[],"bbox":[37,687,116,853],"obb":[[83,853],[35.7019575644959,703.9083444967806],[97.39008685882199,684.3383172723737],[144.68812929432607,833.4299727755931]],"obbLonLat":[[75.9176768023751,30.82176227572465],[75.91742307590349,30.822449105176908],[75.91709215499046,30.82235895104135],[75.9173458814621,30.821672120944292],[75.9176768023751,30.82176227572465]],"angle":-107.60118136778561,"polygonAreaPixels":6623,"tileOrigin":[47706368,27508992],"tileWidth":1024,"tileHeight":1024,"zoom":18,"sourceRunId":"e2b4882d-76fa-4556-9221-fdea886a3f66","sourceDates":[20201109],"imageryRelease":"2021-12-21","isField":true,"edgeFragment":true}},{"type":"Feature","id":"T072.f57","geometry":{"type":"Polygon","coordinates":[[[75.91753363609314,30.82217886547846],[75.9175980091095,30.822040662688885],[75.91790914535522,30.82212819114537],[75.9176516532898,30.822423023253968],[75.91741561889648,30.8224045962737],[75.91753363609314,30.82217886547846]]]},"properties":{"id":"T072.f57","tileId":"T072","modelObjectId":"f57","label":"unburned-looking field","tags":["pale-residue","mixed-cover","irregular-parcel"],"note":"A broad pale residue patch contrasts with darker olive cover without distinct ash-like texture.","visibility":"clear","center":[75.91766238212585,30.82223184316173],"polygon":[[96,694],[140,690],[188,754],[130,773],[118,743]],"holes":[],"bbox":[96,690,188,773],"obb":[[132.16493172907937,778.0302825469786],[95.99999999999997,694],[151.8350682709206,669.9697174530214],[188,754]],"obbLonLat":[[75.91790914535522,30.82212819114537],[75.9177151415434,30.822515297606085],[75.91741561889648,30.8224045962737],[75.91760962270831,30.822017489366736],[75.91790914535522,30.82212819114537]],"angle":-113.28606491822357,"polygonAreaPixels":4082,"tileOrigin":[47706368,27508992],"tileWidth":1024,"tileHeight":1024,"zoom":18,"sourceRunId":"e2b4882d-76fa-4556-9221-fdea886a3f66","sourceDates":[20201109],"imageryRelease":"2021-12-21","isField":true,"edgeFragment":false}},{"type":"Feature","id":"T072.f58","geometry":{"type":"Polygon","coordinates":[[[75.91743171215057,30.821672120944292],[75.91820418834686,30.821828751358556],[75.91808080673218,30.82206369650096],[75.91791987419128,30.822082123546643],[75.91747999191284,30.821980774751626],[75.91743171215057,30.821672120944292]]]},"properties":{"id":"T072.f58","tileId":"T072","modelObjectId":"f58","label":"unburned-looking field","tags":["green-cover","parallel-rows","tree-edge"],"note":"Parallel rows cross green cover, while trees obscure the upper-right boundary.","visibility":"partial","center":[75.91781795024872,30.82187712246428],"polygon":[[108,786],[190,764],[220,768],[243,819],[99,853]],"holes":[],"bbox":[99,764,243,853],"obb":[[243,819.0000000000001],[98.99999999999999,853.0000000000001],[83.90096839027954,789.0511602411841],[227.90096839027956,755.0511602411841]],"obbLonLat":[[75.91812319082945,30.822123348703588],[75.91735071463316,30.821966718769826],[75.91743171215057,30.821672120944292],[75.91820418834686,30.821828751358556],[75.91812319082945,30.822123348703588]],"angle":166.71513351509782,"polygonAreaPixels":8228,"tileOrigin":[47706368,27508992],"tileWidth":1024,"tileHeight":1024,"zoom":18,"sourceRunId":"e2b4882d-76fa-4556-9221-fdea886a3f66","sourceDates":[20201109],"imageryRelease":"2021-12-21","isField":true,"edgeFragment":true}},{"type":"Feature","id":"T072.f59","geometry":{"type":"Polygon","coordinates":[[[75.91690063476562,30.82120222816869],[75.91737270355225,30.82131279138156],[75.91729760169983,30.82156616493096],[75.91690063476562,30.821478635962205],[75.91690063476562,30.82120222816869]]]},"properties":{"id":"T072.f59","tileId":"T072","modelObjectId":"f59","label":"unburned-looking field","tags":["edge-truncated","tan-surface","residue-cover"],"note":"The visible parcel has a comparatively uniform tan residue surface.","visibility":"partial","center":[75.91713666915894,30.821384196722224],"polygon":[[0,895],[74,876],[88,931],[0,955]],"holes":[],"bbox":[0,876,88,955],"obb":[[-14.452629775569648,898.7108103477813],[73.99999999999997,875.9999999999999],[88.45262977556962,932.2891896522185],[0,954.9999999999999]],"obbLonLat":[[75.91690063476562,30.82120222816869],[75.91737513164756,30.821306852345213],[75.91729760169983,30.82156616493096],[75.9168231048179,30.821461541036935],[75.91690063476562,30.82120222816869]],"angle":-14.400021306791052,"polygonAreaPixels":4808,"tileOrigin":[47706368,27508992],"tileWidth":1024,"tileHeight":1024,"zoom":18,"sourceRunId":"e2b4882d-76fa-4556-9221-fdea886a3f66","sourceDates":[20201109],"imageryRelease":"2021-12-21","isField":true,"edgeFragment":true}},{"type":"Feature","id":"T072.f60","geometry":{"type":"Polygon","coordinates":[[[75.91690063476562,30.820925819579603],[75.91746389865875,30.821059417163656],[75.91738879680634,30.821271330191646],[75.91690063476562,30.821165373736108],[75.91690063476562,30.820925819579603]]]},"properties":{"id":"T072.f60","tileId":"T072","modelObjectId":"f60","label":"unburned-looking field","tags":["edge-truncated","olive-cover","parallel-lines"],"note":"Fine parallel lines remain visible across the lower-left fragment.","visibility":"partial","center":[75.91718226671219,30.821098575041013],"polygon":[[0,963],[91,940],[105,986],[0,1015]],"holes":[],"bbox":[0,940,105,1015],"obb":[[105,985.9999999999999],[0,1014.9999999999999],[-13.344008090342186,966.6854879487611],[91.65599190965781,937.6854879487611]],"obbLonLat":[[75.91739231582119,30.821281992684884],[75.91682905192806,30.82114839541046],[75.91690063476562,30.820925819579603],[75.91746389865875,30.821059417163656],[75.91739231582119,30.821281992684884]],"angle":164.56035446468073,"polygonAreaPixels":4984,"tileOrigin":[47706368,27508992],"tileWidth":1024,"tileHeight":1024,"zoom":18,"sourceRunId":"e2b4882d-76fa-4556-9221-fdea886a3f66","sourceDates":[20201109],"imageryRelease":"2021-12-21","isField":true,"edgeFragment":true}},{"type":"Feature","id":"T072.f61","geometry":{"type":"Polygon","coordinates":[[[75.91690063476562,30.820884358222617],[75.91751217842102,30.820884358222617],[75.91746926307678,30.82102256267628],[75.91690063476562,30.820893571859056],[75.91690063476562,30.820884358222617]]]},"properties":{"id":"T072.f61","tileId":"T072","modelObjectId":"f61","label":"unburned-looking field","tags":["edge-truncated","narrow-fragment","muted-cover"],"note":"Only a narrow wedge of muted agricultural cover is visible.","visibility":"partial","center":[75.91720640659332,30.82095346047431],"polygon":[[0,1022],[106,994],[114,1024],[0,1024]],"holes":[],"bbox":[0,994,114,1024],"obb":[[114,1024],[0,1024],[-3.6739403974420544e-15,994],[114,994]],"obbLonLat":[[75.91751217842102,30.82102256267628],[75.91690063476562,30.82102256267628],[75.91690063476562,30.820884358222617],[75.91751217842102,30.820884358222617],[75.91751217842102,30.82102256267628]],"angle":180,"polygonAreaPixels":1816,"tileOrigin":[47706368,27508992],"tileWidth":1024,"tileHeight":1024,"zoom":18,"sourceRunId":"e2b4882d-76fa-4556-9221-fdea886a3f66","sourceDates":[20201109],"imageryRelease":"2021-12-21","isField":true,"edgeFragment":true}},{"type":"Feature","id":"T072.f62","geometry":{"type":"Polygon","coordinates":[[[75.91751217842102,30.821059417163656],[75.91762483119965,30.820884358222617],[75.918048620224,30.820884358222617],[75.91780185699463,30.82167672772483],[75.91740489006042,30.82159380564136],[75.91751217842102,30.821059417163656]]]},"properties":{"id":"T072.f62","tileId":"T072","modelObjectId":"f62","label":"unburned-looking field","tags":["edge-truncated","lengthwise-rows","vegetation-edge"],"note":"Lengthwise crop or residue lines continue to the bottom edge.","visibility":"partial","center":[75.91772675514221,30.821280543790955],"polygon":[[94,870],[168,852],[214,1024],[135,1024],[114,986]],"holes":[],"bbox":[94,852,214,1024],"obb":[[167.5530599369085,850.328832807571],[213.99999999999997,1023.9999999999998],[130.15949526813878,1046.4224605678232],[83.71255520504732,872.7512933753943]],"obbLonLat":[[75.9173497039061,30.821581131025106],[75.91759886470882,30.820781061962332],[75.918048620224,30.820884358222617],[75.9177994594213,30.821684426424827],[75.9173497039061,30.821581131025106]],"angle":75.02712423321309,"polygonAreaPixels":13699,"tileOrigin":[47706368,27508992],"tileWidth":1024,"tileHeight":1024,"zoom":18,"sourceRunId":"e2b4882d-76fa-4556-9221-fdea886a3f66","sourceDates":[20201109],"imageryRelease":"2021-12-21","isField":true,"edgeFragment":true}},{"type":"Feature","id":"T072.f63","geometry":{"type":"Polygon","coordinates":[[[75.91808617115021,30.820884358222617],[75.91856360435486,30.820884358222617],[75.91838657855988,30.821409534088406],[75.91822564601898,30.821778076840726],[75.91783940792084,30.821681334505147],[75.91808617115021,30.820884358222617]]]},"properties":{"id":"T072.f63","tileId":"T072","modelObjectId":"f63","label":"unburned-looking field","tags":["edge-truncated","olive-cover","parallel-rows"],"note":"Olive cover retains parallel texture, with no visible coherent burn pattern.","visibility":"partial","center":[75.91820150613785,30.821331218571327],"polygon":[[175,851],[247,830],[277,910],[310,1024],[221,1024]],"holes":[],"bbox":[175,830,310,1024],"obb":[[253.31309904153352,828.1725239616613],[310,1024],[227.88115015974438,1047.77124600639],[171.19424920127796,851.9437699680511]],"obbLonLat":[[75.9178189922826,30.82167698676423],[75.91812308451617,30.82077484834583],[75.91856360435486,30.820884358222617],[75.9182595121213,30.82178649561231],[75.9178189922826,30.82167698676423]],"angle":73.85566121971651,"polygonAreaPixels":15734,"tileOrigin":[47706368,27508992],"tileWidth":1024,"tileHeight":1024,"zoom":18,"sourceRunId":"e2b4882d-76fa-4556-9221-fdea886a3f66","sourceDates":[20201109],"imageryRelease":"2021-12-21","isField":true,"edgeFragment":true}},{"type":"Feature","id":"T072.f64","geometry":{"type":"Polygon","coordinates":[[[75.91861188411713,30.820884358222617],[75.91922879219055,30.820884358222617],[75.91901421546936,30.821216048577252],[75.91865479946136,30.821197621365386],[75.91843485832214,30.82131279138156],[75.91861188411713,30.820884358222617]]]},"properties":{"id":"T072.f64","tileId":"T072","modelObjectId":"f64","label":"unburned-looking field","tags":["edge-truncated","irregular-boundary","muted-cover"],"note":"Muted agricultural cover occupies the fragment below the buildings and vegetation.","visibility":"partial","center":[75.91883182525635,30.821098575041013],"polygon":[[286,931],[327,956],[394,952],[434,1024],[319,1024]],"holes":[],"bbox":[286,931,434,1024],"obb":[[434,1024],[286,1024],[286,931],[434,931]],"obbLonLat":[[75.91922879219055,30.82131279138156],[75.91843485832214,30.82131279138156],[75.91843485832214,30.820884358222617],[75.91922879219055,30.820884358222617],[75.91922879219055,30.82131279138156]],"angle":180,"polygonAreaPixels":7896,"tileOrigin":[47706368,27508992],"tileWidth":1024,"tileHeight":1024,"zoom":18,"sourceRunId":"e2b4882d-76fa-4556-9221-fdea886a3f66","sourceDates":[20201109],"imageryRelease":"2021-12-21","isField":true,"edgeFragment":true}},{"type":"Feature","id":"T072.f65","geometry":{"type":"Polygon","coordinates":[[[75.92096149921417,30.821630659909513],[75.9211277961731,30.821685941285246],[75.92135310173035,30.821833358131585],[75.92126727104187,30.821962347686497],[75.92107951641083,30.822105157348773],[75.92078983783722,30.821966954453114],[75.92096149921417,30.821630659909513]]]},"properties":{"id":"T072.f65","tileId":"T072","modelObjectId":"f65","label":"unburned-looking field","tags":["green-cover","parallel-rows","irregular-edge"],"note":"Green cover and parallel rows are visible; vegetation makes the right edge irregular.","visibility":"partial","center":[75.92107146978378,30.821867908922215],"polygon":[[725,789],[779,759],[814,790],[830,818],[788,850],[757,862]],"holes":[],"bbox":[725,759,830,862],"obb":[[718.4622641509434,792.6320754716982],[792.9245283018868,751.2641509433962],[833.6792452830189,824.6226415094341],[759.2169811320755,865.990566037736]],"obbLonLat":[[75.92097339202775,30.82161227623743],[75.9213728387401,30.821802849121212],[75.92115421340151,30.822140794541177],[75.92075476668916,30.82195022232804],[75.92097339202775,30.82161227623743]],"angle":-29.054604099077146,"polygonAreaPixels":6212.5,"tileOrigin":[47706368,27508992],"tileWidth":1024,"tileHeight":1024,"zoom":18,"sourceRunId":"e2b4882d-76fa-4556-9221-fdea886a3f66","sourceDates":[20201109],"imageryRelease":"2021-12-21","isField":true,"edgeFragment":true}},{"type":"Feature","id":"T072.f66","geometry":{"type":"Polygon","coordinates":[[[75.92113852500916,30.821427961259612],[75.92140138149261,30.821570771716573],[75.92126727104187,30.821713581961166],[75.92099368572235,30.82159380564136],[75.92113852500916,30.821427961259612]]]},"properties":{"id":"T072.f66","tileId":"T072","modelObjectId":"f66","label":"unburned-looking field","tags":["pale-cover","linear-texture","small-parcel"],"note":"Pale olive cover occupies the small parcel between tracks.","visibility":"clear","center":[75.92119753360748,30.821570771716573],"polygon":[[763,870],[814,844],[839,875],[790,906]],"holes":[],"bbox":[763,844,839,906],"obb":[[838.9999999999998,874.9999999999998],[786.9830458060677,907.908685306365],[763,869.9999999999999],[815.0169541939321,837.0913146936347]],"obbLonLat":[[75.92127272640926,30.821745408739922],[75.92099368572235,30.82159380564136],[75.92112234080571,30.821419168342317],[75.92140138149261,30.821570771716573],[75.92127272640926,30.821745408739922]],"angle":147.68038349181984,"polygonAreaPixels":2416,"tileOrigin":[47706368,27508992],"tileWidth":1024,"tileHeight":1024,"zoom":18,"sourceRunId":"e2b4882d-76fa-4556-9221-fdea886a3f66","sourceDates":[20201109],"imageryRelease":"2021-12-21","isField":true,"edgeFragment":false}},{"type":"Feature","id":"T072.f67","geometry":{"type":"Polygon","coordinates":[[[75.92128872871399,30.821266723391663],[75.92142820358276,30.821275936991412],[75.92150330543518,30.82138189332496],[75.92141211032867,30.821529310638045],[75.92117071151733,30.821395713707677],[75.92128872871399,30.821266723391663]]]},"properties":{"id":"T072.f67","tileId":"T072","modelObjectId":"f67","label":"unburned-looking field","tags":["green-cover","small-parcel","structure-edge"],"note":"Green linear cover remains visible beside structures and vegetation.","visibility":"partial","center":[75.92133700847626,30.821398017104606],"polygon":[[796,913],[841,884],[858,916],[844,939],[818,941]],"holes":[],"bbox":[796,884,858,941],"obb":[[796,913],[841,884],[866.923935799023,924.2267969295183],[821.923935799023,953.2267969295184]],"obbLonLat":[[75.92130977834594,30.821210396965892],[75.92155117715728,30.82134399415407],[75.92141211032867,30.821529310638045],[75.92117071151733,30.821395713707677],[75.92130977834594,30.821210396965892]],"angle":-32.79953127261922,"polygonAreaPixels":2086.5,"tileOrigin":[47706368,27508992],"tileWidth":1024,"tileHeight":1024,"zoom":18,"sourceRunId":"e2b4882d-76fa-4556-9221-fdea886a3f66","sourceDates":[20201109],"imageryRelease":"2021-12-21","isField":true,"edgeFragment":true}},{"type":"Feature","id":"T072.f68","geometry":{"type":"Polygon","coordinates":[[[75.92160522937775,30.821349645757564],[75.92179834842682,30.8214694223819],[75.92161059379578,30.821681334505147],[75.92144966125488,30.82159380564136],[75.92160522937775,30.821349645757564]]]},"properties":{"id":"T072.f68","tileId":"T072","modelObjectId":"f68","label":"unburned-looking field","tags":["green-cover","parallel-strips","settlement-edge"],"note":"Green strips are visible between tracks and settlement features.","visibility":"partial","center":[75.92162400484085,30.821515490274564],"polygon":[[848,870],[878,851],[913,897],[877,923]],"holes":[],"bbox":[848,851,913,923],"obb":[[913,896.9999999999999],[877,923],[841.9026369168357,874.4036511156187],[877.9026369168357,848.4036511156186]],"obbLonLat":[[75.92161007149949,30.82169329531305],[75.92141695245041,30.82157351896794],[75.92160522937775,30.821349645757564],[75.92179834842682,30.8214694223819],[75.92161007149949,30.82169329531305]],"angle":144.1623470457217,"polygonAreaPixels":2353.5,"tileOrigin":[47706368,27508992],"tileWidth":1024,"tileHeight":1024,"zoom":18,"sourceRunId":"e2b4882d-76fa-4556-9221-fdea886a3f66","sourceDates":[20201109],"imageryRelease":"2021-12-21","isField":true,"edgeFragment":true}},{"type":"Feature","id":"T072.f69","geometry":{"type":"Polygon","coordinates":[[[75.92189490795135,30.822215719522088],[75.92211484909058,30.82228942756692],[75.92206656932831,30.822441450230702],[75.92180371284485,30.82234931531168],[75.92189490795135,30.822215719522088]]]},"properties":{"id":"T072.f69","tileId":"T072","modelObjectId":"f69","label":"unburned-looking field","tags":["green-cover","compact-parcel","track-bounded"],"note":"Dense green cover fills this small track-bounded parcel.","visibility":"clear","center":[75.92195928096771,30.822328584942717],"polygon":[[914,706],[963,686],[972,719],[931,735]],"holes":[],"bbox":[914,686,972,735],"obb":[[914,706],[963.0000000000002,686],[975.8311317386649,717.4362727597287],[926.8311317386648,737.4362727597287]],"obbLonLat":[[75.92187254439929,30.82220449621077],[75.92213540088275,30.822296631268724],[75.92206656932831,30.822441450230702],[75.92180371284485,30.82234931531168],[75.92187254439929,30.82220449621077]],"angle":-22.203478532057392,"polygonAreaPixels":1629,"tileOrigin":[47706368,27508992],"tileWidth":1024,"tileHeight":1024,"zoom":18,"sourceRunId":"e2b4882d-76fa-4556-9221-fdea886a3f66","sourceDates":[20201109],"imageryRelease":"2021-12-21","isField":true,"edgeFragment":false}},{"type":"Feature","id":"T072.f70","geometry":{"type":"Polygon","coordinates":[[[75.92203974723816,30.8220130221071],[75.92239379882812,30.822100550588786],[75.92239379882812,30.822303247819026],[75.92214167118073,30.822261787056735],[75.9219217300415,30.82219268574648],[75.92203974723816,30.8220130221071]]]},"properties":{"id":"T072.f70","tileId":"T072","modelObjectId":"f70","label":"unburned-looking field","tags":["edge-truncated","parallel-rows","olive-cover"],"note":"Parallel rows cross olive cover continuing beyond the right edge.","visibility":"partial","center":[75.92215776443481,30.8221581350727],"polygon":[[936,740],[977,725],[1024,716],[1024,760],[958,779]],"holes":[],"bbox":[936,716,1024,779],"obb":[[1035.6972652109393,756.6326054695783],[948.0517277930888,781.8638965444139],[935.1500953996185,737.0476998092008],[1022.7956328174689,711.816408734365]],"obbLonLat":[[75.9223873380991,30.822322520577707],[75.92191717079797,30.822206286271175],[75.92198638054737,30.821999828809847],[75.9224565478485,30.822116063366273],[75.9223873380991,30.822322520577707]],"angle":163.94001269283936,"polygonAreaPixels":3600,"tileOrigin":[47706368,27508992],"tileWidth":1024,"tileHeight":1024,"zoom":18,"sourceRunId":"e2b4882d-76fa-4556-9221-fdea886a3f66","sourceDates":[20201109],"imageryRelease":"2021-12-21","isField":true,"edgeFragment":true}},{"type":"Feature","id":"T072.f71","geometry":{"type":"Polygon","coordinates":[[[75.92216849327087,30.821782683616178],[75.92239379882812,30.82187021230781],[75.92239379882812,30.822049876214376],[75.92206656932831,30.821976167985678],[75.92216849327087,30.821782683616178]]]},"properties":{"id":"T072.f71","tileId":"T072","modelObjectId":"f71","label":"unburned-looking field","tags":["edge-truncated","green-cover","linear-texture"],"note":"Green agricultural cover forms a narrow right-edge fragment.","visibility":"partial","center":[75.92223018407822,30.8219162800082],"polygon":[[963,787],[1024,771],[1024,810],[982,829]],"holes":[],"bbox":[963,771,1024,829],"obb":[[963,787],[1024,771],[1035.530299220518,814.9592657782248],[974.5302992205179,830.9592657782248]],"obbLonLat":[[75.92212842267335,30.821773657718467],[75.92245565217317,30.8218473661026],[75.92239379882812,30.822049876214376],[75.92206656932831,30.821976167985678],[75.92212842267335,30.821773657718467]],"angle":-14.697319279511909,"polygonAreaPixels":2252,"tileOrigin":[47706368,27508992],"tileWidth":1024,"tileHeight":1024,"zoom":18,"sourceRunId":"e2b4882d-76fa-4556-9221-fdea886a3f66","sourceDates":[20201109],"imageryRelease":"2021-12-21","isField":true,"edgeFragment":true}},{"type":"Feature","id":"T072.f72","geometry":{"type":"Polygon","coordinates":[[[75.92199146747589,30.821667514163536],[75.92210948467255,30.821552344572773],[75.92224359512329,30.82163526669204],[75.92212557792664,30.821787290391406],[75.92202365398407,30.821741222629132],[75.92199146747589,30.821667514163536]]]},"properties":{"id":"T072.f72","tileId":"T072","modelObjectId":"f72","label":"unburned-looking field","tags":["green-cover","small-parcel","boundary-obscured"],"note":"Green cover is visible within a small parcel partly bordered by vegetation and structures.","visibility":"partial","center":[75.92211753129959,30.821669817553943],"polygon":[[955,838],[974,828],[996,861],[971,879],[949,854]],"holes":[],"bbox":[949,828,996,879],"obb":[[997.159114857745,860.1654373024237],[968.3656480505795,880.8967334035827],[943.4615384615386,846.3076923076923],[972.2550052687039,825.5763962065332]],"obbLonLat":[[75.92211621704544,30.821798455388414],[75.92196175685297,30.821702950932906],[75.92209535290746,30.82154360672674],[75.92224981309994,30.82163911134073],[75.92211621704544,30.821798455388414]],"angle":144.24611274556327,"polygonAreaPixels":1331,"tileOrigin":[47706368,27508992],"tileWidth":1024,"tileHeight":1024,"zoom":18,"sourceRunId":"e2b4882d-76fa-4556-9221-fdea886a3f66","sourceDates":[20201109],"imageryRelease":"2021-12-21","isField":true,"edgeFragment":true}},{"type":"Feature","id":"T072.f73","geometry":{"type":"Polygon","coordinates":[[[75.92231869697571,30.821492456330986],[75.92239379882812,30.821533917425434],[75.92239379882812,30.82179189716642],[75.92220604419708,30.821722795518042],[75.92231869697571,30.821492456330986]]]},"properties":{"id":"T072.f73","tileId":"T072","modelObjectId":"f73","label":"unburned-looking field","tags":["edge-truncated","muted-cover","narrow-fragment"],"note":"Muted agricultural cover extends beyond the right image edge.","visibility":"partial","center":[75.9222999215126,30.821642176865424],"polygon":[[989,842],[1024,827],[1024,883],[1010,892]],"holes":[],"bbox":[989,827,1024,892],"obb":[[1009.9999999999998,891.9999999999999],[988.8928935736143,841.744984699082],[1023.9999999999999,827],[1045.1071064263854,877.2550153009179]],"obbLonLat":[[75.9225070261704,30.8215603833442],[75.92239379882812,30.82179189716642],[75.92220546963344,30.821723970316967],[75.92231869697571,30.821492456330986],[75.9225070261704,30.8215603833442]],"angle":-112.78240573048168,"polygonAreaPixels":1424.5,"tileOrigin":[47706368,27508992],"tileWidth":1024,"tileHeight":1024,"zoom":18,"sourceRunId":"e2b4882d-76fa-4556-9221-fdea886a3f66","sourceDates":[20201109],"imageryRelease":"2021-12-21","isField":true,"edgeFragment":true}},{"type":"Feature","id":"T072.f74","geometry":{"type":"Polygon","coordinates":[[[75.92212557792664,30.820884358222617],[75.92239379882812,30.820884358222617],[75.92239379882812,30.821091664828522],[75.922189950943,30.821331218571327],[75.92189490795135,30.82114694651451],[75.92212557792664,30.820884358222617]]]},"properties":{"id":"T072.f74","tileId":"T072","modelObjectId":"f74","label":"unburned-looking field","tags":["edge-truncated","green-cover","parallel-rows"],"note":"Parallel rows cross green cover in the lower-right field fragment.","visibility":"partial","center":[75.92214435338974,30.821107788656892],"polygon":[[931,967],[986,927],[1024,979],[1024,1024],[974,1024]],"holes":[],"bbox":[931,927,1024,1024],"obb":[[985.9083895853424,926.8746383799421],[1045.436837029894,1008.334619093539],[990.5284474445516,1048.459980713597],[931,967]],"obbLonLat":[[75.92189490795135,30.82114694651451],[75.9222142434281,30.820771675466396],[75.9225087949832,30.820956525761083],[75.92218945950643,30.82133179608687],[75.92189490795135,30.82114694651451]],"angle":53.84181456019167,"polygonAreaPixels":5707.5,"tileOrigin":[47706368,27508992],"tileWidth":1024,"tileHeight":1024,"zoom":18,"sourceRunId":"e2b4882d-76fa-4556-9221-fdea886a3f66","sourceDates":[20201109],"imageryRelease":"2021-12-21","isField":true,"edgeFragment":true}},{"type":"Feature","id":"T073.field_01","geometry":{"type":"Polygon","coordinates":[[[75.92239379882812,30.825219276527598],[75.92322528362274,30.825514099145472],[75.9232360124588,30.825601624435894],[75.92239379882812,30.825601624435894],[75.92239379882812,30.825219276527598]]]},"properties":{"id":"T073.field_01","tileId":"T073","modelObjectId":"field_01","label":"unburned-looking field","tags":["edge-truncated","muted-cover","faint-rows"],"note":"Muted tan-green cover and faint cultivation lines are visible without distinct burn evidence.","visibility":"partial","center":[75.92281490564346,30.825410450672063],"polygon":[[0,0],[157,0],[155,19],[0,83]],"holes":[],"bbox":[0,0,157,83],"obb":[[0,0],[157,0],[157,83],[0,83]],"obbLonLat":[[75.92239379882812,30.825219276527598],[75.9232360124588,30.825219276527598],[75.9232360124588,30.825601624435894],[75.92239379882812,30.825601624435894],[75.92239379882812,30.825219276527598]],"angle":0,"polygonAreaPixels":7924,"tileOrigin":[47707392,27508992],"tileWidth":1024,"tileHeight":1024,"zoom":18,"sourceRunId":"5747e8ec-6908-4fa2-a24e-2fbac32a1e03","sourceDates":[20201109],"imageryRelease":"2021-12-21","isField":true,"edgeFragment":true}},{"type":"Feature","id":"T073.field_02","geometry":{"type":"Polygon","coordinates":[[[75.92239379882812,30.824740187842842],[75.92320382595062,30.824975125861947],[75.92349886894226,30.825094897964178],[75.92327356338501,30.82549567275838],[75.92239379882812,30.82516860379899],[75.92239379882812,30.824740187842842]]]},"properties":{"id":"T073.field_02","tileId":"T073","modelObjectId":"field_02","label":"unburned-looking field","tags":["edge-truncated","parallel-rows","tan-cover"],"note":"Parallel tan rows extend across the visible parcel without coherent char-like patches.","visibility":"partial","center":[75.92294633388519,30.825117931043643],"polygon":[[0,94],[164,23],[206,110],[151,136],[0,187]],"holes":[],"bbox":[0,23,206,187],"obb":[[-33.90712966152112,108.67930613395121],[167.651063030341,21.419356858815796],[206.79810251432508,111.8435043992861],[5.239909822462977,199.10345367442153]],"obbLonLat":[[75.92242190789483,30.824684431651963],[75.92350315029776,30.825086405646132],[75.92329314921338,30.825502954144387],[75.92221190681045,30.825100981894067],[75.92242190789483,30.824684431651963]],"angle":-23.409081041750557,"polygonAreaPixels":18764.5,"tileOrigin":[47707392,27508992],"tileWidth":1024,"tileHeight":1024,"zoom":18,"sourceRunId":"5747e8ec-6908-4fa2-a24e-2fbac32a1e03","sourceDates":[20201109],"imageryRelease":"2021-12-21","isField":true,"edgeFragment":true}},{"type":"Feature","id":"T073.field_03","geometry":{"type":"Polygon","coordinates":[[[75.92357397079468,30.82522848974811],[75.92386901378632,30.824846140353994],[75.92408895492554,30.824509855893517],[75.92505991458893,30.825159390572733],[75.92496335506439,30.825375901156058],[75.92486679553986,30.825601624435894],[75.92333793640137,30.825601624435894],[75.92357397079468,30.82522848974811]]]},"properties":{"id":"T073.field_03","tileId":"T073","modelObjectId":"field_03","label":"unburned-looking field","tags":["edge-truncated","fine-rows","green-margin"],"note":"Fine cultivation lines cover a muted brown surface with a greener lower margin and no distinct burn pattern.","visibility":"partial","center":[75.92419892549515,30.825055741716426],"polygon":[[176,0],[461,0],[479,49],[497,96],[316,237],[275,164],[220,81]],"holes":[],"bbox":[176,0,497,237],"obb":[[315.99999999999994,237],[171.75965665236046,2.6094420600858683],[382.7167381974249,-127.21030042918458],[526.9570815450644,107.18025751072955]],"obbLonLat":[[75.92522061689726,30.825107887435426],[75.92444685139878,30.82618762861681],[75.92331518942706,30.825589603799877],[75.92408895492554,30.824509855893517],[75.92522061689726,30.825107887435426]],"angle":-121.60750224624891,"polygonAreaPixels":45130.5,"tileOrigin":[47707392,27508992],"tileWidth":1024,"tileHeight":1024,"zoom":18,"sourceRunId":"5747e8ec-6908-4fa2-a24e-2fbac32a1e03","sourceDates":[20201109],"imageryRelease":"2021-12-21","isField":true,"edgeFragment":true}},{"type":"Feature","id":"T073.field_04","geometry":{"type":"Polygon","coordinates":[[[75.92331111431122,30.824528282469796],[75.92350423336029,30.82420121021521],[75.92407286167145,30.824445362848707],[75.92353105545044,30.82506265164366],[75.92304825782776,30.824906026504234],[75.92331111431122,30.824528282469796]]]},"properties":{"id":"T073.field_04","tileId":"T073","modelObjectId":"field_04","label":"unburned-looking field","tags":["parallel-rows","mixed-cover","track-bounded"],"note":"Tan and green linear cover follows the parcel, with no visible ash-like patch.","visibility":"clear","center":[75.9235605597496,30.824631931895475],"polygon":[[122,151],[212,117],[313,251],[207,304],[171,233]],"holes":[],"bbox":[122,117,313,304],"obb":[[209.49999999999994,308.5],[121.99999999999999,150.99999999999997],[225.50000000000003,93.49999999999996],[313,251]],"obbLonLat":[[75.92407286167145,30.824445362848707],[75.92360347509384,30.825170907105417],[75.92304825782776,30.824906026504234],[75.92351764440536,30.824180480246028],[75.92407286167145,30.824445362848707]],"angle":-119.05460409907714,"polygonAreaPixels":17845,"tileOrigin":[47707392,27508992],"tileWidth":1024,"tileHeight":1024,"zoom":18,"sourceRunId":"5747e8ec-6908-4fa2-a24e-2fbac32a1e03","sourceDates":[20201109],"imageryRelease":"2021-12-21","isField":true,"edgeFragment":false}},{"type":"Feature","id":"T073.field_05","geometry":{"type":"Polygon","coordinates":[[[75.92505991458893,30.825306802086764],[75.92514038085938,30.82517781702436],[75.92533886432648,30.825334441720447],[75.92515647411346,30.825601624435894],[75.92495799064636,30.825601624435894],[75.92505991458893,30.825306802086764]]]},"properties":{"id":"T073.field_05","tileId":"T073","modelObjectId":"field_05","label":"unburned-looking field","tags":["edge-truncated","muted-cover","track-bounded"],"note":"The narrow parcel has relatively uniform olive-tan cover without visible burn evidence.","visibility":"partial","center":[75.92514842748642,30.825389720963955],"polygon":[[478,0],[515,0],[549,58],[512,92],[497,64]],"holes":[],"bbox":[478,0,549,92],"obb":[[512,92.00000000000003],[466.12289395441036,6.362735381565955],[509.0247770069376,-16.620416253716513],[554.9018830525273,69.01684836471756]],"obbLonLat":[[75.92537052449433,30.825283691438827],[75.92512442051952,30.82567818788412],[75.92489427688454,30.82557231390466],[75.92514038085938,30.82517781702436],[75.92537052449433,30.825283691438827]],"angle":-118.17859010995917,"polygonAreaPixels":3567,"tileOrigin":[47707392,27508992],"tileWidth":1024,"tileHeight":1024,"zoom":18,"sourceRunId":"5747e8ec-6908-4fa2-a24e-2fbac32a1e03","sourceDates":[20201109],"imageryRelease":"2021-12-21","isField":true,"edgeFragment":true}},{"type":"Feature","id":"T073.field_06","geometry":{"type":"Polygon","coordinates":[[[75.92531740665436,30.82545421337448],[75.9253978729248,30.82534826153431],[75.92570900917053,30.825514099145472],[75.92562317848206,30.825601624435894],[75.92519402503967,30.825601624435894],[75.92531740665436,30.82545421337448]]]},"properties":{"id":"T073.field_06","tileId":"T073","modelObjectId":"field_06","label":"unburned-looking field","tags":["edge-truncated","green-cover","distinct-margin"],"note":"Green cover occupies the visible portion, bordered by paler strips.","visibility":"partial","center":[75.9254515171051,30.82547494306867],"polygon":[[522,0],[602,0],[618,19],[560,55],[545,32]],"holes":[],"bbox":[522,0,618,55],"obb":[[618,19],[557.2120171673821,56.73047210300433],[522,0],[582.787982832618,-37.73047210300433]],"obbLonLat":[[75.92552011719076,30.82577543317453],[75.92519402503967,30.825601624435894],[75.92538291701945,30.825340289933763],[75.92570900917053,30.825514099145472],[75.92552011719076,30.82577543317453]],"angle":148.1725534233269,"polygonAreaPixels":3014.5,"tileOrigin":[47707392,27508992],"tileWidth":1024,"tileHeight":1024,"zoom":18,"sourceRunId":"5747e8ec-6908-4fa2-a24e-2fbac32a1e03","sourceDates":[20201109],"imageryRelease":"2021-12-21","isField":true,"edgeFragment":true}},{"type":"Feature","id":"T073.field_07","geometry":{"type":"Polygon","coordinates":[[[75.92556416988373,30.825053438407235],[75.92603087425232,30.825334441720447],[75.92574119567871,30.82549567275838],[75.92543005943298,30.825320621904602],[75.92556416988373,30.825053438407235]]]},"properties":{"id":"T073.field_07","tileId":"T073","modelObjectId":"field_07","label":"unburned-looking field","tags":["uniform-cover","oblique-boundary","haze"],"note":"The parcel has fairly even muted cover and no identifiable char or ash pattern.","visibility":"clear","center":[75.92573046684265,30.82527455583741],"polygon":[[566,61],[624,23],[678,58],[591,119]],"holes":[],"bbox":[566,23,678,119],"obb":[[677.9999999999999,58.00000000000006],[591,119],[555.4968113374667,68.36430469441979],[642.4968113374666,7.364304694419843]],"obbLonLat":[[75.92584042030694,30.82556770008182],[75.92537371593835,30.825286697451258],[75.92556416988373,30.825053438407235],[75.92603087425232,30.825334441720447],[75.92584042030694,30.82556770008182]],"angle":144.96380418990717,"polygonAreaPixels":5326.5,"tileOrigin":[47707392,27508992],"tileWidth":1024,"tileHeight":1024,"zoom":18,"sourceRunId":"5747e8ec-6908-4fa2-a24e-2fbac32a1e03","sourceDates":[20201109],"imageryRelease":"2021-12-21","isField":true,"edgeFragment":false}},{"type":"Feature","id":"T073.field_08","geometry":{"type":"Polygon","coordinates":[[[75.92614352703094,30.82538050775891],[75.92623472213745,30.825302195480372],[75.92652440071106,30.82527455583741],[75.92681407928467,30.825329835115387],[75.92677652835846,30.825601624435894],[75.92600405216217,30.825601624435894],[75.92614352703094,30.82538050775891]]]},"properties":{"id":"T073.field_08","tileId":"T073","modelObjectId":"field_08","label":"uncertain field","tags":["edge-truncated","patchy-tone","haze"],"note":"Diffuse darker patches interrupt the tan surface, but vegetation, soil variation and haze cannot be distinguished from burn-related discoloration.","visibility":"partial","center":[75.92640906572342,30.825438090275917],"polygon":[[673,0],[817,0],[824,59],[770,71],[716,65],[699,48]],"holes":[],"bbox":[673,0,824,71],"obb":[[673,0],[824,0],[824,71],[673,71]],"obbLonLat":[[75.92600405216217,30.82527455583741],[75.92681407928467,30.82527455583741],[75.92681407928467,30.825601624435894],[75.92600405216217,30.825601624435894],[75.92600405216217,30.82527455583741]],"angle":0,"polygonAreaPixels":8560,"tileOrigin":[47707392,27508992],"tileWidth":1024,"tileHeight":1024,"zoom":18,"sourceRunId":"5747e8ec-6908-4fa2-a24e-2fbac32a1e03","sourceDates":[20201109],"imageryRelease":"2021-12-21","isField":true,"edgeFragment":true}},{"type":"Feature","id":"T073.field_09","geometry":{"type":"Polygon","coordinates":[[[75.92683017253876,30.825306802086764],[75.92654049396515,30.825251522795526],[75.9262615442276,30.825251522795526],[75.9263688325882,30.825163997185978],[75.92661559581757,30.824998158970132],[75.92713594436646,30.824717154672772],[75.92744708061218,30.824588168818273],[75.92747926712036,30.82509950458051],[75.92788696289062,30.82508568473086],[75.92788696289062,30.825601624435894],[75.92682480812073,30.825601624435894],[75.92683017253876,30.825306802086764]]]},"properties":{"id":"T073.field_09","tileId":"T073","modelObjectId":"field_09","label":"unburned-looking field","tags":["edge-truncated","pale-cover","irregular-boundary"],"note":"Predominantly pale tan cover shows faint working patterns without a coherent burn-like surface.","visibility":"partial","center":[75.92707425355911,30.825094897964178],"polygon":[[826,0],[1024,0],[1024,112],[948,109],[942,220],[884,192],[787,131],[741,95],[721,76],[773,76],[827,64]],"holes":[],"bbox":[721,0,1024,220],"obb":[[1077.9412660430717,40.95540569936912],[928.1846856645639,238.1957798564281],[718.6454209266913,79.10115292582117],[868.4020013051988,-118.1392212312378]],"obbLonLat":[[75.92705227018104,30.826145842100676],[75.92624891328114,30.825237236995697],[75.92737296949088,30.82450434736065],[75.92817632639074,30.82541295940084],[75.92705227018104,30.826145842100676]],"angle":127.20792192178156,"polygonAreaPixels":36206.5,"tileOrigin":[47707392,27508992],"tileWidth":1024,"tileHeight":1024,"zoom":18,"sourceRunId":"5747e8ec-6908-4fa2-a24e-2fbac32a1e03","sourceDates":[20201109],"imageryRelease":"2021-12-21","isField":true,"edgeFragment":true}},{"type":"Feature","id":"T073.field_10","geometry":{"type":"Polygon","coordinates":[[[75.92748463153839,30.824578955536328],[75.92788696289062,30.824560528969776],[75.92788696289062,30.825053438407235],[75.92750072479248,30.8250718648792],[75.92748463153839,30.824578955536328]]]},"properties":{"id":"T073.field_10","tileId":"T073","modelObjectId":"field_10","label":"unburned-looking field","tags":["edge-truncated","uniform-cover","faint-rows"],"note":"Muted green-brown cover and faint straight rows are visible without distinct burn evidence.","visibility":"partial","center":[75.92768579721451,30.824816197264873],"polygon":[[952,115],[1024,119],[1024,226],[949,222]],"holes":[],"bbox":[949,115,1024,226],"obb":[[948.9468493628904,223.89570605690346],[951.9999999999999,114.99999999999999],[1027.0531506371092,117.10429394309651],[1023.9999999999998,226]],"obbLonLat":[[75.92788696289062,30.824560528969776],[75.92790334126695,30.825062171201306],[75.92750072479248,30.8250718648792],[75.92748434641615,30.824570222698313],[75.92788696289062,30.824560528969776]],"angle":-88.39399701071775,"polygonAreaPixels":7870.5,"tileOrigin":[47707392,27508992],"tileWidth":1024,"tileHeight":1024,"zoom":18,"sourceRunId":"5747e8ec-6908-4fa2-a24e-2fbac32a1e03","sourceDates":[20201109],"imageryRelease":"2021-12-21","isField":true,"edgeFragment":true}},{"type":"Feature","id":"T073.field_11","geometry":{"type":"Polygon","coordinates":[[[75.92430889606476,30.824251883454338],[75.9249097108841,30.82461120201929],[75.92553198337555,30.825044225169933],[75.9253603219986,30.82526073601294],[75.92515110969543,30.824993552348936],[75.92420160770416,30.824422329607906],[75.92430889606476,30.824251883454338]]]},"properties":{"id":"T073.field_11","tileId":"T073","modelObjectId":"field_11","label":"unburned-looking field","tags":["elongated-parcel","fine-rows","olive-cover"],"note":"The elongated parcel has relatively uniform olive cover with fine parallel lines.","visibility":"clear","center":[75.92486679553986,30.824756311058604],"polygon":[[337,256],[514,132],[553,74],[585,121],[469,215],[357,293]],"holes":[],"bbox":[337,74,585,293],"obb":[[588.6737843172439,118.02296788085414],[363.2408038758299,300.7014175488964],[327.567019558586,256.6784496680423],[553,74]],"obbLonLat":[[75.9253603219986,30.82526073601294],[75.9241510052538,30.82441920422858],[75.9243423743456,30.82421640565958],[75.92555169109036,30.82505793922129],[75.9253603219986,30.82526073601294]],"angle":140.98059952476348,"polygonAreaPixels":11951,"tileOrigin":[47707392,27508992],"tileWidth":1024,"tileHeight":1024,"zoom":18,"sourceRunId":"5747e8ec-6908-4fa2-a24e-2fbac32a1e03","sourceDates":[20201109],"imageryRelease":"2021-12-21","isField":true,"edgeFragment":false}},{"type":"Feature","id":"T073.field_12","geometry":{"type":"Polygon","coordinates":[[[75.92463612556458,30.823818856730494],[75.92479169368744,30.82403076366913],[75.92506527900696,30.824367049807474],[75.92488288879395,30.824560528969776],[75.92432498931885,30.824219636850714],[75.92463612556458,30.823818856730494]]]},"properties":{"id":"T073.field_12","tileId":"T073","modelObjectId":"field_12","label":"unburned-looking field","tags":["track-bounded","muted-cover","faint-texture"],"note":"The visible surface is muted brown-green with no coherent char-like or ash-like patches.","visibility":"clear","center":[75.9246951341629,30.824189693566215],"polygon":[[360,300],[464,226],[498,268],[447,341],[418,387]],"holes":[],"bbox":[360,226,498,387],"obb":[[357.4082985514363,301.84409526147795],[466.73213847287013,224.0559783943039],[527.3238399214338,309.2118831328259],[418,387]],"obbLonLat":[[75.92463612556458,30.823818856730494],[75.92522258434252,30.824177200842204],[75.92489754512681,30.82456948438109],[75.92431108634887,30.82421114173335],[75.92463612556458,30.823818856730494]],"angle":-35.433314010285585,"polygonAreaPixels":10258.5,"tileOrigin":[47707392,27508992],"tileWidth":1024,"tileHeight":1024,"zoom":18,"sourceRunId":"5747e8ec-6908-4fa2-a24e-2fbac32a1e03","sourceDates":[20201109],"imageryRelease":"2021-12-21","isField":true,"edgeFragment":false}},{"type":"Feature","id":"T073.field_13","geometry":{"type":"Polygon","coordinates":[[[75.92510282993317,30.824394689711664],[75.92544078826904,30.824740187842842],[75.92534959316254,30.824850746982264],[75.92493653297424,30.82460659537953],[75.92510282993317,30.824394689711664]]]},"properties":{"id":"T073.field_13","tileId":"T073","modelObjectId":"field_13","label":"unburned-looking field","tags":["pale-cover","narrow-parcel","track-bounded"],"note":"Pale residue-like cover occupies this narrow parcel beside the diagonal track.","visibility":"clear","center":[75.92518866062164,30.82462271861772],"polygon":[[474,216],[551,163],[568,187],[505,262]],"holes":[],"bbox":[474,163,568,262],"obb":[[473.5505836575874,216.30933852140075],[551.3260471503776,162.77557793545427],[582.7754634927901,208.46623941405355],[504.9999999999999,262]],"obbLonLat":[[75.92510282993317,30.824394689711664],[75.92552005003179,30.824641300695145],[75.92535134221575,30.82485178081125],[75.92493412211712,30.824605170368354],[75.92510282993317,30.824394689711664]],"angle":-34.540090907070876,"polygonAreaPixels":3986,"tileOrigin":[47707392,27508992],"tileWidth":1024,"tileHeight":1024,"zoom":18,"sourceRunId":"5747e8ec-6908-4fa2-a24e-2fbac32a1e03","sourceDates":[20201109],"imageryRelease":"2021-12-21","isField":true,"edgeFragment":false}},{"type":"Feature","id":"T073.field_14","geometry":{"type":"Polygon","coordinates":[[[75.92555344104767,30.82463423521478],[75.9257036447525,30.824463789437356],[75.92657804489136,30.824988945727522],[75.92608988285065,30.82528837565989],[75.92538714408875,30.82486917349312],[75.92555344104767,30.82463423521478]]]},"properties":{"id":"T073.field_14","tileId":"T073","modelObjectId":"field_14","label":"unburned-looking field","tags":["pale-residue","mottled-texture","distinct-margin"],"note":"Pale tan residue-like texture has mild mottling but no coherent dark char-like region.","visibility":"clear","center":[75.92598259449005,30.824876083433782],"polygon":[[558,159],[689,68],[780,133],[617,247],[589,210]],"holes":[],"bbox":[558,68,780,247],"obb":[[780.0000000000001,133],[615.5745482118034,247.9969417414382],[554.8648300265386,161.19269556426133],[719.2902818147352,46.19575382282312]],"obbLonLat":[[75.92625237258454,30.82538881920393],[75.92537032572639,30.824859072561388],[75.92569599803323,30.82445919687884],[75.92657804489136,30.824988945727522],[75.92625237258454,30.82538881920393]],"angle":145.03157773236117,"polygonAreaPixels":19073.5,"tileOrigin":[47707392,27508992],"tileWidth":1024,"tileHeight":1024,"zoom":18,"sourceRunId":"5747e8ec-6908-4fa2-a24e-2fbac32a1e03","sourceDates":[20201109],"imageryRelease":"2021-12-21","isField":true,"edgeFragment":false}},{"type":"Feature","id":"T073.field_15","geometry":{"type":"Polygon","coordinates":[[[75.92511892318726,30.824371656458723],[75.92482924461365,30.82405379700384],[75.9246951341629,30.823832676762486],[75.92532277107239,30.824256490111125],[75.92547833919525,30.824320983282792],[75.92567682266235,30.824445362848707],[75.92543542385101,30.82470794140319],[75.92511892318726,30.824371656458723]]]},"properties":{"id":"T073.field_15","tileId":"T073","modelObjectId":"field_15","label":"unburned-looking field","tags":["mixed-tan-cover","irregular-parcel","track-bounded"],"note":"Tan and muted olive patches coexist without a distinct ash or char pattern.","visibility":"clear","center":[75.92518597841263,30.824270310080124],"polygon":[[567,194],[612,251],[575,278],[546,292],[429,384],[454,336],[508,267]],"holes":[],"bbox":[429,194,612,384],"obb":[[567,193.99999999999994],[612,250.99999999999994],[434.58020477815705,391.0682593856655],[389.58020477815705,334.0682593856655]],"obbLonLat":[[75.92448366990268,30.824062695888003],[75.92472506871403,30.823800115569036],[75.92567682266235,30.824445362848707],[75.92543542385101,30.82470794140319],[75.92448366990268,30.824062695888003]],"angle":51.70983680775693,"polygonAreaPixels":8704.5,"tileOrigin":[47707392,27508992],"tileWidth":1024,"tileHeight":1024,"zoom":18,"sourceRunId":"5747e8ec-6908-4fa2-a24e-2fbac32a1e03","sourceDates":[20201109],"imageryRelease":"2021-12-21","isField":true,"edgeFragment":false}},{"type":"Feature","id":"T073.field_16","geometry":{"type":"Polygon","coordinates":[[[75.92616498470306,30.82435783650431],[75.92627763748169,30.824228850167145],[75.92693746089935,30.824712548038093],[75.92678725719452,30.82485535361031],[75.9266209602356,30.824938272877354],[75.92601478099823,30.824519069182102],[75.92616498470306,30.82435783650431]]]},"properties":{"id":"T073.field_16","tileId":"T073","modelObjectId":"field_16","label":"partially burned-looking field","tags":["char-like-swaths","pale-streaks","retained-residue","haze"],"note":"Broad dark gray-green swaths surround pale streaks and tan residue islands, giving a partially burned-looking pattern. Dark soil and residue arrangement remain plausible alternatives.","visibility":"clear","center":[75.92647612094879,30.82458356217742],"polygon":[[675,235],[788,144],[819,162],[847,193],[724,298],[703,270]],"holes":[],"bbox":[675,144,847,298],"obb":[[847,193],[724,298.00000000000006],[672.2346868547831,237.36063317274608],[795.2346868547831,132.36063317274602]],"obbLonLat":[[75.92665977012018,30.824991891048466],[75.92599994670252,30.824508194584684],[75.92627763748169,30.824228850167145],[75.92693746089935,30.824712548038093],[75.92665977012018,30.824991891048466]],"angle":139.51398845800128,"polygonAreaPixels":12104,"tileOrigin":[47707392,27508992],"tileWidth":1024,"tileHeight":1024,"zoom":18,"sourceRunId":"5747e8ec-6908-4fa2-a24e-2fbac32a1e03","sourceDates":[20201109],"imageryRelease":"2021-12-21","isField":true,"edgeFragment":false}},{"type":"Feature","id":"T073.field_17","geometry":{"type":"Polygon","coordinates":[[[75.92553734779358,30.82397087697301],[75.925612449646,30.82391559691267],[75.92622399330139,30.824205816874404],[75.92605769634247,30.824367049807474],[75.92596113681793,30.824477609376526],[75.92545688152313,30.824265703424008],[75.92553734779358,30.82397087697301]]]},"properties":{"id":"T073.field_17","tileId":"T073","modelObjectId":"field_17","label":"partially burned-looking field","tags":["char-like-ground","pale-streaks","retained-residue","irregular-patches"],"note":"A coherent dark ground pattern contains pale streaks and irregular tan remnants rather than uniformly dark cover. Its appearance is consistent with partial burning but is not diagnostic.","visibility":"clear","center":[75.92584043741226,30.824196603555777],"polygon":[[571,290],[665,244],[683,268],[714,303],[600,366],[586,354]],"holes":[],"bbox":[571,244,714,366],"obb":[[714.0000000000001,302.99999999999994],[594.3554376657826,369.1193633952254],[555.3968169761274,298.62281167108745],[675.041379310345,232.503448275862]],"obbLonLat":[[75.92601500297414,30.8245305699066],[75.92537317952679,30.824225981086723],[75.92558216985404,30.82390122702441],[75.92622399330139,30.824205816874404],[75.92601500297414,30.8245305699066]],"angle":151.0735741647464,"polygonAreaPixels":9446.5,"tileOrigin":[47707392,27508992],"tileWidth":1024,"tileHeight":1024,"zoom":18,"sourceRunId":"5747e8ec-6908-4fa2-a24e-2fbac32a1e03","sourceDates":[20201109],"imageryRelease":"2021-12-21","isField":true,"edgeFragment":false}},{"type":"Feature","id":"T073.field_18","geometry":{"type":"Polygon","coordinates":[[[75.92663705348969,30.823887956870564],[75.92745780944824,30.824413116310048],[75.92697501182556,30.82468030158917],[75.9263151884079,30.824196603555777],[75.92663705348969,30.823887956870564]]]},"properties":{"id":"T073.field_18","tileId":"T073","modelObjectId":"field_18","label":"unburned-looking field","tags":["parallel-residue","tan-cover","oblique-bunds"],"note":"Predominantly tan linear residue covers the parcel without a distinct char-like patch.","visibility":"clear","center":[75.92688649892807,30.82428413004714],"polygon":[[731,305],[854,200],[944,258],[791,372]],"holes":[],"bbox":[731,200,944,372],"obb":[[731,305.0000000000001],[877.4205092911218,180.00688231245704],[944,258],[797.5794907088782,382.9931176875431]],"obbLonLat":[[75.92667234862824,30.823837315143976],[75.92745780944824,30.824413116310048],[75.9271006492279,30.824772402567366],[75.9263151884079,30.824196603555777],[75.92667234862824,30.823837315143976]],"angle":-40.48601154199874,"polygonAreaPixels":16837.5,"tileOrigin":[47707392,27508992],"tileWidth":1024,"tileHeight":1024,"zoom":18,"sourceRunId":"5747e8ec-6908-4fa2-a24e-2fbac32a1e03","sourceDates":[20201109],"imageryRelease":"2021-12-21","isField":true,"edgeFragment":false}},{"type":"Feature","id":"T073.field_19","geometry":{"type":"Polygon","coordinates":[[[75.92693746089935,30.823514815523456],[75.92788696289062,30.82397087697301],[75.92788696289062,30.824164356933583],[75.92749536037445,30.824376263109748],[75.92668533325195,30.82385571014472],[75.92693746089935,30.823514815523456]]]},"properties":{"id":"T073.field_19","tileId":"T073","modelObjectId":"field_19","label":"unburned-looking field","tags":["edge-truncated","parallel-rows","tan-cover"],"note":"Repeated tan cultivation lines remain visible across the parcel, with no coherent burn evidence.","visibility":"partial","center":[75.92728614807129,30.823945540282637],"polygon":[[800,379],[951,266],[1024,312],[1024,354],[847,453]],"holes":[],"bbox":[800,266,1024,453],"obb":[[853.0729993493819,462.56174365647365],[792.263500325309,366.8191281717632],[982.1984385165908,246.18477553675996],[1043.0079375406635,341.9273910214704]],"obbLonLat":[[75.92798892941349,30.824026491486965],[75.92766272184053,30.824467544888392],[75.92664383143361,30.823911823456953],[75.92697003900656,30.823470767502968],[75.92798892941349,30.824026491486965]],"angle":-122.42106476250694,"polygonAreaPixels":21177,"tileOrigin":[47707392,27508992],"tileWidth":1024,"tileHeight":1024,"zoom":18,"sourceRunId":"5747e8ec-6908-4fa2-a24e-2fbac32a1e03","sourceDates":[20201109],"imageryRelease":"2021-12-21","isField":true,"edgeFragment":true}},{"type":"Feature","id":"T073.field_20","geometry":{"type":"Polygon","coordinates":[[[75.92722713947296,30.823192346524632],[75.927414894104,30.823215380060457],[75.92788696289062,30.8234365017233],[75.92788696289062,30.823934023602988],[75.92696964740753,30.82347335528427],[75.92722713947296,30.823192346524632]]]},"properties":{"id":"T073.field_20","tileId":"T073","modelObjectId":"field_20","label":"unburned-looking field","tags":["edge-truncated","linear-residue","mixed-tone"],"note":"Tan linear cover and muted darker lanes are visible, without an identifiable ash-like region.","visibility":"partial","center":[75.92742830514908,30.823563185779875],"polygon":[[853,462],[1024,362],[1024,470],[936,518],[901,523]],"holes":[],"bbox":[853,362,1024,523],"obb":[[853,462.0000000000001],[1024,362.00000000000006],[1071.0630208200607,442.4777656023038],[900.0630208200607,542.4777656023039]],"obbLonLat":[[75.92722211312494,30.823102618109576],[75.92813942860803,30.82356328820686],[75.92788696289062,30.823934023602988],[75.92696964740753,30.82347335528427],[75.92722211312494,30.823102618109576]],"angle":-30.31889620075734,"polygonAreaPixels":14877.5,"tileOrigin":[47707392,27508992],"tileWidth":1024,"tileHeight":1024,"zoom":18,"sourceRunId":"5747e8ec-6908-4fa2-a24e-2fbac32a1e03","sourceDates":[20201109],"imageryRelease":"2021-12-21","isField":true,"edgeFragment":true}},{"type":"Feature","id":"T073.field_21","geometry":{"type":"Polygon","coordinates":[[[75.9249472618103,30.823381221355323],[75.9256660938263,30.82373593649677],[75.92551589012146,30.823901776892615],[75.92537105083466,30.824118290311656],[75.92468440532684,30.823745149859615],[75.9249472618103,30.823381221355323]]]},"properties":{"id":"T073.field_21","tileId":"T073","modelObjectId":"field_21","label":"unburned-looking field","tags":["cultivation-lines","tan-residue","crosswise-marks"],"note":"Tan rows and crosswise working marks cover the parcel without a coherent burn-like patch.","visibility":"clear","center":[75.92517524957657,30.8237497565407],"polygon":[[427,403],[555,322],[582,369],[610,405],[476,482]],"holes":[],"bbox":[427,322,610,482],"obb":[[426.29152320767054,403.4483329701461],[556.7684027021138,320.88093266506877],[610,405.0000000000001],[479.5231205055568,487.56740030507746]],"obbLonLat":[[75.92496616130148,30.823355574016382],[75.9256660938263,30.82373593649677],[75.925380537286,30.82412344547794],[75.92468060476119,30.823743084532524],[75.92496616130148,30.823355574016382]],"angle":-32.326139994376874,"polygonAreaPixels":14547,"tileOrigin":[47707392,27508992],"tileWidth":1024,"tileHeight":1024,"zoom":18,"sourceRunId":"5747e8ec-6908-4fa2-a24e-2fbac32a1e03","sourceDates":[20201109],"imageryRelease":"2021-12-21","isField":true,"edgeFragment":false}},{"type":"Feature","id":"T073.field_22","geometry":{"type":"Polygon","coordinates":[[[75.92568755149841,30.823726723133056],[75.92585921287537,30.823477961978398],[75.92662632465363,30.823851103468712],[75.92627763748169,30.824159750272386],[75.92563390731812,30.823878743521423],[75.92568755149841,30.823726723133056]]]},"properties":{"id":"T073.field_22","tileId":"T073","modelObjectId":"field_22","label":"unburned-looking field","tags":["fine-rows","muted-cover","bund-bounded"],"note":"Fine parallel rows remain visible across a muted tan-green surface.","visibility":"clear","center":[75.92613011598587,30.823818856730494],"polygon":[[604,374],[724,313],[789,380],[646,461],[614,407]],"holes":[],"bbox":[604,313,789,461],"obb":[[788.9999999999999,380],[644.9305442428729,461.60577563865235],[597.4191410588669,377.72761940022207],[741.4885968159939,296.1218437615697]],"obbLonLat":[[75.92637145362579,30.8242375021902],[75.92559860483976,30.823861571589585],[75.92585347586763,30.823475171355348],[75.92662632465363,30.823851103468712],[75.92637145362579,30.8242375021902]],"angle":150.47132816552016,"polygonAreaPixels":14182,"tileOrigin":[47707392,27508992],"tileWidth":1024,"tileHeight":1024,"zoom":18,"sourceRunId":"5747e8ec-6908-4fa2-a24e-2fbac32a1e03","sourceDates":[20201109],"imageryRelease":"2021-12-21","isField":true,"edgeFragment":false}},{"type":"Feature","id":"T073.field_23","geometry":{"type":"Polygon","coordinates":[[[75.92521548271179,30.823008078039102],[75.9260094165802,30.823173919691992],[75.92582702636719,30.823441108419196],[75.92497408390045,30.823344367759],[75.92521548271179,30.823008078039102]]]},"properties":{"id":"T073.field_23","tileId":"T073","modelObjectId":"field_23","label":"unburned-looking field","tags":["residue-lines","tan-cover","faint-bunds"],"note":"Tan residue-like lines dominate, with no distinct char or ash texture.","visibility":"clear","center":[75.92549175024033,30.823224593473245],"polygon":[[481,490],[640,469],[674,527],[526,563]],"holes":[],"bbox":[481,469,674,563],"obb":[[673.9999999999999,527.0000000000001],[500.27862068965516,569.256551724138],[481,490],[654.7213793103447,447.743448275862]],"obbLonLat":[[75.92590599799979,30.823539030836475],[75.92497408390045,30.823344367759],[75.92507750248086,30.822979255874348],[75.9260094165802,30.823173919691992],[75.92590599799979,30.823539030836475]],"angle":166.32869286780416,"polygonAreaPixels":11180,"tileOrigin":[47707392,27508992],"tileWidth":1024,"tileHeight":1024,"zoom":18,"sourceRunId":"5747e8ec-6908-4fa2-a24e-2fbac32a1e03","sourceDates":[20201109],"imageryRelease":"2021-12-21","isField":true,"edgeFragment":false}},{"type":"Feature","id":"T073.field_24","geometry":{"type":"Polygon","coordinates":[[[75.9260630607605,30.823192346524632],[75.92620253562927,30.823095605613815],[75.9269106388092,30.823482568672297],[75.92666387557983,30.823823463408047],[75.92589676380157,30.823459535200566],[75.9260630607605,30.823192346524632]]]},"properties":{"id":"T073.field_24","tileId":"T073","modelObjectId":"field_24","label":"unburned-looking field","tags":["parallel-rows","muted-tan","faint-bunds"],"note":"The visible surface has closely spaced tan rows and modest tonal variation without distinct burn evidence.","visibility":"clear","center":[75.92640370130539,30.823459535200566],"polygon":[[653,465],[796,386],[842,460],[710,544],[684,523]],"holes":[],"bbox":[653,386,842,544],"obb":[[791.5648050579559,378.8651211801897],[842.8724973656482,461.40358271865125],[700.6622760800844,549.8045310853531],[649.3545837723921,467.2660695468916]],"obbLonLat":[[75.92587720826504,30.823449096108973],[75.92615244417473,30.823068865805002],[75.92691531924979,30.823476102796285],[75.92664008334015,30.823856331487736],[75.92587720826504,30.823449096108973]],"angle":58.13402230639633,"polygonAreaPixels":15144.5,"tileOrigin":[47707392,27508992],"tileWidth":1024,"tileHeight":1024,"zoom":18,"sourceRunId":"5747e8ec-6908-4fa2-a24e-2fbac32a1e03","sourceDates":[20201109],"imageryRelease":"2021-12-21","isField":true,"edgeFragment":false}},{"type":"Feature","id":"T073.field_25","geometry":{"type":"Polygon","coordinates":[[[75.92547833919525,30.82255661875516],[75.92589676380157,30.82274549483627],[75.92602014541626,30.822828415925265],[75.92594504356384,30.822948190705176],[75.92597186565399,30.82305414519363],[75.92601478099823,30.823132459305615],[75.92524230480194,30.822975831017782],[75.92547833919525,30.82255661875516]]]},"properties":{"id":"T073.field_25","tileId":"T073","modelObjectId":"field_25","label":"unburned-looking field","tags":["tree-occlusion","parallel-rows","tan-cover"],"note":"Tan cultivation lines extend toward the tree-obscured boundary. The adjacent dark tree canopy is excluded.","visibility":"partial","center":[75.9256312251091,30.822844539462025],"polygon":[[531,570],[675,536],[667,553],[662,576],[676,602],[653,620],[575,661]],"holes":[],"bbox":[531,536,676,661],"obb":[[531,570],[675,536],[697.6749497533345,632.0350813082405],[553.6749497533345,666.0350813082405]],"obbLonLat":[[75.92536394271121,30.822533423450878],[75.9261364189075,30.822690052460313],[75.92601478099823,30.823132459305615],[75.92524230480194,30.822975831017782],[75.92536394271121,30.822533423450878]],"angle":-13.28486648490219,"polygonAreaPixels":10394.5,"tileOrigin":[47707392,27508992],"tileWidth":1024,"tileHeight":1024,"zoom":18,"sourceRunId":"5747e8ec-6908-4fa2-a24e-2fbac32a1e03","sourceDates":[20201109],"imageryRelease":"2021-12-21","isField":true,"edgeFragment":true}},{"type":"Feature","id":"T073.field_26","geometry":{"type":"Polygon","coordinates":[[[75.92629373073578,30.822980437735765],[75.92624545097351,30.822892910056083],[75.92661559581757,30.822722461187734],[75.92716813087463,30.823150886146216],[75.92693746089935,30.823441108419196],[75.92625617980957,30.82306796533569],[75.92629373073578,30.822980437735765]]]},"properties":{"id":"T073.field_26","tileId":"T073","modelObjectId":"field_26","label":"unburned-looking field","tags":["tree-occlusion","gridded-tracks","tan-residue"],"note":"Tan residue and crossing tracks are visible; a tree obscures part of the lower-left boundary.","visibility":"partial","center":[75.92670679092407,30.82308178547574],"polygon":[[720,550],[847,469],[890,532],[787,625],[718,588],[727,569]],"holes":[],"bbox":[718,469,890,625],"obb":[[844.3540735647989,465.12341010656576],[900.5689240288759,547.4847026469577],[757.1567548985906,645.3691990374699],[700.9419044345136,563.007906497078]],"obbLonLat":[[75.9261539442181,30.823008041616117],[75.92645550417546,30.822628625736307],[75.92722482700125,30.82307955258972],[75.92692326704386,30.823458966687856],[75.9261539442181,30.823008041616117]],"angle":55.68491240000272,"polygonAreaPixels":13916,"tileOrigin":[47707392,27508992],"tileWidth":1024,"tileHeight":1024,"zoom":18,"sourceRunId":"5747e8ec-6908-4fa2-a24e-2fbac32a1e03","sourceDates":[20201109],"imageryRelease":"2021-12-21","isField":true,"edgeFragment":true}},{"type":"Feature","id":"T073.field_27","geometry":{"type":"Polygon","coordinates":[[[75.92239379882812,30.824551315685174],[75.92239379882812,30.823791216660542],[75.92258155345917,30.823579309193274],[75.92308044433594,30.82380043001808],[75.92354714870453,30.823993910322095],[75.92298924922943,30.824882993373944],[75.9224796295166,30.82470794140319],[75.92239379882812,30.824551315685174]]]},"properties":{"id":"T073.field_27","tileId":"T073","modelObjectId":"field_27","label":"unburned-looking field","tags":["edge-truncated","pale-windrows","tan-ground"],"note":"Numerous pale winding rows lie on tan ground without a coherent dark char-like region.","visibility":"partial","center":[75.92297047376633,30.824231153496104],"polygon":[[16,194],[111,156],[215,349],[128,391],[35,439],[0,393],[0,228]],"holes":[],"bbox":[0,156,215,439],"obb":[[215.00000000000003,349],[25.400000000000034,443.80000000000007],[-76.40000000000002,240.20000000000005],[113.19999999999997,145.4]],"obbLonLat":[[75.92300105094913,30.8249318236036],[75.92198395729065,30.824495114629958],[75.92253005504608,30.82355719708278],[75.92354714870453,30.823993910322095],[75.92300105094913,30.8249318236036]],"angle":153.43494882292202,"polygonAreaPixels":39084,"tileOrigin":[47707392,27508992],"tileWidth":1024,"tileHeight":1024,"zoom":18,"sourceRunId":"5747e8ec-6908-4fa2-a24e-2fbac32a1e03","sourceDates":[20201109],"imageryRelease":"2021-12-21","isField":true,"edgeFragment":true}},{"type":"Feature","id":"T073.field_28","geometry":{"type":"Polygon","coordinates":[[[75.92372953891754,30.823910990239536],[75.9238475561142,30.82368986966932],[75.92443764209747,30.823901776892615],[75.92410504817963,30.824362443155998],[75.92353105545044,30.824159750272386],[75.92372953891754,30.823910990239536]]]},"properties":{"id":"T073.field_28","tileId":"T073","modelObjectId":"field_28","label":"unburned-looking field","tags":["mottled-cover","green-patches","track-bounded"],"note":"Muted green and tan patches occupy the parcel without visible ash-like streaking.","visibility":"clear","center":[75.92398434877396,30.824026157001523],"polygon":[[212,313],[319,269],[381,369],[271,415],[249,367]],"holes":[],"bbox":[212,269,381,415],"obb":[[381,368.99999999999994],[257.08750703432753,420.81795160382666],[212,313],[335.9124929656724,261.1820483961733]],"obbLonLat":[[75.92419577386184,30.82439845772838],[75.92353105545044,30.824159750272386],[75.92377292368607,30.823663068201885],[75.92443764209747,30.823901776892615],[75.92419577386184,30.82439845772838]],"angle":157.30620505490765,"polygonAreaPixels":13387,"tileOrigin":[47707392,27508992],"tileWidth":1024,"tileHeight":1024,"zoom":18,"sourceRunId":"5747e8ec-6908-4fa2-a24e-2fbac32a1e03","sourceDates":[20201109],"imageryRelease":"2021-12-21","isField":true,"edgeFragment":false}},{"type":"Feature","id":"T073.field_29","geometry":{"type":"Polygon","coordinates":[[[75.92414796352386,30.8232706605239],[75.92468976974487,30.82352863559921],[75.92446982860565,30.823860316820504],[75.92387437820435,30.82365762287696],[75.92414796352386,30.8232706605239]]]},"properties":{"id":"T073.field_29","tileId":"T073","modelObjectId":"field_29","label":"unburned-looking field","tags":["muted-cover","faint-rows","track-bounded"],"note":"Relatively even tan-green cover shows faint cultivation lines and no distinct burn pattern.","visibility":"clear","center":[75.92428207397461,30.82356548912481],"polygon":[[276,422],[387,378],[428,450],[327,506]],"holes":[],"bbox":[276,378,428,506],"obb":[[428,449.9999999999999],[323.61490590087726,507.8768838569393],[275.99999999999994,422],[380.3850940991227,364.12311614306066]],"obbLonLat":[[75.92443434348516,30.823924243102507],[75.92387437820435,30.82365762287696],[75.92412980446406,30.82326201427522],[75.92468976974487,30.82352863559921],[75.92443434348516,30.823924243102507]],"angle":150.99358409772995,"polygonAreaPixels":10568,"tileOrigin":[47707392,27508992],"tileWidth":1024,"tileHeight":1024,"zoom":18,"sourceRunId":"5747e8ec-6908-4fa2-a24e-2fbac32a1e03","sourceDates":[20201109],"imageryRelease":"2021-12-21","isField":true,"edgeFragment":false}},{"type":"Feature","id":"T073.field_30","geometry":{"type":"Polygon","coordinates":[[[75.92338621616364,30.8233904347522],[75.92360615730286,30.82305414519363],[75.92410504817963,30.82321998676696],[75.92369735240936,30.823924810258266],[75.92317163944244,30.823758969902208],[75.92338621616364,30.8233904347522]]]},"properties":{"id":"T073.field_30","tileId":"T073","modelObjectId":"field_30","label":"unburned-looking field","tags":["pale-windrows","tan-ground","distinct-margin"],"note":"Pale winding residue rows cover tan ground, contrasting with the darker neighboring parcel.","visibility":"clear","center":[75.92363834381104,30.823489478712748],"polygon":[[145,400],[243,364],[319,517],[226,553],[185,480]],"holes":[],"bbox":[145,364,319,553],"obb":[[237.94808977214325,353.8297070412883],[319,517],[226.05191022785672,563.1702929587117],[145,400]],"obbLonLat":[[75.92317163944244,30.823758969902208],[75.92360643577103,30.8230072935477],[75.92410504817963,30.82321998676696],[75.92367025185104,30.823971661456525],[75.92317163944244,30.823758969902208]],"angle":63.584937431909474,"polygonAreaPixels":17617.5,"tileOrigin":[47707392,27508992],"tileWidth":1024,"tileHeight":1024,"zoom":18,"sourceRunId":"5747e8ec-6908-4fa2-a24e-2fbac32a1e03","sourceDates":[20201109],"imageryRelease":"2021-12-21","isField":true,"edgeFragment":false}},{"type":"Feature","id":"T073.field_31","geometry":{"type":"Polygon","coordinates":[[[75.92289805412292,30.823118639172844],[75.92316091060638,30.822731674647816],[75.92361152172089,30.822952797424485],[75.92333793640137,30.82340886154329],[75.92311263084412,30.823717509768446],[75.9225869178772,30.82352863559921],[75.92289805412292,30.823118639172844]]]},"properties":{"id":"T073.field_31","tileId":"T073","modelObjectId":"field_31","label":"uncertain field","tags":["dark-interrows","pale-windrows","residue-confounder"],"note":"Regular pale windrows alternate with dark green-gray lanes. Burning cannot be separated reliably from exposed dark soil or vegetation between residue rows.","visibility":"clear","center":[75.92309921979904,30.823224593473245],"polygon":[[36,450],[134,409],[176,476],[227,575],[143,623],[94,539]],"holes":[],"bbox":[36,409,227,623],"obb":[[144.76876601092363,625.8597805597177],[36.00000000000003,450],[125.63154333220557,394.56314949973415],[234.40030934312915,570.4229300594519]],"obbLonLat":[[75.92365122007376,30.822973882698207],[75.92306773894427,30.823784015732315],[75.9225869178772,30.82352863559921],[75.92317039900664,30.82271850041052],[75.92365122007376,30.822973882698207]],"angle":-121.73667125659367,"polygonAreaPixels":19989.5,"tileOrigin":[47707392,27508992],"tileWidth":1024,"tileHeight":1024,"zoom":18,"sourceRunId":"5747e8ec-6908-4fa2-a24e-2fbac32a1e03","sourceDates":[20201109],"imageryRelease":"2021-12-21","isField":true,"edgeFragment":false}},{"type":"Feature","id":"T073.field_32","geometry":{"type":"Polygon","coordinates":[[[75.92239379882812,30.822879089888847],[75.92281222343445,30.82310481903809],[75.92252790927887,30.823533242290676],[75.92239379882812,30.823676049616786],[75.92239379882812,30.822879089888847]]]},"properties":{"id":"T073.field_32","tileId":"T073","modelObjectId":"field_32","label":"uncertain field","tags":["edge-truncated","mottled-soil","haze"],"note":"The brown-green surface is poorly resolved, and soil variation or sparse cover could explain the darker patches.","visibility":"partial","center":[75.92260301113129,30.8232775705796],"polygon":[[0,418],[25,449],[78,542],[0,591]],"holes":[],"bbox":[0,418,78,591],"obb":[[-1.0593194812624606e-14,591],[0,418],[78,418],[77.99999999999999,591]],"obbLonLat":[[75.92281222343445,30.822879089888847],[75.92281222343445,30.823676049616786],[75.92239379882812,30.823676049616786],[75.92239379882812,30.822879089888847],[75.92281222343445,30.822879089888847]],"angle":-90,"polygonAreaPixels":7088,"tileOrigin":[47707392,27508992],"tileWidth":1024,"tileHeight":1024,"zoom":18,"sourceRunId":"5747e8ec-6908-4fa2-a24e-2fbac32a1e03","sourceDates":[20201109],"imageryRelease":"2021-12-21","isField":true,"edgeFragment":true}},{"type":"Feature","id":"T073.field_33","geometry":{"type":"Polygon","coordinates":[[[75.92239379882812,30.82249673113968],[75.92248499393463,30.82245066371774],[75.92257618904114,30.822473697431477],[75.9227854013443,30.82258425918048],[75.92282295227051,30.82273628137752],[75.92297852039337,30.822879089888847],[75.92284440994263,30.823063358621887],[75.92239379882812,30.822828415925265],[75.92239379882812,30.82249673113968]]]},"properties":{"id":"T073.field_33","tileId":"T073","modelObjectId":"field_33","label":"unburned-looking field","tags":["edge-truncated","mixed-cover","pale-margin"],"note":"Muted green cover adjoins a pale exposed strip without visible coherent char or ash.","visibility":"partial","center":[75.92268615961075,30.822757011658467],"polygon":[[0,602],[84,551],[109,591],[80,622],[73,655],[34,679],[17,684],[0,674]],"holes":[],"bbox":[0,551,109,684],"obb":[[127.6781115879829,621.3519313304721],[11.570815450643806,692.8025751072962],[-32.13733905579403,621.7768240343347],[83.96995708154506,550.3261802575107]],"obbLonLat":[[75.92284424877985,30.823066462716614],[75.92222140070706,30.822737309488833],[75.92245586951915,30.82241011250529],[75.92307871759195,30.8227392668546],[75.92284424877985,30.823066462716614]],"angle":148.39249775375112,"polygonAreaPixels":8498.5,"tileOrigin":[47707392,27508992],"tileWidth":1024,"tileHeight":1024,"zoom":18,"sourceRunId":"5747e8ec-6908-4fa2-a24e-2fbac32a1e03","sourceDates":[20201109],"imageryRelease":"2021-12-21","isField":true,"edgeFragment":true}},{"type":"Feature","id":"T073.field_34","geometry":{"type":"Polygon","coordinates":[[[75.92284977436066,30.82273628137752],[75.92283368110657,30.822639540007252],[75.92290878295898,30.82257504570626],[75.92303216457367,30.822542798539523],[75.92317163944244,30.822630326538327],[75.92296779155731,30.822865269719603],[75.92284977436066,30.82273628137752]]]},"properties":{"id":"T073.field_34","tileId":"T073","modelObjectId":"field_34","label":"unburned-looking field","tags":["pale-residue","curved-rows","small-parcel"],"note":"Pale curved residue rows are visible across this small parcel.","visibility":"clear","center":[75.9230026602745,30.822704034264923],"polygon":[[107,594],[145,645],[119,664],[96,657],[82,643],[85,622]],"holes":[],"bbox":[82,594,145,664],"obb":[[107,594],[144.99999999999994,644.9999999999999],[105.44820766378237,674.4699629171816],[67.44820766378243,623.4699629171816]],"obbLonLat":[[75.92275561920937,30.8227295096556],[75.9229594670945,30.822494566142176],[75.92317163944244,30.822630326538327],[75.92296779155731,30.822865269719603],[75.92275561920937,30.8227295096556]],"angle":53.31027716752419,"polygonAreaPixels":2494,"tileOrigin":[47707392,27508992],"tileWidth":1024,"tileHeight":1024,"zoom":18,"sourceRunId":"5747e8ec-6908-4fa2-a24e-2fbac32a1e03","sourceDates":[20201109],"imageryRelease":"2021-12-21","isField":true,"edgeFragment":false}},{"type":"Feature","id":"T073.field_35","geometry":{"type":"Polygon","coordinates":[[[75.92387437820435,30.822856056272343],[75.92401921749115,30.822722461187734],[75.92486679553986,30.8231370660161],[75.9246951341629,30.823395041450308],[75.92375636100769,30.82299886460554],[75.92387437820435,30.822856056272343]]]},"properties":{"id":"T073.field_35","tileId":"T073","modelObjectId":"field_35","label":"partially burned-looking field","tags":["char-like-ground","pale-flecks","retained-residue","dark-swaths"],"note":"Broad dark ground contains scattered pale flecks and retained tan residue strips, especially toward the lower-left portion. The pattern is suggestive of partial burning, although dark soil remains an alternative.","visibility":"clear","center":[75.92431157827377,30.82305875190787],"polygon":[[254,565],[429,479],[461,535],[303,625],[276,596]],"holes":[],"bbox":[254,479,461,625],"obb":[[461,534.9999999999999],[291.8084926203726,631.3749092668763],[254,565],[423.1915073796274,468.62509073312356]],"obbLonLat":[[75.92466397498035,30.823442835512118],[75.92375636100769,30.82299886460554],[75.9239591815672,30.822693093695815],[75.92486679553986,30.8231370660161],[75.92466397498035,30.823442835512118]],"angle":150.33328479305354,"polygonAreaPixels":13320.5,"tileOrigin":[47707392,27508992],"tileWidth":1024,"tileHeight":1024,"zoom":18,"sourceRunId":"5747e8ec-6908-4fa2-a24e-2fbac32a1e03","sourceDates":[20201109],"imageryRelease":"2021-12-21","isField":true,"edgeFragment":false}},{"type":"Feature","id":"T073.field_36","geometry":{"type":"Polygon","coordinates":[[[75.92425525188446,30.822399989528087],[75.92508137226105,30.82280998902279],[75.92489898204803,30.823095605613815],[75.92405140399933,30.822681000606444],[75.92425525188446,30.822399989528087]]]},"properties":{"id":"T073.field_36","tileId":"T073","modelObjectId":"field_36","label":"uncertain field","tags":["dark-interrows","parallel-residue","soil-confounder"],"note":"Alternating dark lanes and pale residue strips are strongly organized by cultivation. The image does not resolve whether the dark surface is char, moist soil or remaining cover.","visibility":"clear","center":[75.92456638813019,30.822747798200815],"polygon":[[309,634],[467,544],[501,606],[347,695]],"holes":[],"bbox":[309,544,501,695],"obb":[[309,634],[467,544],[502.5437938543431,606.3991047665135],[344.5437938543431,696.3991047665135]],"obbLonLat":[[75.92424207576795,30.82239354420796],[75.92508965381666,30.82280815045644],[75.92489898204803,30.823095605613815],[75.92405140399933,30.822681000606444],[75.92424207576795,30.82239354420796]],"angle":-29.666715206946456,"polygonAreaPixels":12816,"tileOrigin":[47707392,27508992],"tileWidth":1024,"tileHeight":1024,"zoom":18,"sourceRunId":"5747e8ec-6908-4fa2-a24e-2fbac32a1e03","sourceDates":[20201109],"imageryRelease":"2021-12-21","isField":true,"edgeFragment":false}},{"type":"Feature","id":"T073.field_37","geometry":{"type":"Polygon","coordinates":[[[75.92437326908112,30.822261787056735],[75.92447519302368,30.822174258722008],[75.92531740665436,30.822552012016843],[75.92524230480194,30.8226349332729],[75.92511892318726,30.82276392175112],[75.92428743839264,30.822367742302557],[75.92437326908112,30.822261787056735]]]},"properties":{"id":"T073.field_37","tileId":"T073","modelObjectId":"field_37","label":"partially burned-looking field","tags":["char-like-patches","pale-residue","irregular-margins","mixed-cover"],"note":"Dark coherent patches widen around pale residue rows and form irregular dark end margins, while substantial tan residue remains. This is a partial-burn appearance rather than a confirmed event.","visibility":"clear","center":[75.9248024225235,30.822469090689168],"polygon":[[353,702],[508,616],[531,644],[545,662],[388,744],[369,725]],"holes":[],"bbox":[353,616,545,744],"obb":[[352.99999999999994,702],[516.7758187199643,611.130836065052],[545,662],[381.2241812800356,752.869163934948]],"obbLonLat":[[75.92443884469958,30.82213340063419],[75.92531740665436,30.822552012016843],[75.92516600034742,30.822786352663652],[75.92428743839264,30.822367742302557],[75.92443884469958,30.82213340063419]],"angle":-29.02320915454079,"polygonAreaPixels":9965.5,"tileOrigin":[47707392,27508992],"tileWidth":1024,"tileHeight":1024,"zoom":18,"sourceRunId":"5747e8ec-6908-4fa2-a24e-2fbac32a1e03","sourceDates":[20201109],"imageryRelease":"2021-12-21","isField":true,"edgeFragment":false}},{"type":"Feature","id":"T073.field_38","geometry":{"type":"Polygon","coordinates":[[[75.92342913150787,30.822317068069143],[75.9236490726471,30.821962347686497],[75.92380464076996,30.82185178522147],[75.92416942119598,30.821980774751626],[75.92424988746643,30.822100550588786],[75.92390656471252,30.82258425918048],[75.92366516590118,30.82289751677806],[75.9231823682785,30.822681000606444],[75.92342913150787,30.822317068069143]]]},"properties":{"id":"T073.field_38","tileId":"T073","modelObjectId":"field_38","label":"uncertain field","tags":["winding-residue","dark-lanes","soil-confounder"],"note":"Pale winding rows alternate with dark lanes and darker turning areas. Residue arrangement and exposed soil could mimic a burned surface.","visibility":"clear","center":[75.92371612787247,30.822374652423218],"polygon":[[147,634],[237,587],[282,655],[346,760],[331,786],[263,814],[234,790],[193,713]],"holes":[],"bbox":[147,587,346,814],"obb":[[255.31029619181942,828.2115655853313],[147,633.9999999999999],[245.19125528913958,579.2394922425951],[353.501551480959,773.4510578279265]],"obbLonLat":[[75.92429012892444,30.822038584772354],[75.92370910721874,30.822933267272155],[75.9231823682785,30.822681000606444],[75.9237633899842,30.821786315756334],[75.92429012892444,30.822038584772354]],"angle":-119.14807184571306,"polygonAreaPixels":22875.5,"tileOrigin":[47707392,27508992],"tileWidth":1024,"tileHeight":1024,"zoom":18,"sourceRunId":"5747e8ec-6908-4fa2-a24e-2fbac32a1e03","sourceDates":[20201109],"imageryRelease":"2021-12-21","isField":true,"edgeFragment":false}},{"type":"Feature","id":"T073.field_39","geometry":{"type":"Polygon","coordinates":[[[75.92324674129486,30.821980774751626],[75.92340230941772,30.821708975182393],[75.92353641986847,30.821662907382557],[75.92365443706512,30.821778076840726],[75.92366516590118,30.821920886777026],[75.9234344959259,30.82220650601251],[75.92323064804077,30.82251976484236],[75.92304825782776,30.822409203019095],[75.92324674129486,30.821980774751626]]]},"properties":{"id":"T073.field_39","tileId":"T073","modelObjectId":"field_39","label":"unburned-looking field","tags":["tan-residue","curved-end","narrow-parcel"],"note":"Dense tan residue-like texture fills the elongated parcel without distinct burn evidence.","visibility":"clear","center":[75.92335671186447,30.82209133706815],"polygon":[[122,693],[156,669],[194,737],[237,799],[235,830],[213,855],[188,845],[159,786]],"holes":[],"bbox":[122,669,237,855],"obb":[[196.8234613604813,862.951180009255],[112.09810273021748,690.5788986580287],[169.77394724664504,662.2297547431745],[254.49930587690886,834.6020360944008]],"obbLonLat":[[75.92375903949312,30.82175687629095],[75.92330453725171,30.822550953596828],[75.92299513991154,30.822420356415655],[75.92344964215295,30.82162627802986],[75.92375903949312,30.82175687629095]],"angle":-116.17528998175996,"polygonAreaPixels":9533,"tileOrigin":[47707392,27508992],"tileWidth":1024,"tileHeight":1024,"zoom":18,"sourceRunId":"5747e8ec-6908-4fa2-a24e-2fbac32a1e03","sourceDates":[20201109],"imageryRelease":"2021-12-21","isField":true,"edgeFragment":false}},{"type":"Feature","id":"T073.field_40","geometry":{"type":"Polygon","coordinates":[[[75.92280685901642,30.822109764108536],[75.92292487621307,30.82187021230781],[75.92304825782776,30.821842571676964],[75.92321455478668,30.821962347686497],[75.92298924922943,30.822436843486855],[75.92284977436066,30.822326281568113],[75.92267274856567,30.822303247819026],[75.92280685901642,30.822109764108536]]]},"properties":{"id":"T073.field_40","tileId":"T073","modelObjectId":"field_40","label":"unburned-looking field","tags":["tree-occlusion","fine-rows","tan-cover"],"note":"Fine rows cross tan cover; trees obscure the upper boundary.","visibility":"partial","center":[75.92294365167618,30.822139708041604],"polygon":[[52,716],[85,711],[111,687],[153,790],[122,816],[99,810],[77,758]],"holes":[],"bbox":[52,687,153,816],"obb":[[51.99999999999997,715.9999999999999],[111,686.9999999999999],[164.20916242480337,795.2531235539102],[105.20916242480334,824.2531235539102]],"obbLonLat":[[75.92295818475591,30.82180455140705],[75.92327468541967,30.821938147768655],[75.92298924922943,30.822436843486855],[75.92267274856567,30.822303247819026],[75.92295818475591,30.82180455140705]],"angle":-26.175289981759935,"polygonAreaPixels":6528.5,"tileOrigin":[47707392,27508992],"tileWidth":1024,"tileHeight":1024,"zoom":18,"sourceRunId":"5747e8ec-6908-4fa2-a24e-2fbac32a1e03","sourceDates":[20201109],"imageryRelease":"2021-12-21","isField":true,"edgeFragment":true}},{"type":"Feature","id":"T073.field_41","geometry":{"type":"Polygon","coordinates":[[[75.92239379882812,30.82212819114537],[75.92268347740173,30.822174258722008],[75.92263519763947,30.82235852880756],[75.92239379882812,30.822381562543395],[75.92239379882812,30.82212819114537]]]},"properties":{"id":"T073.field_41","tileId":"T073","modelObjectId":"field_41","label":"unburned-looking field","tags":["edge-truncated","fine-rows","muted-cover"],"note":"The visible field fragment contains fine parallel lines without a distinct burn-like patch.","visibility":"partial","center":[75.92253863811493,30.82225487692794],"polygon":[[0,699],[45,704],[54,744],[0,754]],"holes":[],"bbox":[0,699,54,754],"obb":[[54,744],[-2.842170943040401e-14,754],[-9.847480106100818,700.8236074270557],[44.15251989389921,690.8236074270557]],"obbLonLat":[[75.92263065140193,30.822419229104806],[75.92234097282832,30.822373161645693],[75.92239379882812,30.82212819114537],[75.92268347740173,30.822174258722008],[75.92263065140193,30.822419229104806]],"angle":169.5085229876684,"polygonAreaPixels":2362.5,"tileOrigin":[47707392,27508992],"tileWidth":1024,"tileHeight":1024,"zoom":18,"sourceRunId":"5747e8ec-6908-4fa2-a24e-2fbac32a1e03","sourceDates":[20201109],"imageryRelease":"2021-12-21","isField":true,"edgeFragment":true}},{"type":"Feature","id":"T073.field_42","geometry":{"type":"Polygon","coordinates":[[[75.92239379882812,30.82169054806511],[75.92250645160675,30.821543130999544],[75.92295169830322,30.821759649736702],[75.92284977436066,30.821856391993382],[75.92269957065582,30.82212819114537],[75.92239379882812,30.822086730307504],[75.92239379882812,30.82169054806511]]]},"properties":{"id":"T073.field_42","tileId":"T073","modelObjectId":"field_42","label":"unburned-looking field","tags":["edge-truncated","mixed-cover","faint-boundaries"],"note":"Tan and muted green cover remain visible, although faint internal details limit separation of smaller strips.","visibility":"partial","center":[75.92267274856567,30.82183566151801],"polygon":[[0,763],[57,754],[85,813],[104,834],[21,881],[0,849]],"holes":[],"bbox":[0,754,104,881],"obb":[[104.00000000000006,834.0000000000001],[18.81963068806334,882.2346669597715],[-36.87469773576606,783.880852934711],[48.30567157617065,735.6461859749396]],"obbLonLat":[[75.92265293064366,30.82221274270185],[75.92219598753474,30.82199053716545],[75.92249475519432,30.821537443151886],[75.92295169830322,30.821759649736702],[75.92265293064366,30.82221274270185]],"angle":150.47863816541837,"polygonAreaPixels":8518.5,"tileOrigin":[47707392,27508992],"tileWidth":1024,"tileHeight":1024,"zoom":18,"sourceRunId":"5747e8ec-6908-4fa2-a24e-2fbac32a1e03","sourceDates":[20201109],"imageryRelease":"2021-12-21","isField":true,"edgeFragment":true}},{"type":"Feature","id":"T073.field_43","geometry":{"type":"Polygon","coordinates":[[[75.92321455478668,30.821533917425434],[75.92331647872925,30.821478635962205],[75.92347741127014,30.82156616493096],[75.92338621616364,30.82165830060136],[75.9232360124588,30.82182414458532],[75.92310726642609,30.821727402296148],[75.92321455478668,30.821533917425434]]]},"properties":{"id":"T073.field_43","tileId":"T073","modelObjectId":"field_43","label":"unburned-looking field","tags":["green-cover","narrow-parcel","track-bounded"],"note":"The narrow parcel has green linear cover without visible burn evidence.","visibility":"clear","center":[75.92329233884811,30.821651390429142],"polygon":[[133,841],[157,820],[185,856],[202,876],[172,895],[153,883]],"holes":[],"bbox":[133,820,202,895],"obb":[[157,820.0000000000001],[202,876.0000000000002],[168.80798294904093,902.6721565588066],[123.80798294904093,846.6721565588065]],"obbLonLat":[[75.92305795660411,30.821701271926578],[75.92329935541545,30.82144329194213],[75.92347741127014,30.82156616493096],[75.9232360124588,30.82182414458532],[75.92305795660411,30.821701271926578]],"angle":51.21563589970266,"polygonAreaPixels":2578,"tileOrigin":[47707392,27508992],"tileWidth":1024,"tileHeight":1024,"zoom":18,"sourceRunId":"5747e8ec-6908-4fa2-a24e-2fbac32a1e03","sourceDates":[20201109],"imageryRelease":"2021-12-21","isField":true,"edgeFragment":false}},{"type":"Feature","id":"T073.field_44","geometry":{"type":"Polygon","coordinates":[[[75.92355251312256,30.821252902990388],[75.92376172542572,30.82139110691367],[75.92426061630249,30.82167672772483],[75.92410504817963,30.821865605536548],[75.92382609844208,30.82170436840341],[75.9233969449997,30.821474029172155],[75.92355251312256,30.821252902990388]]]},"properties":{"id":"T073.field_44","tileId":"T073","modelObjectId":"field_44","label":"unburned-looking field","tags":["pale-residue","winding-rows","irregular-margin"],"note":"Pale winding residue rows occupy the parcel, including curved patterns near its ends.","visibility":"clear","center":[75.92382878065109,30.82155925475211],"polygon":[[187,896],[267,846],[319,811],[348,852],[255,914],[216,944]],"holes":[],"bbox":[187,811,348,944],"obb":[[348,852],[216,944],[184.0018541409147,898.0896168108776],[316.0018541409147,806.0896168108776]],"obbLonLat":[[75.92408896487194,30.821888226546573],[75.92338086169201,30.821464402745555],[75.92355251312256,30.821252902990388],[75.92426061630249,30.82167672772483],[75.92408896487194,30.821888226546573]],"angle":145.12467165539783,"polygonAreaPixels":8154.5,"tileOrigin":[47707392,27508992],"tileWidth":1024,"tileHeight":1024,"zoom":18,"sourceRunId":"5747e8ec-6908-4fa2-a24e-2fbac32a1e03","sourceDates":[20201109],"imageryRelease":"2021-12-21","isField":true,"edgeFragment":false}},{"type":"Feature","id":"T073.field_45","geometry":{"type":"Polygon","coordinates":[[[75.92437863349915,30.821649087038296],[75.92551589012146,30.822321674818742],[75.92533349990845,30.82249212439848],[75.92420160770416,30.821860998765075],[75.92437863349915,30.821649087038296]]]},"properties":{"id":"T073.field_45","tileId":"T073","modelObjectId":"field_45","label":"unburned-looking field","tags":["elongated-parcel","parallel-residue","muted-ground"],"note":"Long pale residue lines cross muted gray-brown ground without distinct coherent char-like patches.","visibility":"clear","center":[75.92485874891281,30.822070606643504],"polygon":[[337,812],[548,675],[582,712],[370,858]],"holes":[],"bbox":[337,675,582,858],"obb":[[582.0000000000001,712],[369.1041352248718,858.616963477211],[336.9999999999999,811.9999999999999],[549.8958647751282,665.3830365227889]],"obbLonLat":[[75.92534367011964,30.82253642725118],[75.92420160770416,30.821860998765075],[75.92437382770598,30.82164624482217],[75.92551589012146,30.822321674818742],[75.92534367011964,30.82253642725118]],"angle":145.4456220565251,"polygonAreaPixels":13517.5,"tileOrigin":[47707392,27508992],"tileWidth":1024,"tileHeight":1024,"zoom":18,"sourceRunId":"5747e8ec-6908-4fa2-a24e-2fbac32a1e03","sourceDates":[20201109],"imageryRelease":"2021-12-21","isField":true,"edgeFragment":false}},{"type":"Feature","id":"T073.field_46","geometry":{"type":"Polygon","coordinates":[[[75.92461466789246,30.82139110691367],[75.92475414276123,30.821252902990388],[75.9251993894577,30.821520097062614],[75.92496871948242,30.82187942584965],[75.92443764209747,30.821603019209732],[75.92461466789246,30.82139110691367]]]},"properties":{"id":"T073.field_46","tileId":"T073","modelObjectId":"field_46","label":"unburned-looking field","tags":["tan-residue","curved-working","mixed-texture"],"note":"Tan residue and curved working marks dominate the surface.","visibility":"clear","center":[75.92481851577759,30.82156616493096],"polygon":[[381,868],[480,808],[523,886],[440,944],[414,914]],"holes":[],"bbox":[381,808,523,944],"obb":[[381,868],[480.00000000000006,808],[529.5366017461383,889.7353928811282],[430.53660174613833,949.7353928811283]],"obbLonLat":[[75.924703377137,30.821226481174488],[75.92523445452196,30.821502888898202],[75.92496871948242,30.82187942584965],[75.92443764209747,30.821603019209732],[75.924703377137,30.821226481174488]],"angle":-31.218402764346372,"polygonAreaPixels":10119,"tileOrigin":[47707392,27508992],"tileWidth":1024,"tileHeight":1024,"zoom":18,"sourceRunId":"5747e8ec-6908-4fa2-a24e-2fbac32a1e03","sourceDates":[20201109],"imageryRelease":"2021-12-21","isField":true,"edgeFragment":false}},{"type":"Feature","id":"T073.field_47","geometry":{"type":"Polygon","coordinates":[[[75.92513501644135,30.821718188739712],[75.92524766921997,30.821543130999544],[75.92580020427704,30.821897852930697],[75.92556953430176,30.82222493303079],[75.92501163482666,30.821902459700407],[75.92513501644135,30.821718188739712]]]},"properties":{"id":"T073.field_47","tileId":"T073","modelObjectId":"field_47","label":"unburned-looking field","tags":["residue-patches","turning-marks","tan-ground"],"note":"Pale residue patches and broad turning marks are visible without a coherent ash or char region.","visibility":"clear","center":[75.92540591955185,30.821884032620247],"polygon":[[488,803],[592,733],[635,804],[532,881],[511,843]],"holes":[],"bbox":[488,733,635,881],"obb":[[482.1501654364978,806.937388648511],[591.9999999999999,733],[641.8498345635021,807.062611351489],[532,881]],"obbLonLat":[[75.92524766921997,30.821543130999544],[75.92583694965305,30.82188374418412],[75.92556953430176,30.82222493303079],[75.92498025386868,30.821884321056377],[75.92524766921997,30.821543130999544]],"angle":-33.94358701975182,"polygonAreaPixels":10891,"tileOrigin":[47707392,27508992],"tileWidth":1024,"tileHeight":1024,"zoom":18,"sourceRunId":"5747e8ec-6908-4fa2-a24e-2fbac32a1e03","sourceDates":[20201109],"imageryRelease":"2021-12-21","isField":true,"edgeFragment":false}},{"type":"Feature","id":"T073.field_48","geometry":{"type":"Polygon","coordinates":[[[75.9237402677536,30.820884358222617],[75.92410504817963,30.820884358222617],[75.92472732067108,30.82122065537967],[75.92448055744171,30.821584592072114],[75.92358469963074,30.821206834971758],[75.9237402677536,30.820884358222617]]]},"properties":{"id":"T073.field_48","tileId":"T073","modelObjectId":"field_48","label":"unburned-looking field","tags":["edge-truncated","pale-residue","curved-rows"],"note":"Tan residue-like cover contains curved rows and lighter streaks without distinct burn evidence.","visibility":"partial","center":[75.92415601015091,30.82123447578559],"polygon":[[222,954],[389,872],[435,951],[319,1024],[251,1024]],"holes":[],"bbox":[222,872,435,1024],"obb":[[217.6721751942912,956.1250397249588],[394.8090312888222,869.1476612833329],[441.34669054979355,963.9255770953112],[264.2098344552626,1050.902955536937]],"obbLonLat":[[75.92381113082774,30.820760421111082],[75.92476136697229,30.82116110978286],[75.92451171951387,30.82159773218198],[75.9235614833693,30.82119704533194],[75.92381113082774,30.820760421111082]],"angle":-26.151867622050414,"polygonAreaPixels":18463,"tileOrigin":[47707392,27508992],"tileWidth":1024,"tileHeight":1024,"zoom":18,"sourceRunId":"5747e8ec-6908-4fa2-a24e-2fbac32a1e03","sourceDates":[20201109],"imageryRelease":"2021-12-21","isField":true,"edgeFragment":true}},{"type":"Feature","id":"T073.field_49","geometry":{"type":"Polygon","coordinates":[[[75.92285513877869,30.82106402397359],[75.92295169830322,30.821004135427277],[75.92345058917999,30.82128515059027],[75.92321455478668,30.821423354467136],[75.92274785041809,30.821193014561867],[75.92285513877869,30.82106402397359]]]},"properties":{"id":"T073.field_49","tileId":"T073","modelObjectId":"field_49","label":"unburned-looking field","tags":["green-cover","narrow-parcel","settlement-margin"],"note":"Green linear cover occupies the parcel below the buildings, which are excluded.","visibility":"clear","center":[75.92309921979904,30.821213745175964],"polygon":[[66,957],[153,907],[197,937],[104,998],[86,985]],"holes":[],"bbox":[66,907,197,998],"obb":[[197.00000000000006,937],[96.23371059013749,1003.0940177849636],[66,957],[166.76628940986257,890.9059822150363]],"obbLonLat":[[75.92328840291782,30.82149749624025],[75.92274785041809,30.821193014561867],[75.92291003668026,30.820980668238633],[75.92345058917999,30.82128515059027],[75.92328840291782,30.82149749624025]],"angle":146.7385712067223,"polygonAreaPixels":5592.5,"tileOrigin":[47707392,27508992],"tileWidth":1024,"tileHeight":1024,"zoom":18,"sourceRunId":"5747e8ec-6908-4fa2-a24e-2fbac32a1e03","sourceDates":[20201109],"imageryRelease":"2021-12-21","isField":true,"edgeFragment":false}},{"type":"Feature","id":"T073.field_50","geometry":{"type":"Polygon","coordinates":[[[75.92303216457367,30.820884358222617],[75.92369198799133,30.820884358222617],[75.92365980148315,30.820967280918687],[75.92347204685211,30.82124368938844],[75.92296779155731,30.820967280918687],[75.92303216457367,30.820884358222617]]]},"properties":{"id":"T073.field_50","tileId":"T073","modelObjectId":"field_50","label":"unburned-looking field","tags":["edge-truncated","muted-cover","faint-rows"],"note":"Muted tan-green cover and faint working lines are visible in this bottom-edge fragment.","visibility":"partial","center":[75.92332988977432,30.82106402397359],"polygon":[[107,1006],[201,946],[236,1006],[242,1024],[119,1024]],"holes":[],"bbox":[107,946,242,1024],"obb":[[107.00000000000006,1006.0000000000001],[201,946.0000000000001],[248.24348665165655,1020.0147957542619],[154.2434866516566,1080.014795754262]],"obbLonLat":[[75.92322122536888,30.82062630788212],[75.92372548066368,30.820902717333265],[75.92347204685211,30.82124368938844],[75.92296779155731,30.820967280918687],[75.92322122536888,30.82062630788212]],"angle":-32.550003492193404,"polygonAreaPixels":6138,"tileOrigin":[47707392,27508992],"tileWidth":1024,"tileHeight":1024,"zoom":18,"sourceRunId":"5747e8ec-6908-4fa2-a24e-2fbac32a1e03","sourceDates":[20201109],"imageryRelease":"2021-12-21","isField":true,"edgeFragment":true}},{"type":"Feature","id":"T073.field_51","geometry":{"type":"Polygon","coordinates":[[[75.9246575832367,30.820884358222617],[75.92488288879395,30.821008742239854],[75.92478096485138,30.82114694651451],[75.92426061630249,30.820884358222617],[75.9246575832367,30.820884358222617]]]},"properties":{"id":"T073.field_51","tileId":"T073","modelObjectId":"field_51","label":"unburned-looking field","tags":["edge-truncated","green-cover","linear-texture"],"note":"The bottom-edge strip contains green cover with fine linear texture.","visibility":"partial","center":[75.92457175254822,30.821015652458318],"polygon":[[348,1024],[445,967],[464,997],[422,1024]],"holes":[],"bbox":[348,967,464,1024],"obb":[[348,1024],[446.0191973455522,966.4010902196239],[465.0131932374782,998.7242060357086],[366.99399589192603,1056.3231158160845]],"obbLonLat":[[75.9243625080365,30.820735451381317],[75.92488832398601,30.821000799145672],[75.924786432252,30.82114970557555],[75.92426061630249,30.820884358222617],[75.9243625080365,30.820735451381317]],"angle":-30.439724380643128,"polygonAreaPixels":2995.5,"tileOrigin":[47707392,27508992],"tileWidth":1024,"tileHeight":1024,"zoom":18,"sourceRunId":"5747e8ec-6908-4fa2-a24e-2fbac32a1e03","sourceDates":[20201109],"imageryRelease":"2021-12-21","isField":true,"edgeFragment":true}},{"type":"Feature","id":"T073.field_52","geometry":{"type":"Polygon","coordinates":[[[75.92489898204803,30.821054810353512],[75.92502772808075,30.821137732902386],[75.92521548271179,30.821271330191646],[75.92533349990845,30.82124368938844],[75.92598795890808,30.821612232777206],[75.92582702636719,30.821856391993382],[75.92480778694153,30.821197621365386],[75.92489898204803,30.821054810353512]]]},"properties":{"id":"T073.field_52","tileId":"T073","modelObjectId":"field_52","label":"unburned-looking field","tags":["elongated-parcel","green-cover","muted-stripes"],"note":"Muted green cover and pale linear strips extend along the parcel without a distinct burn-like patch.","visibility":"clear","center":[75.9253978729248,30.82145560200979],"polygon":[[450,956],[640,813],[670,866],[548,946],[526,940],[491,969],[467,987]],"holes":[],"bbox":[450,813,670,987],"obb":[[673.3245630520581,863.8199586543885],[472.55534673933494,995.4719037774856],[439.2307836872769,944.6519451230971],[640.0000000000001,813]],"obbLonLat":[[75.92582702636719,30.821856391993382],[75.92475001636336,30.821249899609064],[75.92492878325027,30.82101578189233],[75.92600579325403,30.821622275755228],[75.92582702636719,30.821856391993382]],"angle":146.74563342528796,"polygonAreaPixels":11433,"tileOrigin":[47707392,27508992],"tileWidth":1024,"tileHeight":1024,"zoom":18,"sourceRunId":"5747e8ec-6908-4fa2-a24e-2fbac32a1e03","sourceDates":[20201109],"imageryRelease":"2021-12-21","isField":true,"edgeFragment":false}},{"type":"Feature","id":"T073.field_53","geometry":{"type":"Polygon","coordinates":[[[75.92568755149841,30.820948853659075],[75.9261703491211,30.821225262181862],[75.92629909515381,30.82130818458356],[75.92604160308838,30.821561558145117],[75.92543542385101,30.82122065537967],[75.92568755149841,30.820948853659075]]]},"properties":{"id":"T073.field_53","tileId":"T073","modelObjectId":"field_53","label":"unburned-looking field","tags":["uniform-cover","track-bounded","fine-rows"],"note":"Relatively uniform green-brown cover shows fine cultivation lines and no visible char or ash.","visibility":"clear","center":[75.92586725950241,30.821255206390738],"polygon":[[567,951],[680,877],[728,932],[704,950],[614,1010]],"holes":[],"bbox":[567,877,728,1010],"obb":[[728.9230769230769,933.3846153846156],[608.6923076923077,1013.5384615384617],[567.0000000000001,951.0000000000001],[687.2307692307693,870.846153846154]],"obbLonLat":[[75.92608039195721,30.821589907592937],[75.92543542385101,30.82122065537967],[75.92565907881811,30.820932552618782],[75.92630404692429,30.821301805939832],[75.92608039195721,30.821589907592937]],"angle":146.30993247402023,"polygonAreaPixels":10169.5,"tileOrigin":[47707392,27508992],"tileWidth":1024,"tileHeight":1024,"zoom":18,"sourceRunId":"5747e8ec-6908-4fa2-a24e-2fbac32a1e03","sourceDates":[20201109],"imageryRelease":"2021-12-21","isField":true,"edgeFragment":false}},{"type":"Feature","id":"T073.field_54","geometry":{"type":"Polygon","coordinates":[[[75.92512428760529,30.820884358222617],[75.92534959316254,30.820884358222617],[75.92548906803131,30.820971887733034],[75.92531204223633,30.82120222816869],[75.92497408390045,30.82101795586436],[75.92512428760529,30.820884358222617]]]},"properties":{"id":"T073.field_54","tileId":"T073","modelObjectId":"field_54","label":"unburned-looking field","tags":["edge-truncated","mixed-cover","settlement-margin"],"note":"Muted green and tan cover occupies the visible fragment; nearby structures are excluded.","visibility":"partial","center":[75.92523157596588,30.82104329332717],"polygon":[[481,995],[544,955],[577,1005],[551,1024],[509,1024]],"holes":[],"bbox":[481,955,577,1024],"obb":[[543.2736138200055,953.8994148787964],[577.8459180830315,1006.2816940651993],[515.572304263026,1047.382279186403],[481,995]],"obbLonLat":[[75.92497408390045,30.82101795586436],[75.92515954419278,30.82077664024736],[75.92549360588953,30.820965983206378],[75.9253081455972,30.8212072983476],[75.92497408390045,30.82101795586436]],"angle":56.5751888173962,"polygonAreaPixels":3886,"tileOrigin":[47707392,27508992],"tileWidth":1024,"tileHeight":1024,"zoom":18,"sourceRunId":"5747e8ec-6908-4fa2-a24e-2fbac32a1e03","sourceDates":[20201109],"imageryRelease":"2021-12-21","isField":true,"edgeFragment":true}},{"type":"Feature","id":"T073.field_55","geometry":{"type":"Polygon","coordinates":[[[75.92571973800659,30.822114370868068],[75.92619717121124,30.8224045962737],[75.9259182214737,30.822704034264923],[75.9255051612854,30.822487517657056],[75.92571973800659,30.822114370868068]]]},"properties":{"id":"T073.field_55","tileId":"T073","modelObjectId":"field_55","label":"unburned-looking field","tags":["curved-working","tan-residue","muted-ground"],"note":"Curved working marks and tan residue are visible without distinct burn-like patches.","visibility":"clear","center":[75.92585116624832,30.822409203019095],"polygon":[[580,676],[657,629],[709,694],[620,757]],"holes":[],"bbox":[580,629,709,757],"obb":[[709,694],[620,757],[568.4502102607232,684.1756938603868],[657.4502102607232,621.1756938603869]],"obbLonLat":[[75.92592063658972,30.822740078732924],[75.92544320338507,30.822449854341215],[75.92571973800659,30.822114370868068],[75.92619717121124,30.8224045962737],[75.92592063658972,30.822740078732924]],"angle":144.7066524093397,"polygonAreaPixels":8589,"tileOrigin":[47707392,27508992],"tileWidth":1024,"tileHeight":1024,"zoom":18,"sourceRunId":"5747e8ec-6908-4fa2-a24e-2fbac32a1e03","sourceDates":[20201109],"imageryRelease":"2021-12-21","isField":true,"edgeFragment":false}},{"type":"Feature","id":"T073.field_56","geometry":{"type":"Polygon","coordinates":[[[75.9261167049408,30.822533585061322],[75.92625617980957,30.822432236742777],[75.92655122280121,30.822667180408697],[75.9261703491211,30.822869876442905],[75.92605769634247,30.822796168843603],[75.92596650123596,30.822740888107006],[75.9261167049408,30.822533585061322]]]},"properties":{"id":"T073.field_56","tileId":"T073","modelObjectId":"field_56","label":"unburned-looking field","tags":["tree-adjacent","turning-marks","pale-residue"],"note":"Pale turning marks and tan residue fill the visible parcel beside the tree-obscured margin.","visibility":"partial","center":[75.92625886201859,30.82265105684215],"polygon":[[666,621],[683,609],[704,593],[775,637],[720,688],[694,666]],"holes":[],"bbox":[666,593,775,688],"obb":[[775,637],[716.9889797369356,690.7920369712051],[658.6190899395663,627.844116601493],[716.6301102026306,574.052079630288]],"obbLonLat":[[75.926238102312,30.822957164227372],[75.92592690694894,30.82270935910882],[75.92624002743818,30.822419374541838],[75.92655122280121,30.822667180408697],[75.926238102312,30.822957164227372]],"angle":137.16107948822636,"polygonAreaPixels":5316.5,"tileOrigin":[47707392,27508992],"tileWidth":1024,"tileHeight":1024,"zoom":18,"sourceRunId":"5747e8ec-6908-4fa2-a24e-2fbac32a1e03","sourceDates":[20201109],"imageryRelease":"2021-12-21","isField":true,"edgeFragment":true}},{"type":"Feature","id":"T073.field_57","geometry":{"type":"Polygon","coordinates":[[[75.9258645772934,30.821930100314017],[75.92634737491608,30.82222493303079],[75.92625081539154,30.82235852880756],[75.92576265335083,30.822072910024236],[75.9258645772934,30.821930100314017]]]},"properties":{"id":"T073.field_57","tileId":"T073","modelObjectId":"field_57","label":"unburned-looking field","tags":["narrow-parcel","mixed-cover","pale-strip"],"note":"Muted cover contains a broad pale strip without coherent char-like texture.","visibility":"clear","center":[75.92605501413345,30.822144314799715],"polygon":[[628,766],[719,704],[737,733],[647,797]],"holes":[],"bbox":[628,704,737,797],"obb":[[626.5515051546391,766.9868865979381],[719,703.9999999999999],[739.448494845361,734.0131134020619],[647.0000000000001,797.0000000000001]],"obbLonLat":[[75.9258645772934,30.821930100314017],[75.92636050966595,30.822220265866328],[75.92625081539154,30.82235852880756],[75.92575488301898,30.822068363673026],[75.9258645772934,30.821930100314017]],"angle":-34.267335443344216,"polygonAreaPixels":3880.5,"tileOrigin":[47707392,27508992],"tileWidth":1024,"tileHeight":1024,"zoom":18,"sourceRunId":"5747e8ec-6908-4fa2-a24e-2fbac32a1e03","sourceDates":[20201109],"imageryRelease":"2021-12-21","isField":true,"edgeFragment":false}},{"type":"Feature","id":"T073.field_58","geometry":{"type":"Polygon","coordinates":[[[75.9260094165802,30.821745829406364],[75.92648684978485,30.822026842398984],[75.92637419700623,30.82217886547846],[75.92589676380157,30.821888639390618],[75.9260094165802,30.821745829406364]]]},"properties":{"id":"T073.field_58","tileId":"T073","modelObjectId":"field_58","label":"unburned-looking field","tags":["green-cover","narrow-parcel","track-bounded"],"note":"Green cover contrasts with bordering pale tracks; no distinct burn evidence is visible.","visibility":"clear","center":[75.92619180679321,30.821962347686497],"polygon":[[653,806],[742,743],[763,776],[674,837]],"holes":[],"bbox":[653,743,763,837],"obb":[[764.100841779763,775.2454904655558],[674,837],[651.8991582202369,804.7545095344442],[741.9999999999999,742.9999999999999]],"obbLonLat":[[75.92637419700623,30.82217886547846],[75.92589085842607,30.821894377078884],[75.9260094165802,30.821745829406364],[75.92649275516035,30.822030318245996],[75.92637419700623,30.82217886547846]],"angle":145.5735234185609,"polygonAreaPixels":4150,"tileOrigin":[47707392,27508992],"tileWidth":1024,"tileHeight":1024,"zoom":18,"sourceRunId":"5747e8ec-6908-4fa2-a24e-2fbac32a1e03","sourceDates":[20201109],"imageryRelease":"2021-12-21","isField":true,"edgeFragment":false}},{"type":"Feature","id":"T073.field_59","geometry":{"type":"Polygon","coordinates":[[[75.926154255867,30.821621446343805],[75.92643320560455,30.821764256513042],[75.92654585838318,30.82170436840341],[75.92662632465363,30.821561558145117],[75.92673897743225,30.82162605312677],[75.92668533325195,30.821787290391406],[75.926513671875,30.821966954453114],[75.92604696750641,30.82170436840341],[75.926154255867,30.821621446343805]]]},"properties":{"id":"T073.field_59","tileId":"T073","modelObjectId":"field_59","label":"unburned-looking field","tags":["settlement-margin","mixed-cover","irregular-boundary"],"note":"Muted tan-green cover remains visible around the settlement margin, with buildings and dense vegetation excluded.","visibility":"partial","center":[75.92639297246933,30.821764256513042],"polygon":[[681,846],[768,789],[800,828],[810,863],[789,877],[774,846],[753,833],[701,864]],"holes":[],"bbox":[681,789,810,877],"obb":[[680.9999999999999,845.9999999999999],[772.5116472545756,786.0440931780365],[819.1580698835274,857.2412645590683],[727.6464226289518,917.1971713810317]],"obbLonLat":[[75.92629719841699,30.821376378202185],[75.92678810514747,30.821652582366816],[75.92653787423689,30.82198057162469],[75.92604696750641,30.82170436840341],[75.92629719841699,30.821376378202185]],"angle":-33.231711067979354,"polygonAreaPixels":4594.5,"tileOrigin":[47707392,27508992],"tileWidth":1024,"tileHeight":1024,"zoom":18,"sourceRunId":"5747e8ec-6908-4fa2-a24e-2fbac32a1e03","sourceDates":[20201109],"imageryRelease":"2021-12-21","isField":true,"edgeFragment":true}},{"type":"Feature","id":"T073.field_60","geometry":{"type":"Polygon","coordinates":[[[75.92647612094879,30.822151224936455],[75.92731297016144,30.822588865917254],[75.92713594436646,30.822833022650325],[75.92630445957184,30.822386169289896],[75.92647612094879,30.822151224936455]]]},"properties":{"id":"T073.field_60","tileId":"T073","modelObjectId":"field_60","label":"unburned-looking field","tags":["uniform-cover","faint-rows","oblique-bunds"],"note":"The parcel has fairly uniform muted cover with faint straight cultivation lines.","visibility":"clear","center":[75.92680871486664,30.82249212439848],"polygon":[[729,698],[884,601],[917,654],[761,749]],"holes":[],"bbox":[729,601,917,749],"obb":[[729,698],[884,601],[917.1205359813364,653.9245678052281],[762.1205359813364,750.9245678052282]],"obbLonLat":[[75.92648213197222,30.822142358918565],[75.92731361676684,30.82258921341352],[75.92713594436646,30.822833022650325],[75.92630445957184,30.822386169289896],[75.92648213197222,30.822142358918565]],"angle":-32.03859814900798,"polygonAreaPixels":11206,"tileOrigin":[47707392,27508992],"tileWidth":1024,"tileHeight":1024,"zoom":18,"sourceRunId":"5747e8ec-6908-4fa2-a24e-2fbac32a1e03","sourceDates":[20201109],"imageryRelease":"2021-12-21","isField":true,"edgeFragment":false}},{"type":"Feature","id":"T073.field_61","geometry":{"type":"Polygon","coordinates":[[[75.92668533325195,30.821953134152615],[75.92745244503021,30.822363135555168],[75.92733979225159,30.822547405278286],[75.926513671875,30.822114370868068],[75.92668533325195,30.821953134152615]]]},"properties":{"id":"T073.field_61","tileId":"T073","modelObjectId":"field_61","label":"unburned-looking field","tags":["narrow-parcel","muted-cover","straight-bunds"],"note":"A narrow band of muted green-brown cover lies between visible oblique boundaries.","visibility":"clear","center":[75.9269830584526,30.822250270175143],"polygon":[[768,757],[922,663],[943,703],[800,792]],"holes":[],"bbox":[768,663,943,792],"obb":[[768,757],[922.0000000000001,663],[946.2507987220448,702.7300319488818],[792.2507987220447,796.7300319488818]],"obbLonLat":[[75.92664376329691,30.821931343994258],[75.9274698836735,30.82236437922981],[75.92733979225159,30.822547405278286],[75.926513671875,30.822114370868068],[75.92664376329691,30.821931343994258]],"angle":-31.39945748334126,"polygonAreaPixels":7993.5,"tileOrigin":[47707392,27508992],"tileWidth":1024,"tileHeight":1024,"zoom":18,"sourceRunId":"5747e8ec-6908-4fa2-a24e-2fbac32a1e03","sourceDates":[20201109],"imageryRelease":"2021-12-21","isField":true,"edgeFragment":false}},{"type":"Feature","id":"T073.field_62","geometry":{"type":"Polygon","coordinates":[[[75.92683553695679,30.821708975182393],[75.92693209648132,30.821736615851695],[75.92730760574341,30.821953134152615],[75.92735588550568,30.822105157348773],[75.92730224132538,30.822215719522088],[75.92672288417816,30.8219162800082],[75.92683553695679,30.821708975182393]]]},"properties":{"id":"T073.field_62","tileId":"T073","modelObjectId":"field_62","label":"unburned-looking field","tags":["fine-rows","uniform-cover","track-bounded"],"note":"Fine parallel lines cross relatively even cover without a distinct burn-like surface.","visibility":"clear","center":[75.92703938484192,30.821962347686497],"polygon":[[807,800],[915,735],[925,759],[916,792],[846,839],[828,845]],"holes":[],"bbox":[807,735,925,845],"obb":[[802.5342689911259,802.6877084775631],[915,735],[942.6011706211845,780.8604065705835],[830.1354396123104,848.5481150481465]],"obbLonLat":[[75.92684699234755,30.82169262979954],[75.92745030554269,30.82200445165216],[75.92730224132538,30.822215719522088],[75.92669892813021,30.82190389835548],[75.92684699234755,30.82169262979954]],"angle":-31.041709925488604,"polygonAreaPixels":6133,"tileOrigin":[47707392,27508992],"tileWidth":1024,"tileHeight":1024,"zoom":18,"sourceRunId":"5747e8ec-6908-4fa2-a24e-2fbac32a1e03","sourceDates":[20201109],"imageryRelease":"2021-12-21","isField":true,"edgeFragment":false}},{"type":"Feature","id":"T073.field_63","geometry":{"type":"Polygon","coordinates":[[[75.92736661434174,30.82260729286217],[75.92748999595642,30.822423023253968],[75.92779576778412,30.822611899597838],[75.92770457267761,30.822759315022743],[75.92780113220215,30.822833022650325],[75.92773139476776,30.82312324588399],[75.92761874198914,30.823348974459307],[75.9272164106369,30.823146279436397],[75.92736661434174,30.82260729286217]]]},"properties":{"id":"T073.field_63","tileId":"T073","modelObjectId":"field_63","label":"unburned-looking field","tags":["settlement-margin","muted-cover","boundary-occlusion"],"note":"Muted green-brown cover is visible between cultivation boundaries and the developed right margin. Small structures and vegetation obscure portions of the edge.","visibility":"partial","center":[75.92750877141953,30.82288599997271],"polygon":[[899,533],[974,489],[995,538],[1008,601],[990,617],[1007,649],[950,690],[927,650]],"holes":[],"bbox":[899,489,1008,690],"obb":[[937.3000069094176,693.0393145857804],[893.1032266979894,508.3599115594556],[982.7711600912043,486.9009189525324],[1026.9679403026325,671.5803219788572]],"obbLonLat":[[75.92790288416307,30.8225078779692],[75.92766579415846,30.82335864429592],[75.92718477787989,30.823259789109347],[75.9274218678845,30.82240902190681],[75.92790288416307,30.8225078779692]],"angle":-103.45868460861503,"polygonAreaPixels":13822.5,"tileOrigin":[47707392,27508992],"tileWidth":1024,"tileHeight":1024,"zoom":18,"sourceRunId":"5747e8ec-6908-4fa2-a24e-2fbac32a1e03","sourceDates":[20201109],"imageryRelease":"2021-12-21","isField":true,"edgeFragment":true}},{"type":"Feature","id":"T073.field_64","geometry":{"type":"Polygon","coordinates":[[[75.92743635177612,30.8222341465386],[75.92749536037445,30.822238753292176],[75.92765092849731,30.822155831694005],[75.9276831150055,30.822072910024236],[75.92788696289062,30.822183472234684],[75.92788696289062,30.8224045962737],[75.92782258987427,30.822547405278286],[75.92751681804657,30.82237695579667],[75.92743635177612,30.8222341465386]]]},"properties":{"id":"T073.field_64","tileId":"T073","modelObjectId":"field_64","label":"unburned-looking field","tags":["edge-truncated","settlement-margin","uniform-cover"],"note":"Relatively even cover occupies the visible parcel around the excluded building compound.","visibility":"partial","center":[75.92766165733337,30.82231015794433],"polygon":[[955,700],[1012,663],[1024,694],[1024,742],[986,766],[980,748],[951,730],[940,731]],"holes":[],"bbox":[940,663,1024,766],"obb":[[930.2893027284538,716.0402771762667],[1011.9999999999999,662.9999999999999],[1051.6359896058898,724.0608488523169],[969.9252923343438,777.1011260285836]],"obbLonLat":[[75.92759688355386,30.8220217697715],[75.92803521389155,30.822266113493406],[75.92782258987427,30.822547405278286],[75.92738425953661,30.82230306227213],[75.92759688355386,30.8220217697715]],"angle":-32.98852161363456,"polygonAreaPixels":4940.5,"tileOrigin":[47707392,27508992],"tileWidth":1024,"tileHeight":1024,"zoom":18,"sourceRunId":"5747e8ec-6908-4fa2-a24e-2fbac32a1e03","sourceDates":[20201109],"imageryRelease":"2021-12-21","isField":true,"edgeFragment":true}},{"type":"Feature","id":"T073.field_65","geometry":{"type":"Polygon","coordinates":[[[75.92574656009674,30.820884358222617],[75.92706620693207,30.820884358222617],[75.9274685382843,30.821123912482552],[75.92702865600586,30.821649087038296],[75.92586994171143,30.820985708174753],[75.92574656009674,30.820884358222617]]]},"properties":{"id":"T073.field_65","tileId":"T073","modelObjectId":"field_65","label":"unburned-looking field","tags":["edge-truncated","fine-rows","muted-tan"],"note":"Fine rows extend across muted tan-green cover without distinct char-like patches.","visibility":"partial","center":[75.92660754919052,30.821266723391663],"polygon":[[648,1002],[864,858],[946,972],[871,1024],[625,1024]],"holes":[],"bbox":[625,858,946,1024],"obb":[[621.9230769230768,1019.3846153846152],[868.1538461538462,855.230769230769],[946.923076923077,973.3846153846152],[700.6923076923076,1137.5384615384614]],"obbLonLat":[[75.92615260527685,30.820361305720343],[75.92747349005478,30.821117533826573],[75.92705093897305,30.821661844279213],[75.9257300541951,30.82090562045921],[75.92615260527685,30.820361305720343]],"angle":-33.690067525979785,"polygonAreaPixels":27545,"tileOrigin":[47707392,27508992],"tileWidth":1024,"tileHeight":1024,"zoom":18,"sourceRunId":"5747e8ec-6908-4fa2-a24e-2fbac32a1e03","sourceDates":[20201109],"imageryRelease":"2021-12-21","isField":true,"edgeFragment":true}},{"type":"Feature","id":"T073.field_66","geometry":{"type":"Polygon","coordinates":[[[75.92750608921051,30.82114233970857],[75.92780113220215,30.82131279138156],[75.92737197875977,30.821828751358556],[75.92707693576813,30.821681334505147],[75.92750608921051,30.82114233970857]]]},"properties":{"id":"T073.field_66","tileId":"T073","modelObjectId":"field_66","label":"uncertain field","tags":["dark-cover","linear-texture","soil-confounder"],"note":"Dark gray-green cover contains faint linear texture but lacks a resolved ash pattern. Vegetation or dark soil could explain its appearance.","visibility":"clear","center":[75.92743903398514,30.821485546146846],"polygon":[[873,851],[928,819],[1008,931],[953,968]],"holes":[],"bbox":[873,819,1008,968],"obb":[[953.2827417989945,968.4135098810295],[873,851.0000000000001],[927.7172582010056,813.5864901189707],[1008.0000000000001,931]],"obbLonLat":[[75.92780113220215,30.82131279138156],[75.92737046201455,30.821853690167192],[75.92707693576813,30.821681334505147],[75.92750760595573,30.821140434748724],[75.92780113220215,30.82131279138156]],"angle":-124.36278549070994,"polygonAreaPixels":9057.5,"tileOrigin":[47707392,27508992],"tileWidth":1024,"tileHeight":1024,"zoom":18,"sourceRunId":"5747e8ec-6908-4fa2-a24e-2fbac32a1e03","sourceDates":[20201109],"imageryRelease":"2021-12-21","isField":true,"edgeFragment":false}},{"type":"Feature","id":"T073.field_67","geometry":{"type":"Polygon","coordinates":[[[75.92783868312836,30.821331218571327],[75.92788696289062,30.821368072940267],[75.92788696289062,30.822109764108536],[75.92740952968597,30.82185178522147],[75.92783868312836,30.821331218571327]]]},"properties":{"id":"T073.field_67","tileId":"T073","modelObjectId":"field_67","label":"uncertain field","tags":["edge-truncated","dark-cover","haze"],"note":"The visible field is dark and relatively uniform, without sufficient char or ash texture to distinguish burning from vegetation or soil.","visibility":"partial","center":[75.9276482462883,30.821720492128907],"polygon":[[935,814],[1024,758],[1024,919],[1015,927]],"holes":[],"bbox":[935,758,1024,927],"obb":[[935,813.9999999999999],[1023.9999999999999,757.9999999999999],[1097.6250339151668,875.0112146151757],[1008.6250339151668,931.0112146151757]],"obbLonLat":[[75.92780448514534,30.821312739718095],[75.92828191835,30.821570720053256],[75.92788696289062,30.822109764108536],[75.92740952968597,30.82185178522147],[75.92780448514534,30.821312739718095]],"angle":-32.178656206601076,"polygonAreaPixels":7993,"tileOrigin":[47707392,27508992],"tileWidth":1024,"tileHeight":1024,"zoom":18,"sourceRunId":"5747e8ec-6908-4fa2-a24e-2fbac32a1e03","sourceDates":[20201109],"imageryRelease":"2021-12-21","isField":true,"edgeFragment":true}},{"type":"Feature","id":"T073.field_68","geometry":{"type":"Polygon","coordinates":[[[75.9271788597107,30.820884358222617],[75.92788696289062,30.820884358222617],[75.92788696289062,30.82131279138156],[75.92753827571869,30.821105485253007],[75.9271788597107,30.820884358222617]]]},"properties":{"id":"T073.field_68","tileId":"T073","modelObjectId":"field_68","label":"unburned-looking field","tags":["edge-truncated","muted-cover","faint-texture"],"note":"The corner fragment has muted cover and faint cultivation texture without distinct burn evidence.","visibility":"partial","center":[75.92753291130066,30.821098575041013],"polygon":[[959,976],[1024,931],[1024,1024],[892,1024]],"holes":[],"bbox":[892,931,1024,1024],"obb":[[1024,931],[1024,1023.9999999999999],[892,1024],[892,931.0000000000001]],"obbLonLat":[[75.9271788597107,30.82131279138156],[75.9271788597107,30.820884358222617],[75.92788696289062,30.820884358222617],[75.92788696289062,30.82131279138156],[75.9271788597107,30.82131279138156]],"angle":90,"polygonAreaPixels":6190.5,"tileOrigin":[47707392,27508992],"tileWidth":1024,"tileHeight":1024,"zoom":18,"sourceRunId":"5747e8ec-6908-4fa2-a24e-2fbac32a1e03","sourceDates":[20201109],"imageryRelease":"2021-12-21","isField":true,"edgeFragment":true}},{"type":"Feature","id":"T074.f01","geometry":{"type":"Polygon","coordinates":[[[75.92788696289062,30.82507647149664],[75.92803716659546,30.825090291347628],[75.92803716659546,30.825601624435894],[75.92788696289062,30.825601624435894],[75.92788696289062,30.82507647149664]]]},"properties":{"id":"T074.f01","tileId":"T074","modelObjectId":"f01","label":"unburned-looking field","tags":["edge-truncated","green-cover","haze"],"note":"Narrow green field fragment has no discernible char or ash pattern.","visibility":"partial","center":[75.92796206474304,30.82533904832529],"polygon":[[0,0],[28,0],[28,111],[0,114]],"holes":[],"bbox":[0,0,28,114],"obb":[[0,0],[28,0],[28,114],[0,114]],"obbLonLat":[[75.92788696289062,30.82507647149664],[75.92803716659546,30.82507647149664],[75.92803716659546,30.825601624435894],[75.92788696289062,30.825601624435894],[75.92788696289062,30.82507647149664]],"angle":0,"polygonAreaPixels":3150,"tileOrigin":[47708416,27508992],"tileWidth":1024,"tileHeight":1024,"zoom":18,"sourceRunId":"44d5a725-480c-43f6-b0e5-36f70eda1fdd","sourceDates":[20201109],"imageryRelease":"2021-12-21","isField":true,"edgeFragment":true}},{"type":"Feature","id":"T074.f02","geometry":{"type":"Polygon","coordinates":[[[75.92806935310364,30.82508107811385],[75.9281873703003,30.82506725826154],[75.92819273471832,30.825601624435894],[75.92805862426758,30.825601624435894],[75.92806935310364,30.82508107811385]]]},"properties":{"id":"T074.f02","tileId":"T074","modelObjectId":"f02","label":"unburned-looking field","tags":["edge-truncated","pale-cover","narrow-parcel"],"note":"Pale, relatively uniform cover is separated from the neighboring fields by longitudinal boundaries.","visibility":"partial","center":[75.92812567949295,30.825334441720447],"polygon":[[32,0],[57,0],[56,116],[34,113]],"holes":[],"bbox":[32,0,57,116],"obb":[[32,0],[57,0],[57,116],[32,116]],"obbLonLat":[[75.92805862426758,30.82506725826154],[75.92819273471832,30.82506725826154],[75.92819273471832,30.825601624435894],[75.92805862426758,30.825601624435894],[75.92805862426758,30.82506725826154]],"angle":0,"polygonAreaPixels":2690,"tileOrigin":[47708416,27508992],"tileWidth":1024,"tileHeight":1024,"zoom":18,"sourceRunId":"44d5a725-480c-43f6-b0e5-36f70eda1fdd","sourceDates":[20201109],"imageryRelease":"2021-12-21","isField":true,"edgeFragment":true}},{"type":"Feature","id":"T074.f03","geometry":{"type":"Polygon","coordinates":[[[75.92821419239044,30.8250718648792],[75.92885255813599,30.825058045025568],[75.9288740158081,30.825279162445128],[75.9288740158081,30.825601624435894],[75.92821419239044,30.825601624435894],[75.92821419239044,30.8250718648792]]]},"properties":{"id":"T074.f03","tileId":"T074","modelObjectId":"f03","label":"unburned-looking field","tags":["edge-truncated","olive-cover","faint-rows"],"note":"Muted olive cover and faint cultivation lines show no distinct burn pattern.","visibility":"partial","center":[75.92854410409927,30.825329835115387],"polygon":[[61,0],[184,0],[184,70],[180,118],[61,115]],"holes":[],"bbox":[61,0,184,118],"obb":[[61,0],[184,0],[184,118],[61,118]],"obbLonLat":[[75.92821419239044,30.825058045025568],[75.9288740158081,30.825058045025568],[75.9288740158081,30.825601624435894],[75.92821419239044,30.825601624435894],[75.92821419239044,30.825058045025568]],"angle":0,"polygonAreaPixels":14239.5,"tileOrigin":[47708416,27508992],"tileWidth":1024,"tileHeight":1024,"zoom":18,"sourceRunId":"44d5a725-480c-43f6-b0e5-36f70eda1fdd","sourceDates":[20201109],"imageryRelease":"2021-12-21","isField":true,"edgeFragment":true}},{"type":"Feature","id":"T074.f04","geometry":{"type":"Polygon","coordinates":[[[75.92891693115234,30.82536668794969],[75.92951774597168,30.82536668794969],[75.92957139015198,30.825421967174634],[75.92960357666016,30.825601624435894],[75.92890620231628,30.825601624435894],[75.92891693115234,30.82536668794969]]]},"properties":{"id":"T074.f04","tileId":"T074","modelObjectId":"f04","label":"unburned-looking field","tags":["edge-truncated","tan-residue","track-boundary"],"note":"Tan textured residue lies inside a curved track boundary.","visibility":"partial","center":[75.92925488948822,30.825484156264647],"polygon":[[190,0],[320,0],[314,39],[304,51],[192,51]],"holes":[],"bbox":[190,0,320,51],"obb":[[190,0],[320,0],[320,51],[190,51]],"obbLonLat":[[75.92890620231628,30.82536668794969],[75.92960357666016,30.82536668794969],[75.92960357666016,30.825601624435894],[75.92890620231628,30.825601624435894],[75.92890620231628,30.82536668794969]],"angle":0,"polygonAreaPixels":6330,"tileOrigin":[47708416,27508992],"tileWidth":1024,"tileHeight":1024,"zoom":18,"sourceRunId":"44d5a725-480c-43f6-b0e5-36f70eda1fdd","sourceDates":[20201109],"imageryRelease":"2021-12-21","isField":true,"edgeFragment":true}},{"type":"Feature","id":"T074.f05","geometry":{"type":"Polygon","coordinates":[[[75.92895448207855,30.825283769052625],[75.9289276599884,30.825219276527598],[75.9289276599884,30.825058045025568],[75.92949628829956,30.825044225169933],[75.92955529689789,30.82513175088866],[75.92956602573395,30.825325228510103],[75.92899739742279,30.825320621904602],[75.92895448207855,30.825283769052625]]]},"properties":{"id":"T074.f05","tileId":"T074","modelObjectId":"f05","label":"unburned-looking field","tags":["olive-cover","pale-patches","track-boundary"],"note":"Olive and pale rectangular surface patches lack visible char-like mottling.","visibility":"clear","center":[75.92924684286118,30.825184726942815],"polygon":[[207,61],[313,60],[311,102],[300,121],[194,118],[194,83],[199,69]],"holes":[],"bbox":[194,60,313,121],"obb":[[311.2645620275678,121.3188083592708],[193.0102267674522,117.97198755002223],[194.7456647398844,56.65317919075143],[313,60]],"obbLonLat":[[75.92956602573395,30.825325228510103],[75.92893166004578,30.825340645991652],[75.92892235043101,30.825058174068232],[75.92955671611918,30.825042756541322],[75.92956602573395,30.825325228510103]],"angle":-178.37885408634656,"polygonAreaPixels":6742.5,"tileOrigin":[47708416,27508992],"tileWidth":1024,"tileHeight":1024,"zoom":18,"sourceRunId":"44d5a725-480c-43f6-b0e5-36f70eda1fdd","sourceDates":[20201109],"imageryRelease":"2021-12-21","isField":true,"edgeFragment":false}},{"type":"Feature","id":"T074.f06","geometry":{"type":"Polygon","coordinates":[[[75.92962503433228,30.825486459563503],[75.92960357666016,30.825283769052625],[75.93026340007782,30.825283769052625],[75.93026876449585,30.82557398487911],[75.92967331409454,30.825560165097745],[75.92962503433228,30.825486459563503]]]},"properties":{"id":"T074.f06","tileId":"T074","modelObjectId":"f06","label":"unburned-looking field","tags":["olive-cover","faint-rows","bund-boundary"],"note":"Fairly uniform cover is bounded by a track and a faint transverse division.","visibility":"clear","center":[75.929936170578,30.825428877075513],"polygon":[[333,9],[444,6],[443,69],[320,69],[324,25]],"holes":[],"bbox":[320,6,444,69],"obb":[[444,69],[320,69.00000000000001],[320,6.000000000000015],[444,6]],"obbLonLat":[[75.93026876449585,30.82557398487911],[75.92960357666016,30.82557398487911],[75.92960357666016,30.825283769052625],[75.93026876449585,30.825283769052625],[75.93026876449585,30.82557398487911]],"angle":180,"polygonAreaPixels":7351,"tileOrigin":[47708416,27508992],"tileWidth":1024,"tileHeight":1024,"zoom":18,"sourceRunId":"44d5a725-480c-43f6-b0e5-36f70eda1fdd","sourceDates":[20201109],"imageryRelease":"2021-12-21","isField":true,"edgeFragment":false}},{"type":"Feature","id":"T074.f07","geometry":{"type":"Polygon","coordinates":[[[75.92957675457001,30.82508568473086],[75.92958211898804,30.824929059629],[75.93025267124176,30.824938272877354],[75.93026340007782,30.825265342621325],[75.92960357666016,30.825265342621325],[75.92957675457001,30.82508568473086]]]},"properties":{"id":"T074.f07","tileId":"T074","modelObjectId":"f07","label":"unburned-looking field","tags":["muted-cover","cultivation-lines","haze"],"note":"Faint cultivation bands cross a muted olive surface without visible burn evidence.","visibility":"clear","center":[75.92992007732391,30.825097201272378],"polygon":[[320,73],[443,73],[441,144],[316,146],[315,112]],"holes":[],"bbox":[315,73,443,146],"obb":[[315,73],[443,73],[443,146],[315,146]],"obbLonLat":[[75.92957675457001,30.824929059629],[75.93026340007782,30.824929059629],[75.93026340007782,30.825265342621325],[75.92957675457001,30.825265342621325],[75.92957675457001,30.824929059629]],"angle":0,"polygonAreaPixels":9029.5,"tileOrigin":[47708416,27508992],"tileWidth":1024,"tileHeight":1024,"zoom":18,"sourceRunId":"44d5a725-480c-43f6-b0e5-36f70eda1fdd","sourceDates":[20201109],"imageryRelease":"2021-12-21","isField":true,"edgeFragment":false}},{"type":"Feature","id":"T074.f08","geometry":{"type":"Polygon","coordinates":[[[75.92954993247986,30.824671088316062],[75.93025267124176,30.82466648167917],[75.93025267124176,30.824915239754798],[75.92957675457001,30.82491063312963],[75.92954993247986,30.824671088316062]]]},"properties":{"id":"T074.f08","tileId":"T074","modelObjectId":"f08","label":"unburned-looking field","tags":["pale-cover","olive-patches","bund-boundary"],"note":"Pale and olive cover varies gradually rather than forming char-like patches.","visibility":"clear","center":[75.92990130186081,30.824790860797542],"polygon":[[315,150],[441,149],[441,203],[310,202]],"holes":[],"bbox":[310,149,441,203],"obb":[[441,149],[441,203],[310,203],[310,149]],"obbLonLat":[[75.92954993247986,30.824915239754798],[75.92954993247986,30.82466648167917],[75.93025267124176,30.82466648167917],[75.93025267124176,30.824915239754798],[75.92954993247986,30.824915239754798]],"angle":90,"polygonAreaPixels":6810.5,"tileOrigin":[47708416,27508992],"tileWidth":1024,"tileHeight":1024,"zoom":18,"sourceRunId":"44d5a725-480c-43f6-b0e5-36f70eda1fdd","sourceDates":[20201109],"imageryRelease":"2021-12-21","isField":true,"edgeFragment":false}},{"type":"Feature","id":"T074.f09","geometry":{"type":"Polygon","coordinates":[[[75.930295586586,30.825048831788695],[75.93082666397095,30.825048831788695],[75.93082666397095,30.82557859147247],[75.93031167984009,30.825569378285547],[75.930295586586,30.825048831788695]]]},"properties":{"id":"T074.f09","tileId":"T074","modelObjectId":"f09","label":"unburned-looking field","tags":["uniform-cover","olive-tone","straight-bunds"],"note":"The field has relatively uniform olive cover and no discernible ash-like surface.","visibility":"clear","center":[75.93056112527847,30.82531371199593],"polygon":[[452,7],[548,5],[548,120],[449,120]],"holes":[],"bbox":[449,5,548,120],"obb":[[548,5],[548,120],[449,120],[449,5.000000000000006]],"obbLonLat":[[75.930295586586,30.82557859147247],[75.930295586586,30.825048831788695],[75.93082666397095,30.825048831788695],[75.93082666397095,30.82557859147247],[75.930295586586,30.82557859147247]],"angle":90,"polygonAreaPixels":11113.5,"tileOrigin":[47708416,27508992],"tileWidth":1024,"tileHeight":1024,"zoom":18,"sourceRunId":"44d5a725-480c-43f6-b0e5-36f70eda1fdd","sourceDates":[20201109],"imageryRelease":"2021-12-21","isField":true,"edgeFragment":false}},{"type":"Feature","id":"T074.f10","geometry":{"type":"Polygon","coordinates":[[[75.9308534860611,30.825044225169933],[75.93135237693787,30.825053438407235],[75.93133628368378,30.82544960677517],[75.93121826648712,30.825421967174634],[75.93111097812653,30.825486459563503],[75.93107342720032,30.82557859147247],[75.9308534860611,30.82557859147247],[75.9308534860611,30.825044225169933]]]},"properties":{"id":"T074.f10","tileId":"T074","modelObjectId":"f10","label":"unburned-looking field","tags":["olive-cover","tree-margin","uniform-surface"],"note":"Olive cover extends to an irregular wooded margin, which is excluded.","visibility":"clear","center":[75.93110293149948,30.825311408692933],"polygon":[[553,5],[594,5],[601,25],[621,39],[643,33],[646,119],[553,121]],"holes":[],"bbox":[553,5,646,121],"obb":[[553,5],[646,5],[646,121],[553,121]],"obbLonLat":[[75.9308534860611,30.825044225169933],[75.93135237693787,30.825044225169933],[75.93135237693787,30.82557859147247],[75.9308534860611,30.82557859147247],[75.9308534860611,30.825044225169933]],"angle":0,"polygonAreaPixels":9190,"tileOrigin":[47708416,27508992],"tileWidth":1024,"tileHeight":1024,"zoom":18,"sourceRunId":"44d5a725-480c-43f6-b0e5-36f70eda1fdd","sourceDates":[20201109],"imageryRelease":"2021-12-21","isField":true,"edgeFragment":false}},{"type":"Feature","id":"T074.f11","geometry":{"type":"Polygon","coordinates":[[[75.93137383460999,30.825408147371387],[75.93137383460999,30.825053438407235],[75.93181371688843,30.825053438407235],[75.93181371688843,30.82535286813849],[75.93179225921631,30.825523312337697],[75.93160450458527,30.82555555850351],[75.93142747879028,30.825523312337697],[75.93137383460999,30.825408147371387]]]},"properties":{"id":"T074.f11","tileId":"T074","modelObjectId":"f11","label":"burned-looking field","tags":["char-like-mottling","pale-flecks","dark-matrix","haze"],"note":"Most of the visible parcel has a very dark matrix broken by irregular pale flecks and streaks resembling charred residue with ash-like remnants. Dark soil mixed with standing or cut residue remains a plausible alternative.","visibility":"clear","center":[75.9315937757492,30.8253044987836],"polygon":[[660,17],[693,10],[728,17],[732,54],[732,119],[650,119],[650,42]],"holes":[],"bbox":[650,10,732,119],"obb":[[732,9.999999999999998],[732,119],[650,119],[650,10.000000000000004]],"obbLonLat":[[75.93137383460999,30.82555555850351],[75.93137383460999,30.825053438407235],[75.93181371688843,30.825053438407235],[75.93181371688843,30.82555555850351],[75.93137383460999,30.82555555850351]],"angle":90,"polygonAreaPixels":8403,"tileOrigin":[47708416,27508992],"tileWidth":1024,"tileHeight":1024,"zoom":18,"sourceRunId":"44d5a725-480c-43f6-b0e5-36f70eda1fdd","sourceDates":[20201109],"imageryRelease":"2021-12-21","isField":true,"edgeFragment":false}},{"type":"Feature","id":"T074.f12","geometry":{"type":"Polygon","coordinates":[[[75.9318459033966,30.825039618550942],[75.93229651451111,30.82502579869266],[75.93225359916687,30.82508568473086],[75.93226432800293,30.825182423636715],[75.93233942985535,30.82522848974811],[75.9324038028717,30.825191636860765],[75.93243598937988,30.825104111196627],[75.93241453170776,30.82503501193174],[75.93244135379791,30.824933666253283],[75.9326022863388,30.824984339105878],[75.93284904956818,30.825104111196627],[75.93285977840424,30.825297588873767],[75.93275785446167,30.82533904832529],[75.93269884586334,30.8255878046585],[75.93183517456055,30.825569378285547],[75.9318459033966,30.825039618550942]]]},"properties":{"id":"T074.f12","tileId":"T074","modelObjectId":"f12","label":"unburned-looking field","tags":["olive-cover","tree-excluded","irregular-margin"],"note":"Broad olive cover lacks coherent char or ash patterns; the conspicuous tree at the lower margin is excluded.","visibility":"clear","center":[75.93234747648239,30.82526073601294],"polygon":[[736,7],[897,3],[908,57],[927,66],[925,108],[879,134],[849,145],[844,123],[848,108],[842,89],[830,81],[816,91],[814,112],[822,125],[738,122]],"holes":[],"bbox":[736,3,927,145],"obb":[[735.1433858965956,7.021282337972778],[925.4172417781548,2.293981570729077],[928.9134055596253,143.01457377491616],[738.6395496780661,147.74187454215988]],"obbLonLat":[[75.93184933420844,30.824921035466897],[75.93287004271153,30.8249428123653],[75.93285128782748,30.825591056997848],[75.93183057932438,30.82556928024646],[75.93184933420844,30.824921035466897]],"angle":-1.4232048466331204,"polygonAreaPixels":20402.5,"tileOrigin":[47708416,27508992],"tileWidth":1024,"tileHeight":1024,"zoom":18,"sourceRunId":"44d5a725-480c-43f6-b0e5-36f70eda1fdd","sourceDates":[20201109],"imageryRelease":"2021-12-21","isField":true,"edgeFragment":false}},{"type":"Feature","id":"T074.f13","geometry":{"type":"Polygon","coordinates":[[[75.93280076980591,30.825320621904602],[75.93310117721558,30.82538511436154],[75.93313872814178,30.825458819973584],[75.93309044837952,30.825601624435894],[75.93274712562561,30.8255878046585],[75.93280076980591,30.825320621904602]]]},"properties":{"id":"T074.f13","tileId":"T074","modelObjectId":"f13","label":"unburned-looking field","tags":["edge-truncated","green-cover","crop-texture"],"note":"Dense green cover occupies the upper-right field fragment.","visibility":"partial","center":[75.9329429268837,30.82546112327304],"polygon":[[906,3],[970,0],[979,31],[972,47],[916,61]],"holes":[],"bbox":[906,0,979,61],"obb":[[916,61.00000000000003],[906,3.0000000000000284],[972.2043879907621,-8.414549653579655],[982.2043879907621,49.585450346420345]],"obbLonLat":[[75.93315591781851,30.825373204218725],[75.93310227363821,30.82564038682629],[75.93274712562561,30.8255878046585],[75.93280076980591,30.825320621904602],[75.93315591781851,30.825373204218725]],"angle":-99.78240703180728,"polygonAreaPixels":3381.5,"tileOrigin":[47708416,27508992],"tileWidth":1024,"tileHeight":1024,"zoom":18,"sourceRunId":"44d5a725-480c-43f6-b0e5-36f70eda1fdd","sourceDates":[20201109],"imageryRelease":"2021-12-21","isField":true,"edgeFragment":true}},{"type":"Feature","id":"T074.f14","geometry":{"type":"Polygon","coordinates":[[[75.93288660049438,30.82507647149664],[75.93311190605164,30.825104111196627],[75.93311727046967,30.82538050775891],[75.93289732933044,30.825320621904602],[75.93288660049438,30.82507647149664]]]},"properties":{"id":"T074.f14","tileId":"T074","modelObjectId":"f14","label":"unburned-looking field","tags":["tan-cover","narrow-parcel","straight-bunds"],"note":"Light brown cover appears uniform within the narrow parcel.","visibility":"clear","center":[75.93300193548203,30.82522848974811],"polygon":[[934,61],[975,48],[974,108],[932,114]],"holes":[],"bbox":[932,48,975,114],"obb":[[975,48],[973.888364343238,114.69813940572062],[932,114],[933.111635656762,47.30186059427936]],"obbLonLat":[[75.93289256377273,30.825383723809768],[75.93288660049438,30.82507647149664],[75.93311130719133,30.82507325543549],[75.93311727046967,30.82538050775891],[75.93289256377273,30.825383723809768]],"angle":90.95484125387219,"polygonAreaPixels":2330.5,"tileOrigin":[47708416,27508992],"tileWidth":1024,"tileHeight":1024,"zoom":18,"sourceRunId":"44d5a725-480c-43f6-b0e5-36f70eda1fdd","sourceDates":[20201109],"imageryRelease":"2021-12-21","isField":true,"edgeFragment":false}},{"type":"Feature","id":"T074.f15","geometry":{"type":"Polygon","coordinates":[[[75.93286514282227,30.82486917349312],[75.93290269374847,30.824735581209264],[75.9331065416336,30.824813893949926],[75.9331065416336,30.82508107811385],[75.93289732933044,30.825053438407235],[75.93286514282227,30.82486917349312]]]},"properties":{"id":"T074.f15","tileId":"T074","modelObjectId":"f15","label":"unburned-looking field","tags":["olive-cover","narrow-parcel","track-margin"],"note":"Olive crop-like texture is visible beside the roadside margin.","visibility":"clear","center":[75.93298584222794,30.824908329816953],"polygon":[[934,119],[973,113],[973,171],[935,188],[928,159]],"holes":[],"bbox":[928,113,973,188],"obb":[[973,113],[973,188],[928,188],[928,113]],"obbLonLat":[[75.93286514282227,30.82508107811385],[75.93286514282227,30.824735581209264],[75.9331065416336,30.824735581209264],[75.9331065416336,30.82508107811385],[75.93286514282227,30.82508107811385]],"angle":90,"polygonAreaPixels":2677.5,"tileOrigin":[47708416,27508992],"tileWidth":1024,"tileHeight":1024,"zoom":18,"sourceRunId":"44d5a725-480c-43f6-b0e5-36f70eda1fdd","sourceDates":[20201109],"imageryRelease":"2021-12-21","isField":true,"edgeFragment":false}},{"type":"Feature","id":"T074.f16","geometry":{"type":"Polygon","coordinates":[[[75.92788696289062,30.824546709042533],[75.92819809913635,30.824546709042533],[75.92819809913635,30.825039618550942],[75.92788696289062,30.825044225169933],[75.92788696289062,30.824546709042533]]]},"properties":{"id":"T074.f16","tileId":"T074","modelObjectId":"f16","label":"unburned-looking field","tags":["edge-truncated","olive-cover","faint-rows"],"note":"Uniform muted cover shows faint rows and no visible burn evidence.","visibility":"partial","center":[75.92804253101349,30.824795467428466],"polygon":[[0,121],[58,122],[58,229],[0,229]],"holes":[],"bbox":[0,121,58,229],"obb":[[58,121],[58.00000000000001,229],[0,229],[-6.6130927153957075e-15,121]],"obbLonLat":[[75.92788696289062,30.825044225169933],[75.92788696289062,30.824546709042533],[75.92819809913635,30.824546709042533],[75.92819809913635,30.825044225169933],[75.92788696289062,30.825044225169933]],"angle":90,"polygonAreaPixels":6235,"tileOrigin":[47708416,27508992],"tileWidth":1024,"tileHeight":1024,"zoom":18,"sourceRunId":"44d5a725-480c-43f6-b0e5-36f70eda1fdd","sourceDates":[20201109],"imageryRelease":"2021-12-21","isField":true,"edgeFragment":true}},{"type":"Feature","id":"T074.f17","geometry":{"type":"Polygon","coordinates":[[[75.9282249212265,30.824546709042533],[75.92884719371796,30.824537495756616],[75.92885255813599,30.825030405312308],[75.9282249212265,30.825039618550942],[75.9282249212265,30.824546709042533]]]},"properties":{"id":"T074.f17","tileId":"T074","modelObjectId":"f17","label":"unburned-looking field","tags":["olive-cover","cultivation-lines","straight-bunds"],"note":"Light cultivation lines cross a continuous olive surface.","visibility":"clear","center":[75.92853873968124,30.824788557481998],"polygon":[[63,122],[180,124],[179,231],[63,229]],"holes":[],"bbox":[63,122,180,231],"obb":[[62.999999999999986,121.99999999999999],[180.8288176440517,124.01416782297522],[179,230.99999999999997],[61.17118235594828,228.98583217702472]],"obbLonLat":[[75.92821511068416,30.824546774308644],[75.92884719371796,30.824537495756616],[75.9288570042603,30.825030340046535],[75.9282249212265,30.825039618550942],[75.92821511068416,30.824546774308644]],"angle":0.9793196543394876,"polygonAreaPixels":12466.5,"tileOrigin":[47708416,27508992],"tileWidth":1024,"tileHeight":1024,"zoom":18,"sourceRunId":"44d5a725-480c-43f6-b0e5-36f70eda1fdd","sourceDates":[20201109],"imageryRelease":"2021-12-21","isField":true,"edgeFragment":false}},{"type":"Feature","id":"T074.f18","geometry":{"type":"Polygon","coordinates":[[[75.92890620231628,30.824532889113307],[75.92949092388153,30.824537495756616],[75.92949628829956,30.825016585452705],[75.92892229557037,30.82502579869266],[75.92890620231628,30.824532889113307]]]},"properties":{"id":"T074.f18","tileId":"T074","modelObjectId":"f18","label":"unburned-looking field","tags":["muted-cover","faint-rows","bund-boundary"],"note":"The parcel is consistently muted olive with minor pale marks, not a coherent burn pattern.","visibility":"clear","center":[75.92920124530792,30.824779344219273],"polygon":[[193,125],[300,127],[299,231],[190,232]],"holes":[],"bbox":[190,125,300,232],"obb":[[192.00034925347072,124.98131493931719],[300.9435955644809,127.01763730027065],[298.9432463110102,234.03632236095342],[190,231.99999999999997]],"obbLonLat":[[75.92890620231628,30.824532889113307],[75.92949061943102,30.824523508501873],[75.92950135014064,30.825016504204356],[75.92891693302587,30.825025884767637],[75.92890620231628,30.824532889113307]],"angle":1.0708244547869632,"polygonAreaPixels":11395,"tileOrigin":[47708416,27508992],"tileWidth":1024,"tileHeight":1024,"zoom":18,"sourceRunId":"44d5a725-480c-43f6-b0e5-36f70eda1fdd","sourceDates":[20201109],"imageryRelease":"2021-12-21","isField":true,"edgeFragment":false}},{"type":"Feature","id":"T074.f19","geometry":{"type":"Polygon","coordinates":[[[75.92788696289062,30.82417357025531],[75.92804789543152,30.824058403670133],[75.92820346355438,30.82403076366913],[75.92886865139008,30.82404458367062],[75.92885255813599,30.824509855893517],[75.92788696289062,30.824509855893517],[75.92788696289062,30.82417357025531]]]},"properties":{"id":"T074.f19","tileId":"T074","modelObjectId":"f19","label":"unburned-looking field","tags":["edge-truncated","green-cover","textured-surface"],"note":"Broad green crop-like texture occupies the parcel, with an irregular lower-left margin.","visibility":"partial","center":[75.92837780714035,30.824270310080124],"polygon":[[0,237],[180,237],[183,338],[59,341],[30,335],[0,310]],"holes":[],"bbox":[0,237,183,341],"obb":[[0,237],[183,237],[183,341],[0,341]],"obbLonLat":[[75.92788696289062,30.82403076366913],[75.92886865139008,30.82403076366913],[75.92886865139008,30.824509855893517],[75.92788696289062,30.824509855893517],[75.92788696289062,30.82403076366913]],"angle":0,"polygonAreaPixels":18052.5,"tileOrigin":[47708416,27508992],"tileWidth":1024,"tileHeight":1024,"zoom":18,"sourceRunId":"44d5a725-480c-43f6-b0e5-36f70eda1fdd","sourceDates":[20201109],"imageryRelease":"2021-12-21","isField":true,"edgeFragment":true}},{"type":"Feature","id":"T074.f20","geometry":{"type":"Polygon","coordinates":[[[75.92890083789825,30.824012336997384],[75.92919588088989,30.823998516991242],[75.92920124530792,30.82449603595899],[75.92890620231628,30.824500642604058],[75.92890083789825,30.824012336997384]]]},"properties":{"id":"T074.f20","tileId":"T074","modelObjectId":"f20","label":"unburned-looking field","tags":["tan-residue","longitudinal-rows","narrow-parcel"],"note":"Parallel residue or cultivation lines are visible without a char-like background.","visibility":"clear","center":[75.92905104160309,30.82424958012587],"polygon":[[190,239],[245,240],[244,348],[189,345]],"holes":[],"bbox":[189,239,245,348],"obb":[[188.97659517664854,347.48091127525134],[189.99999999999997,238.99999999999997],[245.02340482335143,239.51908872474857],[244,347.99999999999994]],"obbLonLat":[[75.92919588088989,30.823998516991242],[75.92920137086116,30.824498251346565],[75.92890620231628,30.824500642604058],[75.92890071234501,30.82400090826118],[75.92919588088989,30.823998516991242]],"angle":-89.45948981286934,"polygonAreaPixels":5887,"tileOrigin":[47708416,27508992],"tileWidth":1024,"tileHeight":1024,"zoom":18,"sourceRunId":"44d5a725-480c-43f6-b0e5-36f70eda1fdd","sourceDates":[20201109],"imageryRelease":"2021-12-21","isField":true,"edgeFragment":false}},{"type":"Feature","id":"T074.f21","geometry":{"type":"Polygon","coordinates":[[[75.92922270298004,30.823989303652716],[75.9294855594635,30.823989303652716],[75.92953383922577,30.824035370336514],[75.92953383922577,30.82449142931371],[75.92922806739807,30.82449603595899],[75.92922270298004,30.823989303652716]]]},"properties":{"id":"T074.f21","tileId":"T074","modelObjectId":"f21","label":"unburned-looking field","tags":["patchy-residue","olive-ground","pale-remnants"],"note":"Scattered pale residue patches sit on an olive surface without clear ash or char evidence.","visibility":"clear","center":[75.9293782711029,30.82424267014012],"polygon":[[250,240],[307,241],[307,340],[298,350],[249,350]],"holes":[],"bbox":[249,240,307,350],"obb":[[249,350],[250,240],[307.90430542930335,240.52640277663002],[306.90430542930335,350.52640277663005]],"obbLonLat":[[75.92953332588007,30.823986878689084],[75.9295386902981,30.824493611008155],[75.92922806739807,30.82449603595899],[75.92922270298004,30.823989303652716],[75.92953332588007,30.823986878689084]],"angle":-89.47914362549805,"polygonAreaPixels":6251.5,"tileOrigin":[47708416,27508992],"tileWidth":1024,"tileHeight":1024,"zoom":18,"sourceRunId":"44d5a725-480c-43f6-b0e5-36f70eda1fdd","sourceDates":[20201109],"imageryRelease":"2021-12-21","isField":true,"edgeFragment":false}},{"type":"Feature","id":"T074.f22","geometry":{"type":"Polygon","coordinates":[[[75.92955529689789,30.824339409895323],[75.93024730682373,30.824339409895323],[75.93025803565979,30.824629628576123],[75.92956066131592,30.82463423521478],[75.92955529689789,30.824339409895323]]]},"properties":{"id":"T074.f22","tileId":"T074","modelObjectId":"f22","label":"unburned-looking field","tags":["olive-cover","pale-patches","bund-boundary"],"note":"Mostly olive cover contains a few pale irregular patches.","visibility":"clear","center":[75.92990666627884,30.824486822668206],"polygon":[[312,210],[442,211],[440,274],[311,274]],"holes":[],"bbox":[311,210,442,274],"obb":[[311.49233773149524,209.99609490562688],[442,211],[441.5076622685048,275.0039050943731],[311.00000000000006,274]],"obbLonLat":[[75.92955529689789,30.824339409895323],[75.93025539455437,30.8243347852531],[75.93025803565979,30.824629628576123],[75.92955793800331,30.82463425320413],[75.92955529689789,30.824339409895323]],"angle":0.4407280727610142,"polygonAreaPixels":8224,"tileOrigin":[47708416,27508992],"tileWidth":1024,"tileHeight":1024,"zoom":18,"sourceRunId":"44d5a725-480c-43f6-b0e5-36f70eda1fdd","sourceDates":[20201109],"imageryRelease":"2021-12-21","isField":true,"edgeFragment":false}},{"type":"Feature","id":"T074.f23","geometry":{"type":"Polygon","coordinates":[[[75.92956066131592,30.82415053694933],[75.93024730682373,30.824141323625387],[75.93025267124176,30.824311769975207],[75.92957675457001,30.82430716332108],[75.92956066131592,30.82415053694933]]]},"properties":{"id":"T074.f23","tileId":"T074","modelObjectId":"f23","label":"unburned-looking field","tags":["mixed-cover","green-strip","pale-residue"],"note":"A green strip and pale residue coexist without discernible char-like patches.","visibility":"clear","center":[75.92990666627884,30.824226546838105],"polygon":[[315,281],[441,280],[440,317],[312,315]],"holes":[],"bbox":[312,280,441,317],"obb":[[440.4217720283134,317.00659018794244],[312,315.00000000000006],[312.5782279716866,277.9934098120576],[441,280]],"obbLonLat":[[75.93025267124176,30.824311769975207],[75.9295637631725,30.8243210136415],[75.92956066131592,30.82415053694933],[75.93024956938518,30.824141293266617],[75.93025267124176,30.824311769975207]],"angle":-179.10482628978895,"polygonAreaPixels":4509.5,"tileOrigin":[47708416,27508992],"tileWidth":1024,"tileHeight":1024,"zoom":18,"sourceRunId":"44d5a725-480c-43f6-b0e5-36f70eda1fdd","sourceDates":[20201109],"imageryRelease":"2021-12-21","isField":true,"edgeFragment":false}},{"type":"Feature","id":"T074.f24","geometry":{"type":"Polygon","coordinates":[[[75.92956602573395,30.824012336997384],[75.92990398406982,30.823993910322095],[75.93023657798767,30.823989303652716],[75.9302419424057,30.824118290311656],[75.92956602573395,30.82412750363781],[75.92956602573395,30.824012336997384]]]},"properties":{"id":"T074.f24","tileId":"T074","modelObjectId":"f24","label":"unburned-looking field","tags":["pale-residue","scattered-marks","transverse-bunds"],"note":"Pale exposed cover has scattered small darker marks but no coherent burn signature.","visibility":"clear","center":[75.92990398406982,30.824058403670133],"polygon":[[313,320],[439,322],[438,350],[376,349],[313,345]],"holes":[],"bbox":[313,320,439,350],"obb":[[313,320.00000000000006],[439,322.00000000000006],[438.5554156171285,350.0088161209069],[312.5554156171285,348.0088161209069]],"obbLonLat":[[75.92956364079745,30.8239984763783],[75.9302395574692,30.823989263039774],[75.9302419424057,30.824118290311656],[75.92956602573395,30.82412750363781],[75.92956364079745,30.8239984763783]],"angle":0.9093804491991414,"polygonAreaPixels":3420,"tileOrigin":[47708416,27508992],"tileWidth":1024,"tileHeight":1024,"zoom":18,"sourceRunId":"44d5a725-480c-43f6-b0e5-36f70eda1fdd","sourceDates":[20201109],"imageryRelease":"2021-12-21","isField":true,"edgeFragment":false}},{"type":"Feature","id":"T074.f25","geometry":{"type":"Polygon","coordinates":[[[75.93029022216797,30.824477609376526],[75.93061208724976,30.82447300273036],[75.93061208724976,30.825021192072793],[75.93030095100403,30.825016585452705],[75.93029022216797,30.824477609376526]]]},"properties":{"id":"T074.f25","tileId":"T074","modelObjectId":"f25","label":"unburned-looking field","tags":["mottled-cover","pale-residue","olive-ground"],"note":"Pale residue and olive cover form low-contrast mottling rather than distinct char or ash.","visibility":"clear","center":[75.93045115470886,30.82474709779279],"polygon":[[450,127],[508,126],[508,245],[448,244]],"holes":[],"bbox":[448,126,508,245],"obb":[[508,126],[508,245],[448,245],[448,126]],"obbLonLat":[[75.93029022216797,30.825021192072793],[75.93029022216797,30.82447300273036],[75.93061208724976,30.82447300273036],[75.93061208724976,30.825021192072793],[75.93029022216797,30.825021192072793]],"angle":90,"polygonAreaPixels":6962,"tileOrigin":[47708416,27508992],"tileWidth":1024,"tileHeight":1024,"zoom":18,"sourceRunId":"44d5a725-480c-43f6-b0e5-36f70eda1fdd","sourceDates":[20201109],"imageryRelease":"2021-12-21","isField":true,"edgeFragment":false}},{"type":"Feature","id":"T074.f26","geometry":{"type":"Polygon","coordinates":[[[75.9306389093399,30.824477609376526],[75.93104124069214,30.824477609376526],[75.9310519695282,30.824956699371413],[75.93087494373322,30.825016585452705],[75.9306389093399,30.82500737221186],[75.9306389093399,30.824477609376526]]]},"properties":{"id":"T074.f26","tileId":"T074","modelObjectId":"f26","label":"unburned-looking field","tags":["mixed-cover","pale-patches","haze"],"note":"Pale irregular patches interrupt olive cover, with no clearly charred surface visible.","visibility":"clear","center":[75.93084543943405,30.82474709779279],"polygon":[[513,129],[557,127],[590,140],[588,244],[513,244]],"holes":[],"bbox":[513,127,590,244],"obb":[[590,244],[513,244.00000000000003],[513,127.00000000000001],[590,127]],"obbLonLat":[[75.9310519695282,30.825016585452705],[75.9306389093399,30.825016585452705],[75.9306389093399,30.824477609376526],[75.9310519695282,30.824477609376526],[75.9310519695282,30.825016585452705]],"angle":180,"polygonAreaPixels":8646.5,"tileOrigin":[47708416,27508992],"tileWidth":1024,"tileHeight":1024,"zoom":18,"sourceRunId":"44d5a725-480c-43f6-b0e5-36f70eda1fdd","sourceDates":[20201109],"imageryRelease":"2021-12-21","isField":true,"edgeFragment":false}},{"type":"Feature","id":"T074.f27","geometry":{"type":"Polygon","coordinates":[[[75.93106269836426,30.82464805512942],[75.93104660511017,30.82443154290489],[75.93111634254456,30.82443614955305],[75.93113780021667,30.824629628576123],[75.93116998672485,30.825011978832393],[75.93107879161835,30.82500737221186],[75.93106269836426,30.82464805512942]]]},"properties":{"id":"T074.f27","tileId":"T074","modelObjectId":"f27","label":"uncertain field","tags":["narrow-parcel","alternating-tones","haze"],"note":"Alternating dark and pale patches are too small and hazy to distinguish residue, soil or burning.","visibility":"uncertain","center":[75.93110829591751,30.824721761307224],"polygon":[[595,129],[612,128],[606,211],[602,253],[589,254],[592,207]],"holes":[],"bbox":[589,128,612,254],"obb":[[589,254],[595.0869676265884,127.18817444607625],[612,128],[605.9130323734116,254.81182555392377]],"obbLonLat":[[75.93113733368597,30.824427803110034],[75.93116998672485,30.825011978832393],[75.93107925814905,30.825015718604497],[75.93104660511017,30.82443154290489],[75.93113733368597,30.824427803110034]],"angle":-87.25191181994624,"polygonAreaPixels":1860.5,"tileOrigin":[47708416,27508992],"tileWidth":1024,"tileHeight":1024,"zoom":18,"sourceRunId":"44d5a725-480c-43f6-b0e5-36f70eda1fdd","sourceDates":[20201109],"imageryRelease":"2021-12-21","isField":true,"edgeFragment":false}},{"type":"Feature","id":"T074.f28","geometry":{"type":"Polygon","coordinates":[[[75.93117535114288,30.824661875042064],[75.9311592578888,30.82443614955305],[75.93131482601166,30.824449969496197],[75.93125581741333,30.825011978832393],[75.931196808815,30.82500737221186],[75.93117535114288,30.824661875042064]]]},"properties":{"id":"T074.f28","tileId":"T074","modelObjectId":"f28","label":"unburned-looking field","tags":["pale-cover","narrow-parcel","longitudinal-texture"],"note":"The narrow field has predominantly pale residue-like cover.","visibility":"clear","center":[75.93123704195023,30.82472406462437],"polygon":[[617,129],[628,128],[639,250],[610,253],[613,204]],"holes":[],"bbox":[610,128,639,253],"obb":[[627.9999999999999,128],[639.0344551816061,250.38213928690433],[610,252.99999999999994],[598.9655448183938,130.61786071309564]],"obbLonLat":[[75.93110006445846,30.824999919341007],[75.9311592578888,30.82443614955305],[75.93131501084366,30.824448209115232],[75.93125581741333,30.825011978832393],[75.93110006445846,30.824999919341007]],"angle":84.84791829779378,"polygonAreaPixels":2449.5,"tileOrigin":[47708416,27508992],"tileWidth":1024,"tileHeight":1024,"zoom":18,"sourceRunId":"44d5a725-480c-43f6-b0e5-36f70eda1fdd","sourceDates":[20201109],"imageryRelease":"2021-12-21","isField":true,"edgeFragment":false}},{"type":"Feature","id":"T074.f29","geometry":{"type":"Polygon","coordinates":[[[75.93137383460999,30.824629628576123],[75.93142747879028,30.824371656458723],[75.9318995475769,30.82458356217742],[75.93191027641296,30.824684908225393],[75.93199610710144,30.824735581209264],[75.93200147151947,30.825011978832393],[75.9313416481018,30.825002765591105],[75.93137383460999,30.824629628576123]]]},"properties":{"id":"T074.f29","tileId":"T074","modelObjectId":"f29","label":"unburned-looking field","tags":["olive-cover","diagonal-margin","tree-excluded"],"note":"Continuous olive cover meets a diagonal track, with the marginal tree excluded.","visibility":"clear","center":[75.93167155981064,30.824691818179314],"polygon":[[644,130],[767,128],[766,188],[750,199],[748,221],[660,267],[650,211]],"holes":[],"bbox":[644,128,767,267],"obb":[[644.0000000000002,130],[767.0000000000001,128],[769.2312826273708,265.2238815832948],[646.2312826273709,267.2238815832948]],"obbLonLat":[[75.93135361763458,30.82437062511437],[75.93201344105225,30.82437983841631],[75.93200147151947,30.825011978832393],[75.9313416481018,30.825002765591105],[75.93135361763458,30.82437062511437]],"angle":-0.9315565980774849,"polygonAreaPixels":12692,"tileOrigin":[47708416,27508992],"tileWidth":1024,"tileHeight":1024,"zoom":18,"sourceRunId":"44d5a725-480c-43f6-b0e5-36f70eda1fdd","sourceDates":[20201109],"imageryRelease":"2021-12-21","isField":true,"edgeFragment":false}},{"type":"Feature","id":"T074.f30","geometry":{"type":"Polygon","coordinates":[[[75.93202829360962,30.824684908225393],[75.93207120895386,30.824726367941466],[75.93217849731445,30.824754007742225],[75.93219995498657,30.824574348895023],[75.93228042125702,30.82454210239969],[75.93238770961761,30.824625021937244],[75.93238234519958,30.824998158970132],[75.93202829360962,30.825002765591105],[75.93202829360962,30.824684908225393]]]},"properties":{"id":"T074.f30","tileId":"T074","modelObjectId":"f30","label":"unburned-looking field","tags":["brown-cover","irregular-margin","tree-margin"],"note":"Brown-olive cover has no discernible char-like mottling; vegetation and structures interrupt its lower boundary.","visibility":"clear","center":[75.93220800161362,30.824772434271654],"polygon":[[772,130],[838,131],[839,212],[819,230],[804,223],[800,184],[780,190],[772,199]],"holes":[],"bbox":[772,130,839,230],"obb":[[772,230],[772,130],[839,130],[839,230]],"obbLonLat":[[75.93238770961761,30.82454210239969],[75.93238770961761,30.825002765591105],[75.93202829360962,30.825002765591105],[75.93202829360962,30.82454210239969],[75.93238770961761,30.82454210239969]],"angle":-90,"polygonAreaPixels":5143,"tileOrigin":[47708416,27508992],"tileWidth":1024,"tileHeight":1024,"zoom":18,"sourceRunId":"44d5a725-480c-43f6-b0e5-36f70eda1fdd","sourceDates":[20201109],"imageryRelease":"2021-12-21","isField":true,"edgeFragment":false}},{"type":"Feature","id":"T074.f31","geometry":{"type":"Polygon","coordinates":[[[75.92812299728394,30.823920203585583],[75.92819273471832,30.82388335019611],[75.92886328697205,30.8238925635448],[75.92886328697205,30.824012336997384],[75.92820346355438,30.824012336997384],[75.92812299728394,30.823920203585583]]]},"properties":{"id":"T074.f31","tileId":"T074","modelObjectId":"f31","label":"unburned-looking field","tags":["pale-cover","narrow-parcel","green-margin"],"note":"Predominantly pale cover is bordered by a thin green strip.","visibility":"clear","center":[75.92849314212799,30.8239478436184],"polygon":[[59,345],[182,345],[182,371],[57,373],[44,365]],"holes":[],"bbox":[44,345,182,373],"obb":[[44,345],[182,345],[182,373],[44,373]],"obbLonLat":[[75.92812299728394,30.82388335019611],[75.92886328697205,30.82388335019611],[75.92886328697205,30.824012336997384],[75.92812299728394,30.824012336997384],[75.92812299728394,30.82388335019611]],"angle":0,"polygonAreaPixels":3537,"tileOrigin":[47708416,27508992],"tileWidth":1024,"tileHeight":1024,"zoom":18,"sourceRunId":"44d5a725-480c-43f6-b0e5-36f70eda1fdd","sourceDates":[20201109],"imageryRelease":"2021-12-21","isField":true,"edgeFragment":false}},{"type":"Feature","id":"T074.f32","geometry":{"type":"Polygon","coordinates":[[[75.92828929424286,30.82368986966932],[75.92877745628357,30.823685262985368],[75.92885255813599,30.823726723133056],[75.92885792255402,30.8238695301714],[75.9281712770462,30.823851103468712],[75.92828929424286,30.82368986966932]]]},"properties":{"id":"T074.f32","tileId":"T074","modelObjectId":"f32","label":"unburned-looking field","tags":["green-cover","dense-texture","track-margin"],"note":"Dense green cover fills the parcel without visible burn evidence.","visibility":"clear","center":[75.92851459980011,30.82377739662259],"polygon":[[53,380],[181,376],[180,407],[166,416],[75,415]],"holes":[],"bbox":[53,376,181,416],"obb":[[53,379.99999999999994],[180.99999999999997,375.99999999999994],[182.2341463414634,415.4926829268292],[54.234146341463415,419.4926829268292]],"obbLonLat":[[75.92817789752308,30.823669173297212],[75.9288645430309,30.82368760003481],[75.92885792255402,30.8238695301714],[75.9281712770462,30.823851103468712],[75.92817789752308,30.823669173297212]],"angle":-1.7899106082460694,"polygonAreaPixels":4324,"tileOrigin":[47708416,27508992],"tileWidth":1024,"tileHeight":1024,"zoom":18,"sourceRunId":"44d5a725-480c-43f6-b0e5-36f70eda1fdd","sourceDates":[20201109],"imageryRelease":"2021-12-21","isField":true,"edgeFragment":false}},{"type":"Feature","id":"T074.f33","geometry":{"type":"Polygon","coordinates":[[[75.92890620231628,30.823676049616786],[75.92906713485718,30.823422681634288],[75.92931926250458,30.823454928505548],[75.92935681343079,30.823560882434883],[75.92931926250458,30.82362537607376],[75.92931926250458,30.823966270302524],[75.92890083789825,30.823966270302524],[75.92890620231628,30.823676049616786]]]},"properties":{"id":"T074.f33","tileId":"T074","modelObjectId":"f33","label":"unburned-looking field","tags":["patchy-residue","cultivation-lines","irregular-margin"],"note":"Brown and olive residue-like textures occur within a track-bounded parcel.","visibility":"clear","center":[75.92912882566452,30.823694476353065],"polygon":[[189,355],[267,355],[267,429],[274,443],[267,466],[220,473],[190,418]],"holes":[],"bbox":[189,355,274,473],"obb":[[266.5095598614141,348.8344668292058],[276.0318234312845,468.54292313614786],[194.53612216091364,475.0255357372001],[185.01385859104323,355.317079430258]],"obbLonLat":[[75.92887945456943,30.823964809622044],[75.92893053597177,30.823413350605115],[75.92936771298105,30.823443214033226],[75.92931663157867,30.823994672878655],[75.92887945456943,30.823964809622044]],"angle":85.45195759087458,"polygonAreaPixels":8257.5,"tileOrigin":[47708416,27508992],"tileWidth":1024,"tileHeight":1024,"zoom":18,"sourceRunId":"44d5a725-480c-43f6-b0e5-36f70eda1fdd","sourceDates":[20201109],"imageryRelease":"2021-12-21","isField":true,"edgeFragment":false}},{"type":"Feature","id":"T074.f34","geometry":{"type":"Polygon","coordinates":[[[75.92935144901276,30.823699083036576],[75.92939972877502,30.823643802819767],[75.9295392036438,30.823712903085813],[75.92990398406982,30.823717509768446],[75.92988789081573,30.82397087697301],[75.9293782711029,30.823966270302524],[75.92935144901276,30.823699083036576]]]},"properties":{"id":"T074.f34","tileId":"T074","modelObjectId":"f34","label":"unburned-looking field","tags":["mixed-cover","green-patches","brown-ground"],"note":"Green patches alternate with brown exposed ground, without visible char or ash.","visibility":"clear","center":[75.92962771654129,30.823807340035646],"polygon":[[278,355],[373,354],[376,409],[308,410],[282,425],[273,413]],"holes":[],"bbox":[273,354,376,425],"obb":[[272.39009528030135,355.0590516286284],[375.42078440062045,353.9745180589408],[376.15798803456687,424.00886328384667],[273.1272989142477,425.0933968535343]],"obbLonLat":[[75.92935213189733,30.82364337256979],[75.92990483158368,30.823648368675354],[75.92990087691521,30.823970994359904],[75.92934817722886,30.823965998271124],[75.92935213189733,30.82364337256979]],"angle":-0.6030911943805325,"polygonAreaPixels":5730,"tileOrigin":[47708416,27508992],"tileWidth":1024,"tileHeight":1024,"zoom":18,"sourceRunId":"44d5a725-480c-43f6-b0e5-36f70eda1fdd","sourceDates":[20201109],"imageryRelease":"2021-12-21","isField":true,"edgeFragment":false}},{"type":"Feature","id":"T074.f35","geometry":{"type":"Polygon","coordinates":[[[75.92993080615997,30.823712903085813],[75.93024730682373,30.82370829640296],[75.93023657798767,30.8239570569609],[75.92992007732391,30.82397087697301],[75.92993080615997,30.823712903085813]]]},"properties":{"id":"T074.f35","tileId":"T074","modelObjectId":"f35","label":"unburned-looking field","tags":["mixed-cover","pale-margin","olive-patch"],"note":"Olive cover and a pale upper margin show no coherent burn evidence.","visibility":"clear","center":[75.93008369207382,30.82383958677774],"polygon":[[379,354],[438,357],[440,411],[381,410]],"holes":[],"bbox":[379,354,440,411],"obb":[[440,410.99999999999994],[378.0516944284894,409.9500287191269],[379,353.99999999999994],[440.9483055715106,355.04997128087297]],"obbLonLat":[[75.93025239393123,30.823966040101286],[75.92992007732391,30.82397087697301],[75.92991499021642,30.82371313328766],[75.93024730682373,30.82370829640296],[75.93025239393123,30.823966040101286]],"angle":-179.02897806892085,"polygonAreaPixels":3241,"tileOrigin":[47708416,27508992],"tileWidth":1024,"tileHeight":1024,"zoom":18,"sourceRunId":"44d5a725-480c-43f6-b0e5-36f70eda1fdd","sourceDates":[20201109],"imageryRelease":"2021-12-21","isField":true,"edgeFragment":false}},{"type":"Feature","id":"T074.f36","geometry":{"type":"Polygon","coordinates":[[[75.93027949333191,30.823758969902208],[75.93034386634827,30.82361616269943],[75.93052089214325,30.823685262985368],[75.93059599399567,30.823791216660542],[75.9306013584137,30.824440756200982],[75.93029022216797,30.824445362848707],[75.93027949333191,30.823758969902208]]]},"properties":{"id":"T074.f36","tileId":"T074","modelObjectId":"f36","label":"unburned-looking field","tags":["green-cover","pale-residue-strip","elongated-parcel"],"note":"Mostly green cover includes a pale residue strip near the top.","visibility":"clear","center":[75.9304404258728,30.82403076366913],"polygon":[[448,251],[506,252],[505,393],[491,416],[458,431],[446,400]],"holes":[],"bbox":[446,251,506,431],"obb":[[445.58612925016894,430.8333708624184],[448.0000000000001,251],[506.89542895744205,251.7905426705697],[504.4815582076109,431.6239135329881]],"obbLonLat":[[75.93059321285719,30.82361328852478],[75.93060616186892,30.824441721097134],[75.93029022216797,30.824445362848707],[75.93027727315618,30.82361693030779],[75.93059321285719,30.82361328852478]],"angle":-89.23097531742195,"polygonAreaPixels":9709,"tileOrigin":[47708416,27508992],"tileWidth":1024,"tileHeight":1024,"zoom":18,"sourceRunId":"44d5a725-480c-43f6-b0e5-36f70eda1fdd","sourceDates":[20201109],"imageryRelease":"2021-12-21","isField":true,"edgeFragment":false}},{"type":"Feature","id":"T074.f37","geometry":{"type":"Polygon","coordinates":[[[75.93063354492188,30.823782003302128],[75.93076229095459,30.82384189011604],[75.93083202838898,30.8239570569609],[75.93081593513489,30.824104470320776],[75.93088030815125,30.824233456825016],[75.93088030815125,30.824445362848707],[75.9306389093399,30.824440756200982],[75.93063354492188,30.823782003302128]]]},"properties":{"id":"T074.f37","tileId":"T074","modelObjectId":"f37","label":"unburned-looking field","tags":["heterogeneous-cover","green-patch","pale-ground"],"note":"Green cover and pale exposed areas coexist without recognizable char or ash.","visibility":"clear","center":[75.93075692653656,30.824113683648253],"polygon":[[513,252],[558,251],[558,297],[546,325],[549,357],[536,382],[512,395]],"holes":[],"bbox":[512,251,558,395],"obb":[[512,395.00000000000006],[513.0091931540343,250.68537897310512],[558.3216625916871,251.00224938875306],[557.3124694376528,395.31687041564794]],"obbLonLat":[[75.93087661994991,30.823780543581684],[75.93088203368384,30.824445352486556],[75.9306389586558,30.82444681219689],[75.93063354492188,30.823782003302128],[75.93087661994991,30.823780543581684]],"angle":-89.59933674420783,"polygonAreaPixels":5195.5,"tileOrigin":[47708416,27508992],"tileWidth":1024,"tileHeight":1024,"zoom":18,"sourceRunId":"44d5a725-480c-43f6-b0e5-36f70eda1fdd","sourceDates":[20201109],"imageryRelease":"2021-12-21","isField":true,"edgeFragment":false}},{"type":"Feature","id":"T074.f38","geometry":{"type":"Polygon","coordinates":[[[75.93091249465942,30.82420121021521],[75.93109488487244,30.824196603555777],[75.93134701251984,30.824279523391688],[75.93132019042969,30.824362443155998],[75.93092322349548,30.82432558993626],[75.93091249465942,30.82420121021521]]]},"properties":{"id":"T074.f38","tileId":"T074","modelObjectId":"f38","label":"unburned-looking field","tags":["green-cover","narrow-parcel","diagonal-rows"],"note":"A narrow green field has faint diagonal cultivation texture.","visibility":"clear","center":[75.93112975358963,30.824279523391688],"polygon":[[566,277],[640,269],[645,287],[598,305],[564,304]],"holes":[],"bbox":[564,269,645,305],"obb":[[561.1379061371842,277.525631768953],[643.018772563177,268.6736462093862],[646.3805054151626,299.7696750902527],[564.4996389891699,308.6216606498195]],"obbLonLat":[[75.93091517493184,30.824179919796745],[75.93135441812797,30.824220697878886],[75.93133638438766,30.8243639465542],[75.93089714119148,30.82432316853287],[75.93091517493184,30.824179919796745]],"angle":-6.1701750950296095,"polygonAreaPixels":2092,"tileOrigin":[47708416,27508992],"tileWidth":1024,"tileHeight":1024,"zoom":18,"sourceRunId":"44d5a725-480c-43f6-b0e5-36f70eda1fdd","sourceDates":[20201109],"imageryRelease":"2021-12-21","isField":true,"edgeFragment":false}},{"type":"Feature","id":"T074.f39","geometry":{"type":"Polygon","coordinates":[[[75.93148112297058,30.82422424350903],[75.93198537826538,30.82445457614347],[75.93195855617523,30.824546709042533],[75.9314489364624,30.82430716332108],[75.93148112297058,30.82422424350903]]]},"properties":{"id":"T074.f39","tileId":"T074","modelObjectId":"f39","label":"unburned-looking field","tags":["green-strip","diagonal-bunds","narrow-parcel"],"note":"Green crop-like cover occupies the strip between parallel diagonal boundaries.","visibility":"clear","center":[75.93171715736389,30.824385476411152],"polygon":[[664,281],[759,229],[764,249],[670,299]],"holes":[],"bbox":[664,229,764,299],"obb":[[661.0355529030608,282.62264472674565],[759,229],[768.5762639611219,246.49509762128054],[670.6118168641829,300.1177423480261]],"obbLonLat":[[75.93148440501199,30.824219094451927],[75.93200992725829,30.824466115344205],[75.93195855617523,30.824546709042533],[75.93143303392895,30.824299688357588],[75.93148440501199,30.824219094451927]],"angle":-28.694904379343445,"polygonAreaPixels":2076,"tileOrigin":[47708416,27508992],"tileWidth":1024,"tileHeight":1024,"zoom":18,"sourceRunId":"44d5a725-480c-43f6-b0e5-36f70eda1fdd","sourceDates":[20201109],"imageryRelease":"2021-12-21","isField":true,"edgeFragment":false}},{"type":"Feature","id":"T074.f40","geometry":{"type":"Polygon","coordinates":[[[75.93154013156891,30.82409986365671],[75.93202292919159,30.82432558993626],[75.93200147151947,30.824422329607906],[75.9315025806427,30.824196603555777],[75.93154013156891,30.82409986365671]]]},"properties":{"id":"T074.f40","tileId":"T074","modelObjectId":"f40","label":"unburned-looking field","tags":["muted-cover","diagonal-bunds","narrow-parcel"],"note":"Muted olive and tan cover lacks a visible char-like pattern.","visibility":"clear","center":[75.93176275491714,30.82426109676767],"polygon":[[674,305],[767,256],[771,277],[681,326]],"holes":[],"bbox":[674,256,771,326],"obb":[[670.8186425339366,306.6761990950225],[766.9999999999998,255.99999999999994],[777.1813574660632,275.3238009049774],[681,326]],"obbLonLat":[[75.93154013156891,30.82409986365671],[75.93205608857701,30.82433331160412],[75.93200147151947,30.824422329607906],[75.93148551451137,30.824188881876918],[75.93154013156891,30.82409986365671]],"angle":-27.78392641220929,"polygonAreaPixels":2191,"tileOrigin":[47708416,27508992],"tileWidth":1024,"tileHeight":1024,"zoom":18,"sourceRunId":"44d5a725-480c-43f6-b0e5-36f70eda1fdd","sourceDates":[20201109],"imageryRelease":"2021-12-21","isField":true,"edgeFragment":false}},{"type":"Feature","id":"T074.f41","geometry":{"type":"Polygon","coordinates":[[[75.93188345432281,30.82387413684653],[75.931915640831,30.82373593649677],[75.93186736106873,30.823620769386704],[75.9318619966507,30.82339964814819],[75.93203365802765,30.82339964814819],[75.93203902244568,30.824256490111125],[75.9318995475769,30.82418278357616],[75.93188345432281,30.82387413684653]]]},"properties":{"id":"T074.f41","tileId":"T074","modelObjectId":"f41","label":"unburned-looking field","tags":["tan-residue","longitudinal-rows","tree-margin"],"note":"Pale tan longitudinal strips are visible beside an irregular tree margin.","visibility":"clear","center":[75.93195050954819,30.823828070085373],"polygon":[[748,308],[774,292],[773,478],[741,478],[742,430],[751,405],[745,375]],"holes":[],"bbox":[741,292,774,478],"obb":[[774.0000000000001,292.00000000000006],[772.999075064312,478.1720380379802],[741,478],[742.0009249356881,291.82796196201986]],"obbLonLat":[[75.93186736603047,30.82425728263129],[75.9318619966507,30.82339964814819],[75.9320336530659,30.823398855620937],[75.93203902244568,30.824256490111125],[75.93186736603047,30.82425728263129]],"angle":90.30803885739986,"polygonAreaPixels":4985,"tileOrigin":[47708416,27508992],"tileWidth":1024,"tileHeight":1024,"zoom":18,"sourceRunId":"44d5a725-480c-43f6-b0e5-36f70eda1fdd","sourceDates":[20201109],"imageryRelease":"2021-12-21","isField":true,"edgeFragment":false}},{"type":"Feature","id":"T074.f42","geometry":{"type":"Polygon","coordinates":[[[75.93207120895386,30.823395041450308],[75.93226432800293,30.823395041450308],[75.93226969242096,30.824274916736016],[75.93216240406036,30.824311769975207],[75.93206584453583,30.824274916736016],[75.93207120895386,30.823395041450308]]]},"properties":{"id":"T074.f42","tileId":"T074","modelObjectId":"f42","label":"unburned-looking field","tags":["pale-residue","parallel-rows","elongated-parcel"],"note":"Long pale residue rows run through the field without coherent char-like areas.","visibility":"clear","center":[75.9321677684784,30.823853406806744],"polygon":[[779,288],[797,280],[817,288],[816,479],[780,479]],"holes":[],"bbox":[779,280,817,479],"obb":[[817.0000000000001,479],[779.0000000000001,479],[779,280],[817,280]],"obbLonLat":[[75.93226969242096,30.824311769975207],[75.93206584453583,30.824311769975207],[75.93206584453583,30.823395041450308],[75.93226969242096,30.823395041450308],[75.93226969242096,30.824311769975207]],"angle":180,"polygonAreaPixels":7219,"tileOrigin":[47708416,27508992],"tileWidth":1024,"tileHeight":1024,"zoom":18,"sourceRunId":"44d5a725-480c-43f6-b0e5-36f70eda1fdd","sourceDates":[20201109],"imageryRelease":"2021-12-21","isField":true,"edgeFragment":false}},{"type":"Feature","id":"T074.f43","geometry":{"type":"Polygon","coordinates":[[[75.9316474199295,30.823127852594915],[75.93163669109344,30.822879089888847],[75.93187808990479,30.822860662996092],[75.93189418315887,30.823353581159406],[75.9316635131836,30.823348974459307],[75.9316474199295,30.823127852594915]]]},"properties":{"id":"T074.f43","tileId":"T074","modelObjectId":"f43","label":"unburned-looking field","tags":["pale-residue","parallel-rows","bund-boundary"],"note":"Pale residue bands dominate the visible surface.","visibility":"clear","center":[75.93176543712616,30.823107122394017],"polygon":[[704,489],[747,488],[744,595],[699,591],[701,537]],"holes":[],"bbox":[699,488,747,595],"obb":[[746.9999999999999,487.99999999999994],[743.9999999999999,594.9999999999999],[698.9232850410193,593.7361668703089],[701.9232850410193,486.73616687030886]],"obbLonLat":[[75.93165237281644,30.823359403259275],[75.93163627956235,30.822866485125846],[75.93187808990479,30.822860662996092],[75.93189418315887,30.823353581159406],[75.93165237281644,30.823359403259275]],"angle":91.60600298928225,"polygonAreaPixels":4637,"tileOrigin":[47708416,27508992],"tileWidth":1024,"tileHeight":1024,"zoom":18,"sourceRunId":"44d5a725-480c-43f6-b0e5-36f70eda1fdd","sourceDates":[20201109],"imageryRelease":"2021-12-21","isField":true,"edgeFragment":false}},{"type":"Feature","id":"T074.f44","geometry":{"type":"Polygon","coordinates":[[[75.93192100524902,30.822846842824205],[75.93226969242096,30.822856056272343],[75.93226969242096,30.823348974459307],[75.93192100524902,30.823348974459307],[75.93192100524902,30.822846842824205]]]},"properties":{"id":"T074.f44","tileId":"T074","modelObjectId":"f44","label":"unburned-looking field","tags":["tan-residue","longitudinal-rows","straight-bunds"],"note":"Tan and pale rows show cultivation or residue texture, not a distinct burn pattern.","visibility":"clear","center":[75.93209534883499,30.82309790896997],"polygon":[[752,489],[817,489],[817,596],[752,598]],"holes":[],"bbox":[752,489,817,598],"obb":[[752,489],[817,489],[817,598],[752,598]],"obbLonLat":[[75.93192100524902,30.822846842824205],[75.93226969242096,30.822846842824205],[75.93226969242096,30.823348974459307],[75.93192100524902,30.823348974459307],[75.93192100524902,30.822846842824205]],"angle":0,"polygonAreaPixels":7020,"tileOrigin":[47708416,27508992],"tileWidth":1024,"tileHeight":1024,"zoom":18,"sourceRunId":"44d5a725-480c-43f6-b0e5-36f70eda1fdd","sourceDates":[20201109],"imageryRelease":"2021-12-21","isField":true,"edgeFragment":false}},{"type":"Feature","id":"T074.f45","geometry":{"type":"Polygon","coordinates":[[[75.93274176120758,30.82409986365671],[75.93280076980591,30.823980090313306],[75.93307435512543,30.82413211030056],[75.93294024467468,30.824445362848707],[75.93274712562561,30.824320983282792],[75.93274176120758,30.82409986365671]]]},"properties":{"id":"T074.f45","tileId":"T074","modelObjectId":"f45","label":"unburned-looking field","tags":["muted-cover","angled-bunds","patchy-surface"],"note":"Muted green-brown cover varies within the angled parcel without visible char.","visibility":"clear","center":[75.9329080581665,30.824212726862807],"polygon":[[906,278],[942,251],[967,319],[916,352],[905,326]],"holes":[],"bbox":[905,251,967,352],"obb":[[942,251],[971.615164793294,331.5532482377597],[914.7304248428271,352.4667555724901],[885.1152600495332,271.9135073347304]],"obbLonLat":[[75.93263509115008,30.824349021641883],[75.93279395927405,30.82397794012441],[75.93309911279866,30.824074281703552],[75.93294024467468,30.824445362848707],[75.93263509115008,30.824349021641883]],"angle":69.81419699053515,"polygonAreaPixels":3890.5,"tileOrigin":[47708416,27508992],"tileWidth":1024,"tileHeight":1024,"zoom":18,"sourceRunId":"44d5a725-480c-43f6-b0e5-36f70eda1fdd","sourceDates":[20201109],"imageryRelease":"2021-12-21","isField":true,"edgeFragment":false}},{"type":"Feature","id":"T074.f46","geometry":{"type":"Polygon","coordinates":[[[75.9331065416336,30.82415514361096],[75.93338012695312,30.824302556666733],[75.93338012695312,30.824661875042064],[75.93316555023193,30.824560528969776],[75.93297243118286,30.824463789437356],[75.9331065416336,30.82415514361096]]]},"properties":{"id":"T074.f46","tileId":"T074","modelObjectId":"f46","label":"unburned-looking field","tags":["edge-truncated","green-cover","angled-rows"],"note":"Green and olive cultivation bands extend beyond the image edge.","visibility":"partial","center":[75.933176279068,30.824408509660774],"polygon":[[948,247],[984,226],[1024,204],[1024,282],[973,314]],"holes":[],"bbox":[948,204,1024,314],"obb":[[937.4922279792746,253.12953367875662],[1023.419689119171,203.00518134715043],[1058.9274611398964,263.8756476683938],[973,314]],"obbLonLat":[[75.9331065416336,30.82415514361096],[75.93356749245541,30.824386049258884],[75.93337701392298,30.824666457810586],[75.93291606310117,30.824435552836977],[75.9331065416336,30.82415514361096]],"angle":-30.256437163529274,"polygonAreaPixels":5096.5,"tileOrigin":[47708416,27508992],"tileWidth":1024,"tileHeight":1024,"zoom":18,"sourceRunId":"44d5a725-480c-43f6-b0e5-36f70eda1fdd","sourceDates":[20201109],"imageryRelease":"2021-12-21","isField":true,"edgeFragment":true}},{"type":"Feature","id":"T074.f47","geometry":{"type":"Polygon","coordinates":[[[75.93268275260925,30.823878743521423],[75.93275785446167,30.823768183262843],[75.93338012695312,30.82404458367062],[75.93338012695312,30.824215030192164],[75.93279540538788,30.82393863027501],[75.93268275260925,30.823878743521423]]]},"properties":{"id":"T074.f47","tileId":"T074","modelObjectId":"f47","label":"unburned-looking field","tags":["edge-truncated","tan-cover","diagonal-bunds"],"note":"Tan residue-like cover fills the diagonal strip.","visibility":"partial","center":[75.93303143978119,30.82399160698743],"polygon":[[915,361],[1024,301],[1024,338],[908,398],[894,374]],"holes":[],"bbox":[894,301,1024,398],"obb":[[893.391512176216,372.894580453459],[1023.9999999999999,301],[1039.6307732058651,329.3959046573219],[909.0222853820812,401.29048511078093]],"obbLonLat":[[75.9327633384278,30.82375302504939],[75.93346397695476,30.824084219863096],[75.93338012695312,30.824215030192164],[75.9326794884262,30.823883835829644],[75.9327633384278,30.82375302504939]],"angle":-28.830968312390375,"polygonAreaPixels":4295.5,"tileOrigin":[47708416,27508992],"tileWidth":1024,"tileHeight":1024,"zoom":18,"sourceRunId":"44d5a725-480c-43f6-b0e5-36f70eda1fdd","sourceDates":[20201109],"imageryRelease":"2021-12-21","isField":true,"edgeFragment":true}},{"type":"Feature","id":"T074.f48","geometry":{"type":"Polygon","coordinates":[[[75.9325647354126,30.823620769386704],[75.93259692192078,30.82348717536599],[75.93271493911743,30.82333976105846],[75.93338012695312,30.82366222956224],[75.93338012695312,30.824003123660173],[75.93260765075684,30.823699083036576],[75.9325647354126,30.823620769386704]]]},"properties":{"id":"T074.f48","tileId":"T074","modelObjectId":"f48","label":"unburned-looking field","tags":["edge-truncated","green-cover","dense-rows"],"note":"Dense green cover has regular diagonal rows and no discernible burn evidence.","visibility":"partial","center":[75.93297243118286,30.823671442932156],"polygon":[[880,413],[1024,347],[1024,421],[900,491],[878,459],[872,430]],"holes":[],"bbox":[872,347,1024,491],"obb":[[1055.6788321167885,403.116788321168],[897.0155849279938,492.68475044387463],[858.7910830538569,424.9727756954034],[1017.4543302426515,335.40481357269675]],"obbLonLat":[[75.93334501324426,30.82405653882912],[75.93249387726038,30.823643928233608],[75.93269892946742,30.823331999917183],[75.93355006545127,30.823744611853048],[75.93334501324426,30.82405653882912]],"angle":150.5545712700744,"polygonAreaPixels":11569,"tileOrigin":[47708416,27508992],"tileWidth":1024,"tileHeight":1024,"zoom":18,"sourceRunId":"44d5a725-480c-43f6-b0e5-36f70eda1fdd","sourceDates":[20201109],"imageryRelease":"2021-12-21","isField":true,"edgeFragment":true}},{"type":"Feature","id":"T074.f49","geometry":{"type":"Polygon","coordinates":[[[75.932457447052,30.823275267227753],[75.93245208263397,30.823132459305615],[75.93261301517487,30.823008078039102],[75.93338012695312,30.823404254845848],[75.93338012695312,30.82362998276059],[75.93268811702728,30.82330290744622],[75.9325647354126,30.823404254845848],[75.932457447052,30.823275267227753]]]},"properties":{"id":"T074.f49","tileId":"T074","modelObjectId":"f49","label":"unburned-looking field","tags":["edge-truncated","mixed-cover","pale-patches"],"note":"Green cover includes pale patches, without a coherent char-like matrix.","visibility":"partial","center":[75.93291610479355,30.82331903090332],"polygon":[[872,477],[895,499],[1024,428],[1024,477],[881,563],[851,536],[852,505]],"holes":[],"bbox":[851,428,1024,563],"obb":[[1045.6413000538696,463.9849524151553],[870.8931944693841,569.07821871072],[830.5199856347638,501.9460226252468],[1005.2680912192493,396.8527563296821]],"obbLonLat":[[75.93327964116392,30.82377346824727],[75.93234221927565,30.82328933599571],[75.93255879804505,30.822980077404246],[75.93349621993332,30.82346421121498],[75.93327964116392,30.82377346824727]],"angle":148.9773577954292,"polygonAreaPixels":9489,"tileOrigin":[47708416,27508992],"tileWidth":1024,"tileHeight":1024,"zoom":18,"sourceRunId":"44d5a725-480c-43f6-b0e5-36f70eda1fdd","sourceDates":[20201109],"imageryRelease":"2021-12-21","isField":true,"edgeFragment":true}},{"type":"Feature","id":"T074.f50","geometry":{"type":"Polygon","coordinates":[[[75.93247354030609,30.822888303333887],[75.93272566795349,30.822708640995963],[75.93338012695312,30.823077178762613],[75.93338012695312,30.823372007957577],[75.93263983726501,30.822989651171095],[75.93245208263397,30.823077178762613],[75.93247354030609,30.822888303333887]]]},"properties":{"id":"T074.f50","tileId":"T074","modelObjectId":"f50","label":"uncertain field","tags":["edge-truncated","gray-surface","parallel-lines","haze"],"note":"Gray-brown cover with fine parallel lines could be exposed soil or residue; ash cannot be distinguished reliably.","visibility":"partial","center":[75.93291610479355,30.823040325049593],"polygon":[[851,548],[886,567],[1024,484],[1024,548],[902,628],[855,589]],"holes":[],"bbox":[851,484,1024,628],"obb":[[841.17675238795,551.6340337986775],[1024,484.00000000000006],[1056.1721087435708,570.9652314474652],[873.3488611315211,638.5992652461426]],"obbLonLat":[[75.93257197126755,30.822659813020564],[75.93355271159334,30.82297138446848],[75.93338012695312,30.823372007957577],[75.93239938662737,30.823060437809524],[75.93257197126755,30.822659813020564]],"angle":-20.30156056274345,"polygonAreaPixels":10578,"tileOrigin":[47708416,27508992],"tileWidth":1024,"tileHeight":1024,"zoom":18,"sourceRunId":"44d5a725-480c-43f6-b0e5-36f70eda1fdd","sourceDates":[20201109],"imageryRelease":"2021-12-21","isField":true,"edgeFragment":true}},{"type":"Feature","id":"T074.f51","geometry":{"type":"Polygon","coordinates":[[[75.9295928478241,30.823321334254107],[75.92970013618469,30.823284480634793],[75.92983961105347,30.82336740125836],[75.92981278896332,30.823685262985368],[75.92956602573395,30.823676049616786],[75.9295928478241,30.823321334254107]]]},"properties":{"id":"T074.f51","tileId":"T074","modelObjectId":"f51","label":"unburned-looking field","tags":["green-cover","narrow-parcel","settlement-margin"],"note":"Green crop-like cover occupies the parcel beside buildings, which are excluded.","visibility":"clear","center":[75.92970281839371,30.823484872019176],"polygon":[[313,418],[359,416],[364,485],[338,503],[318,495]],"holes":[],"bbox":[313,416,364,503],"obb":[[318.6012764528048,504.25965737319444],[312.99999999999994,418],[359.45347665434997,414.98354047699024],[365.05475310715485,501.2431978501847]],"obbLonLat":[[75.92984526919005,30.823292573700705],[75.92981522160164,30.82368994549315],[75.92956602573395,30.823676049616786],[75.92959607332233,30.823278677766847],[75.92984526919005,30.823292573700705]],"angle":-93.7152891054288,"polygonAreaPixels":3672,"tileOrigin":[47708416,27508992],"tileWidth":1024,"tileHeight":1024,"zoom":18,"sourceRunId":"44d5a725-480c-43f6-b0e5-36f70eda1fdd","sourceDates":[20201109],"imageryRelease":"2021-12-21","isField":true,"edgeFragment":false}},{"type":"Feature","id":"T074.f52","geometry":{"type":"Polygon","coordinates":[[[75.92986643314362,30.823362794558935],[75.93009173870087,30.823459535200566],[75.93027412891388,30.823551669054364],[75.93023121356964,30.82368065630118],[75.9298449754715,30.82368065630118],[75.92986643314362,30.823362794558935]]]},"properties":{"id":"T074.f52","tileId":"T074","modelObjectId":"f52","label":"unburned-looking field","tags":["brown-cover","diagonal-margin","faint-rows"],"note":"Brown-olive cover shows faint cultivation texture without visible char or ash.","visibility":"clear","center":[75.93005955219269,30.82352172556158],"polygon":[[365,417],[437,417],[445,445],[411,465],[369,486]],"holes":[],"bbox":[365,417,445,486],"obb":[[369.00000000000006,486.00000000000006],[365,417],[443.11429767636594,412.4716349173121],[447.11429767636594,481.47163491731214]],"obbLonLat":[[75.93028547089042,30.823383655374016],[75.9302640132183,30.823701517047216],[75.9298449754715,30.82368065630118],[75.92986643314362,30.823362794558935],[75.93028547089042,30.823383655374016]],"angle":-93.31778116833486,"polygonAreaPixels":3775,"tileOrigin":[47708416,27508992],"tileWidth":1024,"tileHeight":1024,"zoom":18,"sourceRunId":"44d5a725-480c-43f6-b0e5-36f70eda1fdd","sourceDates":[20201109],"imageryRelease":"2021-12-21","isField":true,"edgeFragment":false}},{"type":"Feature","id":"T074.f53","geometry":{"type":"Polygon","coordinates":[[[75.92911541461945,30.823183133108753],[75.92916905879974,30.82305414519363],[75.92932999134064,30.823132459305615],[75.929394364357,30.82324302029616],[75.92935144901276,30.823418074937514],[75.9290885925293,30.8233904347522],[75.92911541461945,30.823183133108753]]]},"properties":{"id":"T074.f53","tileId":"T074","modelObjectId":"f53","label":"unburned-looking field","tags":["green-cover","dense-texture","track-margin"],"note":"Dense green crop-like texture is bounded by tracks and a settlement margin.","visibility":"clear","center":[75.92924147844315,30.823236110237982],"polygon":[[224,480],[273,474],[281,512],[269,536],[239,553],[229,525]],"holes":[],"bbox":[224,474,281,553],"obb":[[223.49733278621258,480.0615510874025],[276.2974969224456,473.5962248666393],[285.3258104226508,547.3274517849817],[232.52564628641778,553.7927780057449]],"obbLonLat":[[75.92913432765994,30.82305049309175],[75.92941756981244,30.823080276999338],[75.9293691381647,30.823419935007138],[75.92908589601225,30.823390151204915],[75.92913432765994,30.82305049309175]],"angle":-6.981057406829795,"polygonAreaPixels":3208.5,"tileOrigin":[47708416,27508992],"tileWidth":1024,"tileHeight":1024,"zoom":18,"sourceRunId":"44d5a725-480c-43f6-b0e5-36f70eda1fdd","sourceDates":[20201109],"imageryRelease":"2021-12-21","isField":true,"edgeFragment":false}},{"type":"Feature","id":"T074.f54","geometry":{"type":"Polygon","coordinates":[[[75.92812836170197,30.823215380060457],[75.92824101448059,30.82305875190787],[75.92854142189026,30.823215380060457],[75.92830538749695,30.823524028907507],[75.92804253101349,30.82339964814819],[75.92812836170197,30.823215380060457]]]},"properties":{"id":"T074.f54","tileId":"T074","modelObjectId":"f54","label":"unburned-looking field","tags":["brown-cover","cultivation-lines","angled-bunds"],"note":"Brown cover and faint cultivation lines lack visible burn evidence.","visibility":"clear","center":[75.92829197645187,30.82329139068949],"polygon":[[29,478],[78,451],[122,518],[66,552],[45,518]],"holes":[],"bbox":[29,451,122,552],"obb":[[122.00000000000003,518],[65.73904939422184,552.1584342963654],[22.945945945945965,481.67567567567573],[79.20689655172416,447.5172413793104]],"obbLonLat":[[75.92831186179455,30.823540072901764],[75.92801005453677,30.823382715419747],[75.92823961463247,30.823058022046347],[75.92854142189026,30.823215380060457],[75.92831186179455,30.823540072901764]],"angle":148.73626830562256,"polygonAreaPixels":5084.5,"tileOrigin":[47708416,27508992],"tileWidth":1024,"tileHeight":1024,"zoom":18,"sourceRunId":"44d5a725-480c-43f6-b0e5-36f70eda1fdd","sourceDates":[20201109],"imageryRelease":"2021-12-21","isField":true,"edgeFragment":false}},{"type":"Feature","id":"T074.f55","geometry":{"type":"Polygon","coordinates":[[[75.92856824398041,30.823215380060457],[75.9288364648819,30.823335154357697],[75.92860043048859,30.823643802819767],[75.9283322095871,30.823542455672964],[75.92856824398041,30.823215380060457]]]},"properties":{"id":"T074.f55","tileId":"T074","modelObjectId":"f55","label":"unburned-looking field","tags":["patchy-residue","curved-rows","tan-cover"],"note":"Tan residue follows curved cultivation rows rather than an irregular char pattern.","visibility":"clear","center":[75.9285843372345,30.823429591679044],"polygon":[[83,447],[133,425],[177,492],[127,518]],"holes":[],"bbox":[83,425,177,518],"obb":[[129.23247814246818,521.6024079117099],[82.99999999999997,446.99999999999994],[130.76752185753185,417.39759208829],[177.00000000000006,492]],"obbLonLat":[[75.9288364648819,30.823335154357697],[75.92858845454259,30.823678824719924],[75.9283322095871,30.823542455672964],[75.9285802199264,30.82319878482268],[75.9288364648819,30.823335154357697]],"angle":-121.78725312166478,"polygonAreaPixels":4506,"tileOrigin":[47708416,27508992],"tileWidth":1024,"tileHeight":1024,"zoom":18,"sourceRunId":"44d5a725-480c-43f6-b0e5-36f70eda1fdd","sourceDates":[20201109],"imageryRelease":"2021-12-21","isField":true,"edgeFragment":false}},{"type":"Feature","id":"T074.f56","geometry":{"type":"Polygon","coordinates":[[[75.92885792255402,30.82333976105846],[75.92905104160309,30.82341346824051],[75.92885255813599,30.823671442932156],[75.92862725257874,30.823643802819767],[75.92885792255402,30.82333976105846]]]},"properties":{"id":"T074.f56","tileId":"T074","modelObjectId":"f56","label":"unburned-looking field","tags":["tan-residue","curved-rows","track-margin"],"note":"Pale curved rows are visible on an olive-brown surface.","visibility":"clear","center":[75.92883914709091,30.823505602138518],"polygon":[[138,425],[180,419],[217,475],[181,491]],"holes":[],"bbox":[138,419,217,491],"obb":[[184.40950846091863,496.2331990330379],[138,425],[170.59049153908137,403.76680096696214],[217.00000000000006,475.00000000000006]],"obbLonLat":[[75.92905104160309,30.82341346824051],[75.92880208159914,30.82374161745195],[75.92862725257874,30.823643802819767],[75.92887621258268,30.823315653274065],[75.92905104160309,30.82341346824051]],"angle":-123.08485292873496,"polygonAreaPixels":2819,"tileOrigin":[47708416,27508992],"tileWidth":1024,"tileHeight":1024,"zoom":18,"sourceRunId":"44d5a725-480c-43f6-b0e5-36f70eda1fdd","sourceDates":[20201109],"imageryRelease":"2021-12-21","isField":true,"edgeFragment":false}},{"type":"Feature","id":"T074.f57","geometry":{"type":"Polygon","coordinates":[[[75.92846632003784,30.822740888107006],[75.92875599861145,30.822906730221337],[75.92856824398041,30.823183133108753],[75.92826247215271,30.823031111619127],[75.92846632003784,30.822740888107006]]]},"properties":{"id":"T074.f57","tileId":"T074","modelObjectId":"f57","label":"unburned-looking field","tags":["pale-residue","parallel-bands","angled-bunds"],"note":"Broad pale cultivation or residue bands dominate the parcel.","visibility":"clear","center":[75.92850923538208,30.822962010862465],"polygon":[[70,558],[127,525],[162,585],[108,621]],"holes":[],"bbox":[70,525,162,621],"obb":[[108.00000000000003,621.0000000000001],[69.99999999999997,558],[126.38924810641046,523.9874376501016],[164.38924810641052,586.9874376501017]],"obbLonLat":[[75.92876881553704,30.82289757464931],[75.92856496765191,30.823187797687876],[75.92826247215271,30.823031111619127],[75.92846632003784,30.822740888107006],[75.92876881553704,30.82289757464931]],"angle":-121.09731288577944,"polygonAreaPixels":4672.5,"tileOrigin":[47708416,27508992],"tileWidth":1024,"tileHeight":1024,"zoom":18,"sourceRunId":"44d5a725-480c-43f6-b0e5-36f70eda1fdd","sourceDates":[20201109],"imageryRelease":"2021-12-21","isField":true,"edgeFragment":false}},{"type":"Feature","id":"T074.f58","geometry":{"type":"Polygon","coordinates":[[[75.92878818511963,30.822911336942646],[75.92901885509491,30.82305414519363],[75.92885792255402,30.82330290744622],[75.92860579490662,30.823187739816795],[75.92878818511963,30.822911336942646]]]},"properties":{"id":"T074.f58","tileId":"T074","modelObjectId":"f58","label":"unburned-looking field","tags":["striped-cover","brown-ground","narrow-parcel"],"note":"Alternating olive and tan strips show no distinct char-like patches.","visibility":"clear","center":[75.92881232500076,30.823107122394017],"polygon":[[134,524],[181,499],[211,553],[168,584]],"holes":[],"bbox":[134,499,211,584],"obb":[[167.99999999999994,584],[133.99999999999994,524],[180.29941126997477,497.76366694701426],[214.29941126997477,557.7636669470143]],"obbLonLat":[[75.92903655451619,30.82303220033825],[75.92885416430317,30.82330860286451],[75.92860579490662,30.823187739816795],[75.92878818511963,30.822911336942646],[75.92903655451619,30.82303220033825]],"angle":-119.5387822595581,"polygonAreaPixels":3461,"tileOrigin":[47708416,27508992],"tileWidth":1024,"tileHeight":1024,"zoom":18,"sourceRunId":"44d5a725-480c-43f6-b0e5-36f70eda1fdd","sourceDates":[20201109],"imageryRelease":"2021-12-21","isField":true,"edgeFragment":false}},{"type":"Feature","id":"T074.f59","geometry":{"type":"Polygon","coordinates":[[[75.92788696289062,30.823639196133605],[75.92795133590698,30.823537848981932],[75.92819809913635,30.823676049616786],[75.92803716659546,30.8238925635448],[75.92788696289062,30.823805036696513],[75.92788696289062,30.823639196133605]]]},"properties":{"id":"T074.f59","tileId":"T074","modelObjectId":"f59","label":"unburned-looking field","tags":["edge-truncated","pale-rows","angled-parcel"],"note":"Pale residue rows extend to the left image edge.","visibility":"partial","center":[75.92804253101349,30.823715206427156],"polygon":[[0,390],[28,371],[58,418],[12,448],[0,426]],"holes":[],"bbox":[0,371,58,448],"obb":[[28,371],[58.289482148600825,418.453522032808],[12,448],[-18.289482148600825,400.546477967192]],"obbLonLat":[[75.92778885046283,30.82375645245277],[75.92795133590698,30.823537848981932],[75.92819965203961,30.82367396038383],[75.92803716659546,30.8238925635448],[75.92778885046283,30.82375645245277]],"angle":57.4499965078066,"polygonAreaPixels":2673,"tileOrigin":[47708416,27508992],"tileWidth":1024,"tileHeight":1024,"zoom":18,"sourceRunId":"44d5a725-480c-43f6-b0e5-36f70eda1fdd","sourceDates":[20201109],"imageryRelease":"2021-12-21","isField":true,"edgeFragment":true}},{"type":"Feature","id":"T074.f60","geometry":{"type":"Polygon","coordinates":[[[75.92788696289062,30.82320155993962],[75.92804253101349,30.822989651171095],[75.92817664146423,30.82306796533569],[75.92797815799713,30.8233904347522],[75.92788696289062,30.823505602138518],[75.92788696289062,30.82320155993962]]]},"properties":{"id":"T074.f60","tileId":"T074","modelObjectId":"f60","label":"unburned-looking field","tags":["edge-truncated","olive-cover","faint-rows"],"note":"Olive-brown cultivation texture is visible in this narrow edge fragment.","visibility":"partial","center":[75.92803180217743,30.823247627001336],"polygon":[[0,455],[17,480],[54,550],[29,567],[0,521]],"holes":[],"bbox":[0,455,54,567],"obb":[[2.9590046259371547,453.435954697719],[55.5640453022811,552.9590046259373],[25.337533896953317,568.935874940182],[-27.26750677939063,469.4128250119637]],"obbLonLat":[[75.92774068858563,30.82343920665994],[75.9280228840143,30.82298073314184],[75.92818503165705,30.823054334047608],[75.92790283622838,30.823512807214303],[75.92774068858563,30.82343920665994]],"angle":62.14034930475773,"polygonAreaPixels":2736,"tileOrigin":[47708416,27508992],"tileWidth":1024,"tileHeight":1024,"zoom":18,"sourceRunId":"44d5a725-480c-43f6-b0e5-36f70eda1fdd","sourceDates":[20201109],"imageryRelease":"2021-12-21","isField":true,"edgeFragment":true}},{"type":"Feature","id":"T074.f61","geometry":{"type":"Polygon","coordinates":[[[75.93030631542206,30.82320155993962],[75.93030095100403,30.82299425788843],[75.93064427375793,30.82299425788843],[75.93064427375793,30.823418074937514],[75.93034386634827,30.82339964814819],[75.93030631542206,30.82320155993962]]]},"properties":{"id":"T074.f61","tileId":"T074","modelObjectId":"f61","label":"uncertain field","tags":["dark-brown-surface","fine-texture","haze"],"note":"A dark brown finely textured surface lacks diagnostic ash or char structure and could be soil or residue.","visibility":"uncertain","center":[75.93047261238098,30.823206166646788],"polygon":[[458,478],[514,474],[514,566],[450,566],[451,521]],"holes":[],"bbox":[450,474,514,566],"obb":[[514,474],[514,566],[450,566],[450,474.00000000000006]],"obbLonLat":[[75.93030095100403,30.823418074937514],[75.93030095100403,30.82299425788843],[75.93064427375793,30.82299425788843],[75.93064427375793,30.823418074937514],[75.93030095100403,30.823418074937514]],"angle":90,"polygonAreaPixels":5528,"tileOrigin":[47708416,27508992],"tileWidth":1024,"tileHeight":1024,"zoom":18,"sourceRunId":"44d5a725-480c-43f6-b0e5-36f70eda1fdd","sourceDates":[20201109],"imageryRelease":"2021-12-21","isField":true,"edgeFragment":false}},{"type":"Feature","id":"T074.f62","geometry":{"type":"Polygon","coordinates":[[[75.93067646026611,30.82299886460554],[75.93097686767578,30.823008078039102],[75.93096613883972,30.82339964814819],[75.93068182468414,30.8233904347522],[75.93067646026611,30.82299886460554]]]},"properties":{"id":"T074.f62","tileId":"T074","modelObjectId":"f62","label":"unburned-looking field","tags":["muted-cover","pale-bands","straight-bunds"],"note":"Muted cover has broad pale bands but no coherent burn pattern.","visibility":"clear","center":[75.93082666397095,30.823199256585962],"polygon":[[521,480],[574,478],[576,563],[520,565]],"holes":[],"bbox":[520,478,576,565],"obb":[[574.0000000000001,478],[576.0160464794578,563.6819753769538],[520.0000000000001,564.9999999999999],[517.9839535205424,479.318024623046]],"obbLonLat":[[75.93066564535002,30.82339357640689],[75.93067646026611,30.82299886460554],[75.93097695375582,30.82300493637179],[75.93096613883972,30.82339964814819],[75.93066564535002,30.82339357640689]],"angle":88.65211271980141,"polygonAreaPixels":4633.5,"tileOrigin":[47708416,27508992],"tileWidth":1024,"tileHeight":1024,"zoom":18,"sourceRunId":"44d5a725-480c-43f6-b0e5-36f70eda1fdd","sourceDates":[20201109],"imageryRelease":"2021-12-21","isField":true,"edgeFragment":false}},{"type":"Feature","id":"T074.f63","geometry":{"type":"Polygon","coordinates":[[[75.93100368976593,30.82310481903809],[75.93153476715088,30.823109425749898],[75.93154013156891,30.82323841359076],[75.93143284320831,30.82323841359076],[75.9313952922821,30.823284480634793],[75.9313040971756,30.823275267227753],[75.93126118183136,30.823348974459307],[75.93115389347076,30.823348974459307],[75.93115389347076,30.82339964814819],[75.93101441860199,30.82339964814819],[75.93100368976593,30.82310481903809]]]},"properties":{"id":"T074.f63","tileId":"T074","modelObjectId":"f63","label":"unburned-looking field","tags":["green-cover","dense-rows","buildings-excluded"],"note":"Green cover fills the visible field beneath an irregular building margin.","visibility":"clear","center":[75.93127191066742,30.82325223370629],"polygon":[[583,478],[609,478],[609,489],[629,489],[637,505],[654,503],[661,513],[681,513],[680,541],[581,542]],"holes":[],"bbox":[581,478,681,542],"obb":[[581,478],[681,478],[681,542],[581,542]],"obbLonLat":[[75.93100368976593,30.82310481903809],[75.93154013156891,30.82310481903809],[75.93154013156891,30.82339964814819],[75.93100368976593,30.82339964814819],[75.93100368976593,30.82310481903809]],"angle":0,"polygonAreaPixels":4547.5,"tileOrigin":[47708416,27508992],"tileWidth":1024,"tileHeight":1024,"zoom":18,"sourceRunId":"44d5a725-480c-43f6-b0e5-36f70eda1fdd","sourceDates":[20201109],"imageryRelease":"2021-12-21","isField":true,"edgeFragment":false}},{"type":"Feature","id":"T074.f64","geometry":{"type":"Polygon","coordinates":[[[75.93100368976593,30.82299425788843],[75.93157231807709,30.822989651171095],[75.93156695365906,30.823077178762613],[75.93100905418396,30.823077178762613],[75.93100368976593,30.82299425788843]]]},"properties":{"id":"T074.f64","tileId":"T074","modelObjectId":"f64","label":"unburned-looking field","tags":["tan-cover","narrow-strip","transverse-bunds"],"note":"A narrow tan field strip separates greener neighboring parcels.","visibility":"clear","center":[75.93128800392151,30.823033414976827],"polygon":[[582,548],[686,548],[687,567],[581,566]],"holes":[],"bbox":[581,548,687,567],"obb":[[687,567.0000000000001],[580.9999999999999,566.0000000000001],[581.1791403399483,547.0111239654713],[687.1791403399484,548.0111239654713]],"obbLonLat":[[75.93157327906073,30.82307712751768],[75.93100465074957,30.823081734230822],[75.93100368976593,30.82299425788843],[75.93157231807709,30.822989651171095],[75.93157327906073,30.82307712751768]],"angle":-179.45948981286935,"polygonAreaPixels":1942.5,"tileOrigin":[47708416,27508992],"tileWidth":1024,"tileHeight":1024,"zoom":18,"sourceRunId":"44d5a725-480c-43f6-b0e5-36f70eda1fdd","sourceDates":[20201109],"imageryRelease":"2021-12-21","isField":true,"edgeFragment":false}},{"type":"Feature","id":"T074.f65","geometry":{"type":"Polygon","coordinates":[[[75.93100905418396,30.822874483165982],[75.93112707138062,30.82285144954838],[75.93154013156891,30.82285144954838],[75.931556224823,30.822952797424485],[75.93101441860199,30.82295740414359],[75.93100905418396,30.822874483165982]]]},"properties":{"id":"T074.f65","tileId":"T074","modelObjectId":"f65","label":"unburned-looking field","tags":["green-cover","dense-texture","narrow-strip"],"note":"Dense green cover is visible throughout the narrow strip.","visibility":"clear","center":[75.93128263950348,30.8229044268606],"polygon":[[583,574],[684,575],[681,597],[604,597],[582,592]],"holes":[],"bbox":[582,574,684,597],"obb":[[582.1782983728681,573.9918643403255],[684,575],[683.7743579690257,597.7898451284062],[581.9526563418938,596.7817094687317]],"obbLonLat":[[75.9310088002128,30.822852455152617],[75.9315550143848,30.82284781094975],[75.931556224823,30.822952797424485],[75.931010010651,30.822957441622293],[75.9310088002128,30.822852455152617]],"angle":0.5672664098579344,"polygonAreaPixels":2198.5,"tileOrigin":[47708416,27508992],"tileWidth":1024,"tileHeight":1024,"zoom":18,"sourceRunId":"44d5a725-480c-43f6-b0e5-36f70eda1fdd","sourceDates":[20201109],"imageryRelease":"2021-12-21","isField":true,"edgeFragment":false}},{"type":"Feature","id":"T074.f66","geometry":{"type":"Polygon","coordinates":[[[75.93029022216797,30.82280998902279],[75.93097150325775,30.822805382296615],[75.93097150325775,30.822962010862465],[75.93030631542206,30.82295740414359],[75.93029022216797,30.82280998902279]]]},"properties":{"id":"T074.f66","tileId":"T074","modelObjectId":"f66","label":"unburned-looking field","tags":["tan-cover","pale-residue","straight-bunds"],"note":"Tan cover includes pale residue toward the left side.","visibility":"clear","center":[75.93063086271286,30.82288369661147],"polygon":[[451,574],[575,573],[575,607],[448,606]],"holes":[],"bbox":[448,573,575,607],"obb":[[575,573],[575,607],[448,607],[448,573]],"obbLonLat":[[75.93029022216797,30.822962010862465],[75.93029022216797,30.822805382296615],[75.93097150325775,30.822805382296615],[75.93097150325775,30.822962010862465],[75.93029022216797,30.822962010862465]],"angle":90,"polygonAreaPixels":4141.5,"tileOrigin":[47708416,27508992],"tileWidth":1024,"tileHeight":1024,"zoom":18,"sourceRunId":"44d5a725-480c-43f6-b0e5-36f70eda1fdd","sourceDates":[20201109],"imageryRelease":"2021-12-21","isField":true,"edgeFragment":false}},{"type":"Feature","id":"T074.f67","geometry":{"type":"Polygon","coordinates":[[[75.93027949333191,30.82256122549327],[75.93097150325775,30.822547405278286],[75.93097150325775,30.822777741934942],[75.93028485774994,30.822782348662432],[75.93027949333191,30.82256122549327]]]},"properties":{"id":"T074.f67","tileId":"T074","modelObjectId":"f67","label":"unburned-looking field","tags":["tan-residue","parallel-rows","bund-boundary"],"note":"Fine pale residue rows cross the parcel without visible char-like patches.","visibility":"clear","center":[75.93062549829483,30.822664877042214],"polygon":[[447,612],[575,613],[575,663],[446,660]],"holes":[],"bbox":[446,612,575,663],"obb":[[445.99349240780913,660.3123644251627],[447.0347071583514,610.3340563991324],[576.0412147505423,613.0216919739696],[575,663]],"obbLonLat":[[75.93097150325775,30.822547405278286],[75.93097708876891,30.82277764200592],[75.93028504393365,30.822790023210143],[75.93027945842246,30.822559786512187],[75.93097150325775,30.822547405278286]],"angle":-88.80651057601797,"polygonAreaPixels":6297.5,"tileOrigin":[47708416,27508992],"tileWidth":1024,"tileHeight":1024,"zoom":18,"sourceRunId":"44d5a725-480c-43f6-b0e5-36f70eda1fdd","sourceDates":[20201109],"imageryRelease":"2021-12-21","isField":true,"edgeFragment":false}},{"type":"Feature","id":"T074.f68","geometry":{"type":"Polygon","coordinates":[[[75.93027949333191,30.822363135555168],[75.93096613883972,30.82234931531168],[75.93097150325775,30.82252897832189],[75.93027949333191,30.822538191800525],[75.93027949333191,30.822363135555168]]]},"properties":{"id":"T074.f68","tileId":"T074","modelObjectId":"f68","label":"unburned-looking field","tags":["tan-cover","cultivation-lines","transverse-bunds"],"note":"Tan cultivation texture is separated from neighboring strips by transverse bunds.","visibility":"clear","center":[75.93062549829483,30.822443753602542],"polygon":[[446,665],[575,667],[574,706],[446,703]],"holes":[],"bbox":[446,665,575,706],"obb":[[446,664.9999999999999],[575,666.9999999999999],[574.395253829979,706.0061279663562],[445.39525382997897,704.0061279663562]],"obbLonLat":[[75.93027624922064,30.82235850057758],[75.93096825914648,30.822349287081693],[75.93097150325775,30.82252897832189],[75.93027949333191,30.822538191800525],[75.93027624922064,30.82235850057758]],"angle":0.8882354952397712,"polygonAreaPixels":4948.5,"tileOrigin":[47708416,27508992],"tileWidth":1024,"tileHeight":1024,"zoom":18,"sourceRunId":"44d5a725-480c-43f6-b0e5-36f70eda1fdd","sourceDates":[20201109],"imageryRelease":"2021-12-21","isField":true,"edgeFragment":false}},{"type":"Feature","id":"T074.f69","geometry":{"type":"Polygon","coordinates":[[[75.93027412891388,30.822146618178678],[75.93067646026611,30.82212819114537],[75.93096613883972,30.822160438451338],[75.93096613883972,30.822326281568113],[75.93027949333191,30.822340101814913],[75.93027412891388,30.822146618178678]]]},"properties":{"id":"T074.f69","tileId":"T074","modelObjectId":"f69","label":"unburned-looking field","tags":["pale-residue","fine-rows","irregular-margin"],"note":"Pale residue rows extend to a slightly irregular lower boundary.","visibility":"clear","center":[75.9306201338768,30.8222341465386],"polygon":[[446,708],[574,711],[574,747],[520,754],[445,750]],"holes":[],"bbox":[445,708,574,754],"obb":[[445.9843835783566,707.9996339901177],[574.8432867687427,711.0197645336423],[573.8063807722808,755.2610870493503],[444.94747758189465,752.2409565058257]],"obbLonLat":[[75.93027384716166,30.822136294634063],[75.93096510018523,30.82212238162138],[75.93097066258247,30.82232619051786],[75.93027940955889,30.82234010350103],[75.93027384716166,30.822136294634063]],"angle":1.3426240265377571,"polygonAreaPixels":5382,"tileOrigin":[47708416,27508992],"tileWidth":1024,"tileHeight":1024,"zoom":18,"sourceRunId":"44d5a725-480c-43f6-b0e5-36f70eda1fdd","sourceDates":[20201109],"imageryRelease":"2021-12-21","isField":true,"edgeFragment":false}},{"type":"Feature","id":"T074.f70","geometry":{"type":"Polygon","coordinates":[[[75.93118071556091,30.82272706791788],[75.93123435974121,30.8226717871415],[75.93134701251984,30.822704034264923],[75.93152940273285,30.822828415925265],[75.93113780021667,30.822823809199967],[75.93118071556091,30.82272706791788]]]},"properties":{"id":"T074.f70","tileId":"T074","modelObjectId":"f70","label":"unburned-looking field","tags":["pale-cover","triangular-parcel","green-margin"],"note":"A small pale field is bounded by green margins and a diagonal track.","visibility":"clear","center":[75.93133360147476,30.822750101565315],"polygon":[[606,603],[679,602],[645,629],[624,636],[614,624]],"holes":[],"bbox":[606,602,679,636],"obb":[[606,603],[679,602],[679.4553470919325,635.2403377110694],[606.4553470919325,636.2403377110694]],"obbLonLat":[[75.93114024288883,30.822670679969907],[75.931531845405,30.822675286702534],[75.93152940273285,30.822828415925265],[75.93113780021667,30.822823809199967],[75.93114024288883,30.822670679969907]],"angle":-0.7848246029918882,"polygonAreaPixels":1435,"tileOrigin":[47708416,27508992],"tileWidth":1024,"tileHeight":1024,"zoom":18,"sourceRunId":"44d5a725-480c-43f6-b0e5-36f70eda1fdd","sourceDates":[20201109],"imageryRelease":"2021-12-21","isField":true,"edgeFragment":false}},{"type":"Feature","id":"T074.f71","geometry":{"type":"Polygon","coordinates":[[[75.93118071556091,30.82237695579667],[75.9313577413559,30.822238753292176],[75.93155086040497,30.822436843486855],[75.93127191066742,30.822676393874076],[75.9310519695282,30.82255661875516],[75.93118071556091,30.82237695579667]]]},"properties":{"id":"T074.f71","tileId":"T074","modelObjectId":"f71","label":"unburned-looking field","tags":["green-cover","dense-texture","angled-bunds"],"note":"Dense green crop-like cover occupies the angled parcel.","visibility":"clear","center":[75.93130141496658,30.82245757383244],"polygon":[[590,661],[631,635],[683,687],[647,730],[614,700]],"holes":[],"bbox":[590,635,683,730],"obb":[[623.5,627.4999999999999],[686.5000000000001,690.5],[645.5000000000001,731.5],[582.5,668.4999999999999]],"obbLonLat":[[75.93101173639297,30.82252206821233],[75.93134969472885,30.82223184316173],[75.93156963586807,30.82242071988163],[75.9312316775322,30.822710944361393],[75.93101173639297,30.82252206821233]],"angle":45,"polygonAreaPixels":4493,"tileOrigin":[47708416,27508992],"tileWidth":1024,"tileHeight":1024,"zoom":18,"sourceRunId":"44d5a725-480c-43f6-b0e5-36f70eda1fdd","sourceDates":[20201109],"imageryRelease":"2021-12-21","isField":true,"edgeFragment":false}},{"type":"Feature","id":"T074.f72","geometry":{"type":"Polygon","coordinates":[[[75.93163669109344,30.82250133788066],[75.93186736106873,30.822335495066206],[75.93212485313416,30.82249212439848],[75.93181908130646,30.82276852847929],[75.93162596225739,30.822833022650325],[75.93137383460999,30.822699427533667],[75.93163669109344,30.82250133788066]]]},"properties":{"id":"T074.f72","tileId":"T074","modelObjectId":"f72","label":"unburned-looking field","tags":["pale-residue","curved-windrows","brown-ground"],"note":"Pale curved residue rows lie on brown ground, without a coherent char-like background.","visibility":"clear","center":[75.93174934387207,30.82258425918048],"polygon":[[650,630],[697,601],[733,615],[790,675],[742,709],[699,673]],"holes":[],"bbox":[650,601,790,709],"obb":[[751.4011764705884,718.9847058823532],[650.0000000000001,630.0000000000002],[693.5463529411766,580.377411764706],[794.9475294117649,669.362117647059]],"obbLonLat":[[75.93215139375013,30.822518096660506],[75.93160743545081,30.822928025195218],[75.93137383460999,30.822699427533667],[75.93191779290927,30.8222894980231],[75.93215139375013,30.822518096660506]],"angle":-138.73139699916047,"polygonAreaPixels":7271,"tileOrigin":[47708416,27508992],"tileWidth":1024,"tileHeight":1024,"zoom":18,"sourceRunId":"44d5a725-480c-43f6-b0e5-36f70eda1fdd","sourceDates":[20201109],"imageryRelease":"2021-12-21","isField":true,"edgeFragment":false}},{"type":"Feature","id":"T074.f73","geometry":{"type":"Polygon","coordinates":[[[75.93030095100403,30.821741222629132],[75.93053162097931,30.821649087038296],[75.9311431646347,30.822031449162505],[75.93130946159363,30.822197292502047],[75.9310519695282,30.822372349049726],[75.9309983253479,30.822409203019095],[75.93097150325775,30.82212819114537],[75.930655002594,30.82209594382858],[75.93026876449585,30.822109764108536],[75.93030095100403,30.821741222629132]]]},"properties":{"id":"T074.f73","tileId":"T074","modelObjectId":"f73","label":"unburned-looking field","tags":["tan-cover","cultivation-lines","irregular-parcel"],"note":"Tan cultivated cover follows an irregular wedge beside the green field and diagonal track.","visibility":"clear","center":[75.93078911304474,30.822029145780768],"polygon":[[444,758],[516,761],[575,754],[580,693],[590,701],[638,739],[607,775],[493,858],[450,838]],"holes":[],"bbox":[444,693,638,858],"obb":[[644.3903947699271,747.7771687201407],[474.41372894141307,871.5321096303745],[409.85446316318826,782.8603469952224],[579.8311289917023,659.1054060849885]],"obbLonLat":[[75.93099741945323,30.82256534665297],[75.93008559356238,30.82199523839676],[75.93043191645177,30.821586747542355],[75.93134374234253,30.822156858223654],[75.93099741945323,30.82256534665297]],"angle":143.94275394840975,"polygonAreaPixels":13276,"tileOrigin":[47708416,27508992],"tileWidth":1024,"tileHeight":1024,"zoom":18,"sourceRunId":"44d5a725-480c-43f6-b0e5-36f70eda1fdd","sourceDates":[20201109],"imageryRelease":"2021-12-21","isField":true,"edgeFragment":false}},{"type":"Feature","id":"T074.f74","geometry":{"type":"Polygon","coordinates":[[[75.93222141265869,30.821976167985678],[75.93250572681427,30.821718188739712],[75.9331065416336,30.822086730307504],[75.93272030353546,30.822616506333294],[75.93258082866669,30.822662573675682],[75.93192636966705,30.82234931531168],[75.93222141265869,30.821976167985678]]]},"properties":{"id":"T074.f74","tileId":"T074","modelObjectId":"f74","label":"uncertain field","tags":["dark-interrows","pale-windrows","residue-confounder"],"note":"Numerous bright winding residue rows alternate with dark ground. The regular row-linked darkness does not clearly distinguish char from exposed or moist soil.","visibility":"uncertain","center":[75.93251645565033,30.822190382368618],"polygon":[[753,706],[875,638],[901,648],[973,763],[861,843],[808,787]],"holes":[],"bbox":[753,638,973,843],"obb":[[850.7503651157939,849.9596286250783],[752.9999999999999,706],[881.2514083037763,618.9157104110161],[979.0017734195703,762.8753390360944]],"obbLonLat":[[75.93313873765513,30.82208730459074],[75.93261436383409,30.822750489864603],[75.93192636966705,30.82234931531168],[75.93245074348809,30.82168612726728],[75.93313873765513,30.82208730459074]],"angle":-124.17698877379291,"polygonAreaPixels":24690.5,"tileOrigin":[47708416,27508992],"tileWidth":1024,"tileHeight":1024,"zoom":18,"sourceRunId":"44d5a725-480c-43f6-b0e5-36f70eda1fdd","sourceDates":[20201109],"imageryRelease":"2021-12-21","isField":true,"edgeFragment":false}},{"type":"Feature","id":"T074.f75","geometry":{"type":"Polygon","coordinates":[[[75.9330153465271,30.82235852880756],[75.93314945697784,30.82213279790403],[75.93338012695312,30.822317068069143],[75.93338012695312,30.82302189818778],[75.93277394771576,30.822681000606444],[75.9330153465271,30.82235852880756]]]},"properties":{"id":"T074.f75","tileId":"T074","modelObjectId":"f75","label":"unburned-looking field","tags":["edge-truncated","pale-windrows","brown-ground"],"note":"Pale curved residue rows cover brown ground across this edge-truncated field.","visibility":"partial","center":[75.93307703733444,30.82257734907489],"polygon":[[911,634],[1024,560],[1024,713],[981,753],[956,704]],"holes":[],"bbox":[911,560,1024,753],"obb":[[981,752.9999999999999],[907.7095115681234,628.4061696658098],[1024,560],[1097.2904884318766,684.59383033419]],"obbLonLat":[[75.93377328777066,30.822447928093776],[75.93338012695312,30.82302189818778],[75.9327562961603,30.822706769881588],[75.93314945697784,30.82213279790403],[75.93377328777066,30.822447928093776]],"angle":-120.46554491945989,"polygonAreaPixels":12375.5,"tileOrigin":[47708416,27508992],"tileWidth":1024,"tileHeight":1024,"zoom":18,"sourceRunId":"44d5a725-480c-43f6-b0e5-36f70eda1fdd","sourceDates":[20201109],"imageryRelease":"2021-12-21","isField":true,"edgeFragment":true}},{"type":"Feature","id":"T074.f76","geometry":{"type":"Polygon","coordinates":[[[75.93123972415924,30.821317398179335],[75.93163669109344,30.821068630783294],[75.93232870101929,30.82146020880072],[75.93243062496185,30.821685941285246],[75.93218922615051,30.821957740919665],[75.93182981014252,30.82229403431784],[75.93132019042969,30.822160438451338],[75.93059599399567,30.821630659909513],[75.93123972415924,30.821317398179335]]]},"properties":{"id":"T074.f76","tileId":"T074","modelObjectId":"f76","label":"unburned-looking field","tags":["tan-residue","curved-rows","heterogeneous-texture"],"note":"Extensive tan residue and curved machinery patterns remain visible throughout the parcel, without coherent char-like patches.","visibility":"clear","center":[75.93151330947876,30.821681334505147],"polygon":[[505,862],[640,747],[735,718],[802,791],[847,850],[828,899],[699,984],[625,930]],"holes":[],"bbox":[505,718,847,984],"obb":[[505.00000000000006,862],[712.1573926868044,685.5325914149445],[866.2464228934818,866.4197138314788],[659.0890302066775,1042.8871224165343]],"obbLonLat":[[75.9314225919675,30.82079734863945],[75.93253387081984,30.82161029924642],[75.931707272848,30.82244360346225],[75.93059599399567,30.821630659909513],[75.9314225919675,30.82079734863945]],"angle":-40.426078740099136,"polygonAreaPixels":50738,"tileOrigin":[47708416,27508992],"tileWidth":1024,"tileHeight":1024,"zoom":18,"sourceRunId":"44d5a725-480c-43f6-b0e5-36f70eda1fdd","sourceDates":[20201109],"imageryRelease":"2021-12-21","isField":true,"edgeFragment":false}},{"type":"Feature","id":"T074.f77","geometry":{"type":"Polygon","coordinates":[[[75.92788696289062,30.821474029172155],[75.92883110046387,30.822072910024236],[75.92922806739807,30.822381562543395],[75.92902958393097,30.822602686126277],[75.92894911766052,30.82273628137752],[75.92788696289062,30.822123584386492],[75.92788696289062,30.821474029172155]]]},"properties":{"id":"T074.f77","tileId":"T074","modelObjectId":"f77","label":"unburned-looking field","tags":["edge-truncated","dark-olive-cover","fine-rows"],"note":"Dark olive cover retains fine, relatively even crop-like texture rather than distinct char or ash mottling.","visibility":"partial","center":[75.92855751514435,30.822105157348773],"polygon":[[0,755],[198,622],[213,651],[250,699],[176,766],[0,896]],"holes":[],"bbox":[0,622,250,896],"obb":[[259.0518840337539,704.6548583841591],[0,896],[-67.38407552844853,804.7723285153313],[191.66780850530535,613.4271868994904]],"obbLonLat":[[75.92891514913828,30.82277577400124],[75.92752548654093,30.821894294990944],[75.92788696289062,30.821474029172155],[75.92927662548797,30.822355512040147],[75.92891514913828,30.82277577400124]],"angle":143.54907682041872,"polygonAreaPixels":29615.5,"tileOrigin":[47708416,27508992],"tileWidth":1024,"tileHeight":1024,"zoom":18,"sourceRunId":"44d5a725-480c-43f6-b0e5-36f70eda1fdd","sourceDates":[20201109],"imageryRelease":"2021-12-21","isField":true,"edgeFragment":true}},{"type":"Feature","id":"T074.f78","geometry":{"type":"Polygon","coordinates":[[[75.92897057533264,30.821962347686497],[75.92909395694733,30.821884032620247],[75.92931926250458,30.822155831694005],[75.92920124530792,30.822326281568113],[75.92884182929993,30.82205448297679],[75.92897057533264,30.821962347686497]]]},"properties":{"id":"T074.f78","tileId":"T074","modelObjectId":"f78","label":"unburned-looking field","tags":["pale-cover","olive-patches","angled-bunds"],"note":"Pale cover and olive patches occur inside the small angled parcel.","visibility":"clear","center":[75.92908054590225,30.822105157348773],"polygon":[[178,770],[245,711],[267,748],[225,807],[202,790]],"holes":[],"bbox":[178,711,267,807],"obb":[[178,770],[245.00000000000003,711],[283.8792973651192,755.1510664993726],[216.87929736511916,814.1510664993727]],"obbLonLat":[[75.92905039410371,30.821851089292537],[75.92940981011171,30.822122888459532],[75.92920124530792,30.822326281568113],[75.92884182929993,30.82205448297679],[75.92905039410371,30.821851089292537]],"angle":-41.36704926051179,"polygonAreaPixels":4078,"tileOrigin":[47708416,27508992],"tileWidth":1024,"tileHeight":1024,"zoom":18,"sourceRunId":"44d5a725-480c-43f6-b0e5-36f70eda1fdd","sourceDates":[20201109],"imageryRelease":"2021-12-21","isField":true,"edgeFragment":false}},{"type":"Feature","id":"T074.f79","geometry":{"type":"Polygon","coordinates":[[[75.92922270298004,30.822142011420688],[75.92935144901276,30.8220130221071],[75.92946946620941,30.822137404662467],[75.92924952507019,30.822330888317268],[75.92922270298004,30.822142011420688]]]},"properties":{"id":"T074.f79","tileId":"T074","modelObjectId":"f79","label":"unburned-looking field","tags":["green-cover","small-parcel","irregular-margin"],"note":"A small green field is separated from adjacent pale cover by visible margins.","visibility":"clear","center":[75.92934608459473,30.8221719553437],"polygon":[[254,710],[295,752],[273,779],[249,751]],"holes":[],"bbox":[249,710,295,779],"obb":[[254,710],[297.76110304789546,754.8284470246733],[273,779],[229.2388969521045,734.1715529753267]],"obbLonLat":[[75.92911669616257,30.822219535974135],[75.92935144901276,30.8220130221071],[75.92948427792038,30.8221243746897],[75.92924952507019,30.822330888317268],[75.92911669616257,30.822219535974135]],"angle":45.690277197865086,"polygonAreaPixels":1577.5,"tileOrigin":[47708416,27508992],"tileWidth":1024,"tileHeight":1024,"zoom":18,"sourceRunId":"44d5a725-480c-43f6-b0e5-36f70eda1fdd","sourceDates":[20201109],"imageryRelease":"2021-12-21","isField":true,"edgeFragment":false}},{"type":"Feature","id":"T074.f80","geometry":{"type":"Polygon","coordinates":[[[75.92850923538208,30.821515490274564],[75.92865943908691,30.821437174843886],[75.92907786369324,30.821847178449325],[75.92879891395569,30.822031449162505],[75.92831075191498,30.821736615851695],[75.92850923538208,30.821515490274564]]]},"properties":{"id":"T074.f80","tileId":"T074","modelObjectId":"f80","label":"unburned-looking field","tags":["patchy-residue","curved-rows","tan-ground"],"note":"Tan residue and curved rows are visible without distinct char-like areas.","visibility":"clear","center":[75.92869430780411,30.821734312462887],"polygon":[[79,839],[170,775],[222,815],[144,904],[116,887]],"holes":[],"bbox":[79,775,222,904],"obb":[[222.00000000000006,815],[140.2629061049626,908.2641199571581],[71.28075687254557,847.8078543377364],[153.017850767583,754.5437343805784]],"obbLonLat":[[75.92870781460815,30.822125686292225],[75.92826934266799,30.821696040017464],[75.92863939175305,30.821417530928525],[75.92907786369324,30.821847178449325],[75.92870781460815,30.822125686292225]],"angle":131.23147029086462,"polygonAreaPixels":9269,"tileOrigin":[47708416,27508992],"tileWidth":1024,"tileHeight":1024,"zoom":18,"sourceRunId":"44d5a725-480c-43f6-b0e5-36f70eda1fdd","sourceDates":[20201109],"imageryRelease":"2021-12-21","isField":true,"edgeFragment":false}},{"type":"Feature","id":"T074.f81","geometry":{"type":"Polygon","coordinates":[[[75.92788696289062,30.821252902990388],[75.9282249212265,30.821040989921737],[75.92863261699677,30.821409534088406],[75.92828392982483,30.821713581961166],[75.92788696289062,30.82143256805186],[75.92788696289062,30.821252902990388]]]},"properties":{"id":"T074.f81","tileId":"T074","modelObjectId":"f81","label":"unburned-looking field","tags":["edge-truncated","muted-cover","faint-rows"],"note":"Muted olive and tan cover extends beyond the left edge.","visibility":"partial","center":[75.9282597899437,30.821377286530286],"polygon":[[0,905],[74,844],[139,910],[63,990],[0,944]],"holes":[],"bbox":[0,844,139,990],"obb":[[141.12220762155056,907.7660972404731],[56.08409986859391,997.2798948751642],[-19.474375821287765,925.4993429697768],[65.56373193166888,835.9855453350856]],"obbLonLat":[[75.92823867415629,30.821750502772787],[75.92778249419786,30.821338131793382],[75.92818782144712,30.82100745281666],[75.92864400140559,30.82141982521599],[75.92823867415629,30.821750502772787]],"angle":133.5311992856142,"polygonAreaPixels":11403,"tileOrigin":[47708416,27508992],"tileWidth":1024,"tileHeight":1024,"zoom":18,"sourceRunId":"44d5a725-480c-43f6-b0e5-36f70eda1fdd","sourceDates":[20201109],"imageryRelease":"2021-12-21","isField":true,"edgeFragment":true}},{"type":"Feature","id":"T074.f82","geometry":{"type":"Polygon","coordinates":[[[75.92788696289062,30.820884358222617],[75.9280800819397,30.820884358222617],[75.92819273471832,30.821013349052222],[75.92788696289062,30.82122065537967],[75.92788696289062,30.820884358222617]]]},"properties":{"id":"T074.f82","tileId":"T074","modelObjectId":"f82","label":"unburned-looking field","tags":["edge-truncated","dark-olive-cover","small-fragment"],"note":"The corner fragment has dark olive cover but no discernible char or ash pattern.","visibility":"partial","center":[75.92803984880447,30.821052506948348],"polygon":[[0,951],[57,996],[36,1024],[0,1024]],"holes":[],"bbox":[0,951,57,1024],"obb":[[57.00000000000001,1024],[0,1024],[-8.939921633775666e-15,951],[56.99999999999999,951]],"obbLonLat":[[75.92819273471832,30.82122065537967],[75.92788696289062,30.82122065537967],[75.92788696289062,30.820884358222617],[75.92819273471832,30.820884358222617],[75.92819273471832,30.82122065537967]],"angle":180,"polygonAreaPixels":2584.5,"tileOrigin":[47708416,27508992],"tileWidth":1024,"tileHeight":1024,"zoom":18,"sourceRunId":"44d5a725-480c-43f6-b0e5-36f70eda1fdd","sourceDates":[20201109],"imageryRelease":"2021-12-21","isField":true,"edgeFragment":true}},{"type":"Feature","id":"T074.f83","geometry":{"type":"Polygon","coordinates":[[[75.92839121818542,30.820884358222617],[75.92862725257874,30.820884358222617],[75.92983961105347,30.821893246160776],[75.9295392036438,30.8220360559258],[75.92830538749695,30.820981101361063],[75.92839121818542,30.820884358222617]]]},"properties":{"id":"T074.f83","tileId":"T074","modelObjectId":"f83","label":"unburned-looking field","tags":["edge-truncated","olive-cover","parallel-lines"],"note":"Muted olive cover contains long parallel cultivation lines.","visibility":"partial","center":[75.92907249927521,30.82146020880072],"polygon":[[78,1003],[308,774],[364,805],[138,1024],[94,1024]],"holes":[],"bbox":[78,774,364,1024],"obb":[[364.0000000000001,805.0000000000001],[115.30803639044001,1045.9891151791758],[72.69638619909728,1002.0154487716713],[321.3883498086574,761.0263335924957]],"obbLonLat":[[75.9296110243489,30.822095822516022],[75.92827693669543,30.820985637005144],[75.92850552339999,30.820783058307985],[75.92983961105347,30.821893246160776],[75.9296110243489,30.822095822516022]],"angle":135.90120759717368,"polygonAreaPixels":19382,"tileOrigin":[47708416,27508992],"tileWidth":1024,"tileHeight":1024,"zoom":18,"sourceRunId":"44d5a725-480c-43f6-b0e5-36f70eda1fdd","sourceDates":[20201109],"imageryRelease":"2021-12-21","isField":true,"edgeFragment":true}},{"type":"Feature","id":"T074.f84","geometry":{"type":"Polygon","coordinates":[[[75.9294319152832,30.820884358222617],[75.93032777309418,30.82165369381994],[75.92986643314362,30.821874819078843],[75.92867016792297,30.820884358222617],[75.9294319152832,30.820884358222617]]]},"properties":{"id":"T074.f84","tileId":"T074","modelObjectId":"f84","label":"unburned-looking field","tags":["edge-truncated","olive-cover","diagonal-bunds"],"note":"Olive cover is separated from the adjacent residue field by a diagonal boundary.","visibility":"partial","center":[75.92949897050858,30.821379589927652],"polygon":[[146,1024],[369,809],[455,857],[288,1024]],"holes":[],"bbox":[146,809,455,1024],"obb":[[146,1024],[389.5862600829564,789.1522604581362],[457.99351772724424,860.1049044333743],[214.40725764428782,1094.952643975238]],"obbLonLat":[[75.92903713304926,30.820557491717963],[75.93034383157465,30.82163939020248],[75.92997686644836,30.821966253024716],[75.92867016792297,30.820884358222617],[75.92903713304926,30.820557491717963]],"angle":-43.95361809290185,"polygonAreaPixels":26454,"tileOrigin":[47708416,27508992],"tileWidth":1024,"tileHeight":1024,"zoom":18,"sourceRunId":"44d5a725-480c-43f6-b0e5-36f70eda1fdd","sourceDates":[20201109],"imageryRelease":"2021-12-21","isField":true,"edgeFragment":true}},{"type":"Feature","id":"T074.f85","geometry":{"type":"Polygon","coordinates":[[[75.93104660511017,30.820884358222617],[75.93125581741333,30.821123912482552],[75.93056380748749,30.821538524212603],[75.93035995960236,30.821607625993583],[75.9294855594635,30.820884358222617],[75.93104660511017,30.820884358222617]]]},"properties":{"id":"T074.f85","tileId":"T074","modelObjectId":"f85","label":"unburned-looking field","tags":["edge-truncated","pale-windrows","brown-ground"],"note":"Numerous pale sinuous residue rows cross brown ground, without a clear char-like matrix.","visibility":"partial","center":[75.93037068843842,30.821245992789002],"polygon":[[298,1024],[461,867],[499,882],[628,972],[589,1024]],"holes":[],"bbox":[298,867,628,1024],"obb":[[628,1023.9999999999999],[298,1024],[298,867],[628,866.9999999999999]],"obbLonLat":[[75.93125581741333,30.821607625993583],[75.9294855594635,30.821607625993583],[75.9294855594635,30.820884358222617],[75.93125581741333,30.820884358222617],[75.93125581741333,30.821607625993583]],"angle":180,"polygonAreaPixels":29975.5,"tileOrigin":[47708416,27508992],"tileWidth":1024,"tileHeight":1024,"zoom":18,"sourceRunId":"44d5a725-480c-43f6-b0e5-36f70eda1fdd","sourceDates":[20201109],"imageryRelease":"2021-12-21","isField":true,"edgeFragment":true}},{"type":"Feature","id":"T074.f86","geometry":{"type":"Polygon","coordinates":[[[75.9323662519455,30.821358859349363],[75.9324038028717,30.821252902990388],[75.93305289745331,30.821345038961336],[75.93338012695312,30.821520097062614],[75.93338012695312,30.82205908973898],[75.9324038028717,30.821598412425654],[75.9323662519455,30.821358859349363]]]},"properties":{"id":"T074.f86","tileId":"T074","modelObjectId":"f86","label":"unburned-looking field","tags":["edge-truncated","pale-residue","curved-tracks"],"note":"Pale residue and curved machinery tracks dominate the visible field.","visibility":"partial","center":[75.93287318944931,30.82165599721068],"polygon":[[842,869],[1024,769],[1024,886],[963,924],[842,944],[835,921]],"holes":[],"bbox":[835,769,1024,944],"obb":[[810.3470921064837,886.3917076338003],[1024,769],[1075.270754104443,862.3127724700862],[861.6178462109267,979.7044801038865]],"obbLonLat":[[75.93250904119964,30.821088419423543],[75.93365516471084,30.821629219034712],[75.93338012695312,30.82205908973898],[75.93223400344192,30.821518292548586],[75.93250904119964,30.821088419423543]],"angle":-28.786618310014042,"polygonAreaPixels":19423.5,"tileOrigin":[47708416,27508992],"tileWidth":1024,"tileHeight":1024,"zoom":18,"sourceRunId":"44d5a725-480c-43f6-b0e5-36f70eda1fdd","sourceDates":[20201109],"imageryRelease":"2021-12-21","isField":true,"edgeFragment":true}},{"type":"Feature","id":"T074.f87","geometry":{"type":"Polygon","coordinates":[[[75.9328544139862,30.820884358222617],[75.93296706676483,30.820884358222617],[75.93307435512543,30.82096267410411],[75.93302071094513,30.82129897098691],[75.9324198961258,30.82122065537967],[75.9328544139862,30.820884358222617]]]},"properties":{"id":"T074.f87","tileId":"T074","modelObjectId":"f87","label":"unburned-looking field","tags":["edge-truncated","muted-cover","diagonal-texture"],"note":"Muted olive cover has a broad diagonal tonal transition but no visible char or ash.","visibility":"partial","center":[75.93274712562561,30.821091664828522],"polygon":[[845,951],[957,934],[967,1007],[947,1024],[926,1024]],"holes":[],"bbox":[845,934,967,1024],"obb":[[845,951],[957,934],[970.1278734512584,1020.4895192082911],[858.1278734512584,1037.489519208291]],"obbLonLat":[[75.93249031952683,30.820822214436728],[75.93309113434617,30.820900530368892],[75.93302071094513,30.82129897098691],[75.9324198961258,30.82122065537967],[75.93249031952683,30.820822214436728]],"angle":-8.630801788548439,"polygonAreaPixels":6536.5,"tileOrigin":[47708416,27508992],"tileWidth":1024,"tileHeight":1024,"zoom":18,"sourceRunId":"44d5a725-480c-43f6-b0e5-36f70eda1fdd","sourceDates":[20201109],"imageryRelease":"2021-12-21","isField":true,"edgeFragment":true}},{"type":"Feature","id":"T074.f88","geometry":{"type":"Polygon","coordinates":[[[75.93212485313416,30.821054810353512],[75.93209266662598,30.820884358222617],[75.93281149864197,30.820884358222617],[75.93234479427338,30.821216048577252],[75.93233942985535,30.821331218571327],[75.9321677684784,30.821239082587123],[75.93212485313416,30.821054810353512]]]},"properties":{"id":"T074.f88","tileId":"T074","modelObjectId":"f88","label":"unburned-looking field","tags":["edge-truncated","olive-cover","irregular-margin"],"note":"Olive cover occupies the field beside an irregular tree-lined margin.","visibility":"partial","center":[75.93245208263397,30.821107788656892],"polygon":[[798,947],[830,927],[831,952],[918,1024],[784,1024],[790,987]],"holes":[],"bbox":[784,927,918,1024],"obb":[[918,1023.9999999999999],[784,1023.9999999999999],[784,927],[918,927]],"obbLonLat":[[75.93281149864197,30.821331218571327],[75.93209266662598,30.821331218571327],[75.93209266662598,30.820884358222617],[75.93281149864197,30.820884358222617],[75.93281149864197,30.821331218571327]],"angle":180,"polygonAreaPixels":6567.5,"tileOrigin":[47708416,27508992],"tileWidth":1024,"tileHeight":1024,"zoom":18,"sourceRunId":"44d5a725-480c-43f6-b0e5-36f70eda1fdd","sourceDates":[20201109],"imageryRelease":"2021-12-21","isField":true,"edgeFragment":true}},{"type":"Feature","id":"T074.f89","geometry":{"type":"Polygon","coordinates":[[[75.93314945697784,30.821068630783294],[75.9331226348877,30.820884358222617],[75.93338012695312,30.820884358222617],[75.93338012695312,30.821414140881533],[75.93313336372375,30.82125750979103],[75.93314945697784,30.821068630783294]]]},"properties":{"id":"T074.f89","tileId":"T074","modelObjectId":"f89","label":"unburned-looking field","tags":["edge-truncated","tan-residue","curved-rows"],"note":"Tan residue and curved cultivation rows remain visible in the lower-right fragment.","visibility":"partial","center":[75.93325138092041,30.821149249917408],"polygon":[[978,943],[1024,909],[1024,1024],[976,1024],[981,984]],"holes":[],"bbox":[976,909,1024,1024],"obb":[[1024,909],[1024,1023.9999999999999],[976,1023.9999999999999],[975.9999999999999,909]],"obbLonLat":[[75.9331226348877,30.821414140881533],[75.9331226348877,30.820884358222617],[75.93338012695312,30.820884358222617],[75.93338012695312,30.821414140881533],[75.9331226348877,30.821414140881533]],"angle":90,"polygonAreaPixels":4426.5,"tileOrigin":[47708416,27508992],"tileWidth":1024,"tileHeight":1024,"zoom":18,"sourceRunId":"44d5a725-480c-43f6-b0e5-36f70eda1fdd","sourceDates":[20201109],"imageryRelease":"2021-12-21","isField":true,"edgeFragment":true}},{"type":"Feature","id":"T082.f01","geometry":{"type":"Polygon","coordinates":[[[75.91690063476562,30.820511205204294],[75.91789305210114,30.820759974044282],[75.9178501367569,30.820884358222617],[75.91690063476562,30.820884358222617],[75.91690063476562,30.820511205204294]]]},"properties":{"id":"T082.f01","tileId":"T082","modelObjectId":"f01","label":"unburned-looking field","tags":["edge-truncated","muted-cover","haze"],"note":"Fairly uniform olive cover is visible without distinct char-like patches.","visibility":"partial","center":[75.91739684343338,30.820697781894694],"polygon":[[0,0],[177,0],[185,27],[0,81]],"holes":[],"bbox":[0,0,185,81],"obb":[[0,0],[185,0],[185,81],[0,81]],"obbLonLat":[[75.91690063476562,30.820511205204294],[75.91789305210114,30.820511205204294],[75.91789305210114,30.820884358222617],[75.91690063476562,30.820884358222617],[75.91690063476562,30.820511205204294]],"angle":0,"polygonAreaPixels":9882,"tileOrigin":[47706368,27510016],"tileWidth":1024,"tileHeight":1024,"zoom":18,"sourceRunId":"21d0bd85-63d2-4c90-865c-47e4f7d221b8","sourceDates":[20201109],"imageryRelease":"2021-12-21","isField":true,"edgeFragment":true}},{"type":"Feature","id":"T082.f02","geometry":{"type":"Polygon","coordinates":[[[75.91690063476562,30.820032093030157],[75.91756045818329,30.82020254667372],[75.91740489006042,30.82062176921274],[75.91690063476562,30.82048817101985],[75.91690063476562,30.820032093030157]]]},"properties":{"id":"T082.f02","tileId":"T082","modelObjectId":"f02","label":"unburned-looking field","tags":["edge-truncated","pale-surface","uniform"],"note":"Pale tan surface has no visible burn pattern.","visibility":"partial","center":[75.91723054647446,30.820326931574026],"polygon":[[0,86],[94,57],[123,148],[0,185]],"holes":[],"bbox":[0,57,123,185],"obb":[[123,148.00000000000003],[1.4210854715202004e-14,185.00000000000003],[-27.508910170929813,93.55146078312525],[95.49108982907018,56.551460783125236]],"obbLonLat":[[75.91741288888957,30.820623835557093],[75.91675306547191,30.820453382661277],[75.91690063476562,30.820032093030157],[75.91756045818329,30.82020254667372],[75.91741288888957,30.820623835557093]],"angle":163.25802961470689,"polygonAreaPixels":10786,"tileOrigin":[47706368,27510016],"tileWidth":1024,"tileHeight":1024,"zoom":18,"sourceRunId":"21d0bd85-63d2-4c90-865c-47e4f7d221b8","sourceDates":[20201109],"imageryRelease":"2021-12-21","isField":true,"edgeFragment":true}},{"type":"Feature","id":"T082.f03","geometry":{"type":"Polygon","coordinates":[[[75.91758728027344,30.82020254667372],[75.918048620224,30.820313111037503],[75.91789305210114,30.820746153570074],[75.91742634773254,30.82063098287436],[75.91758728027344,30.82020254667372]]]},"properties":{"id":"T082.f03","tileId":"T082","modelObjectId":"f03","label":"unburned-looking field","tags":["mottled-cover","vegetation","pale-patches"],"note":"Greenish and tan cover coexist without identifiable ash or char patterns.","visibility":"clear","center":[75.91773748397827,30.82047435050653],"polygon":[[98,55],[185,30],[214,124],[128,148]],"holes":[],"bbox":[98,30,214,148],"obb":[[184.48155420068204,28.319520512555535],[214,124],[127.51844579931799,150.68047948744447],[98.00000000000001,55]],"obbLonLat":[[75.91742634773254,30.82063098287436],[75.9175846970154,30.820190198102928],[75.918048620224,30.820313111037503],[75.91789027094114,30.820753895244803],[75.91742634773254,30.82063098287436]],"angle":72.85444908113826,"polygonAreaPixels":8810.5,"tileOrigin":[47706368,27510016],"tileWidth":1024,"tileHeight":1024,"zoom":18,"sourceRunId":"21d0bd85-63d2-4c90-865c-47e4f7d221b8","sourceDates":[20201109],"imageryRelease":"2021-12-21","isField":true,"edgeFragment":false}},{"type":"Feature","id":"T082.f04","geometry":{"type":"Polygon","coordinates":[[[75.91807544231415,30.82031771788324],[75.91901421546936,30.820492777857186],[75.91913223266602,30.82054805988792],[75.9192019701004,30.82065862385393],[75.91911613941193,30.820884358222617],[75.91791450977325,30.820884358222617],[75.91807544231415,30.82031771788324]]]},"properties":{"id":"T082.f04","tileId":"T082","modelObjectId":"f04","label":"unburned-looking field","tags":["edge-truncated","uniform-cover","faint-rows"],"note":"Broad olive cover contains faint parallel lines but no visible burn evidence.","visibility":"partial","center":[75.91855823993683,30.820601038470848],"polygon":[[189,0],[413,0],[429,49],[416,73],[394,85],[219,123]],"holes":[],"bbox":[189,0,429,123],"obb":[[434.88917646325103,76.1212073965512],[215.85677757335742,123.68252829835666],[189,0],[408.0323988898936,-47.56132090180546]],"obbLonLat":[[75.91908949112295,30.82110346434267],[75.91791450977325,30.820884358222617],[75.91805858075509,30.82031457358068],[75.91923356210481,30.82053368100071],[75.91908949112295,30.82110346434267]],"angle":167.74881957660065,"polygonAreaPixels":22184,"tileOrigin":[47706368,27510016],"tileWidth":1024,"tileHeight":1024,"zoom":18,"sourceRunId":"21d0bd85-63d2-4c90-865c-47e4f7d221b8","sourceDates":[20201109],"imageryRelease":"2021-12-21","isField":true,"edgeFragment":true}},{"type":"Feature","id":"T082.f05","geometry":{"type":"Polygon","coordinates":[[[75.91690063476562,30.819552978465843],[75.91742098331451,30.81968197108368],[75.91823637485504,30.819889280285075],[75.91805934906006,30.820285469958495],[75.91690063476562,30.82000905873081],[75.91690063476562,30.819552978465843]]]},"properties":{"id":"T082.f05","tileId":"T082","modelObjectId":"f05","label":"unburned-looking field","tags":["edge-truncated","olive-cover","faint-divisions"],"note":"Relatively uniform cover lacks visible char-like patches. Some internal lines are too faint to establish separate parcels reliably.","visibility":"partial","center":[75.91756850481033,30.81991922491051],"polygon":[[0,190],[216,130],[249,216],[97,261],[0,289]],"holes":[],"bbox":[0,130,249,289],"obb":[[249.29942117139214,217.03728048660847],[0,289],[-26.379279897969198,197.614637496321],[222.92014127342293,125.65191798292946]],"obbLonLat":[[75.91809647159067,30.820305500905718],[75.91675912528095,30.819973979152262],[75.91690063476562,30.819552978465843],[75.91823798107535,30.819884501672583],[75.91809647159067,30.820305500905718]],"angle":163.8986976008416,"polygonAreaPixels":22658,"tileOrigin":[47706368,27510016],"tileWidth":1024,"tileHeight":1024,"zoom":18,"sourceRunId":"21d0bd85-63d2-4c90-865c-47e4f7d221b8","sourceDates":[20201109],"imageryRelease":"2021-12-21","isField":true,"edgeFragment":true}},{"type":"Feature","id":"T082.f06","geometry":{"type":"Polygon","coordinates":[[[75.91826319694519,30.819889280285075],[75.91868162155151,30.819995238148532],[75.91850996017456,30.820382213700245],[75.91809689998627,30.82029468365238],[75.91826319694519,30.819889280285075]]]},"properties":{"id":"T082.f06","tileId":"T082","modelObjectId":"f06","label":"unburned-looking field","tags":["muted-cover","bounded-parcel","haze"],"note":"Olive-tan surface is enclosed by visible tracks without distinct burn evidence.","visibility":"clear","center":[75.91838926076889,30.820135747308914],"polygon":[[223,128],[300,109],[332,193],[254,216]],"holes":[],"bbox":[223,109,332,216],"obb":[[255.40310166570936,219.98299827685244],[222.99999999999994,128],[299.59689833429064,101.01700172314759],[332,193.00000000000003]],"obbLonLat":[[75.91868162155151,30.819995238148532],[75.91850779776871,30.82041899010913],[75.91809689998627,30.82029468365238],[75.91827072376907,30.819870931143296],[75.91868162155151,30.819995238148532]],"angle":-109.40597075400119,"polygonAreaPixels":7326.5,"tileOrigin":[47706368,27510016],"tileWidth":1024,"tileHeight":1024,"zoom":18,"sourceRunId":"21d0bd85-63d2-4c90-865c-47e4f7d221b8","sourceDates":[20201109],"imageryRelease":"2021-12-21","isField":true,"edgeFragment":false}},{"type":"Feature","id":"T082.f07","geometry":{"type":"Polygon","coordinates":[[[75.91871380805969,30.819999845009512],[75.91913223266602,30.820124230172357],[75.91899812221527,30.82048817101985],[75.91854751110077,30.820386820542655],[75.91871380805969,30.819999845009512]]]},"properties":{"id":"T082.f07","tileId":"T082","modelObjectId":"f07","label":"unburned-looking field","tags":["mixed-cover","green-patches","track-bounded"],"note":"Muted vegetation and pale patches are visible without coherent char or ash.","visibility":"clear","center":[75.91883987188339,30.82024400832506],"polygon":[[307,108],[391,86],[416,165],[338,192]],"holes":[],"bbox":[307,86,416,192],"obb":[[418.0951122853369,164.27476882430648],[336.2826948480846,192.59445178335537],[307,108],[388.81241743725235,79.68031704095112]],"obbLonLat":[[75.91898638710794,30.820517284767515],[75.91854751110077,30.820386820542655],[75.91870459571697,30.81999710645281],[75.91914347172414,30.820127571207085],[75.91898638710794,30.820517284767515]],"angle":160.9065079995144,"polygonAreaPixels":7287.5,"tileOrigin":[47706368,27510016],"tileWidth":1024,"tileHeight":1024,"zoom":18,"sourceRunId":"21d0bd85-63d2-4c90-865c-47e4f7d221b8","sourceDates":[20201109],"imageryRelease":"2021-12-21","isField":true,"edgeFragment":false}},{"type":"Feature","id":"T082.f08","geometry":{"type":"Polygon","coordinates":[[[75.91915905475616,30.82012883702714],[75.91920733451843,30.82016108500449],[75.91942727565765,30.820225580926675],[75.91948628425598,30.82030389734539],[75.91966331005096,30.82034996579715],[75.91947555541992,30.820584914557397],[75.91903567314148,30.82048817101985],[75.91915905475616,30.82012883702714]]]},"properties":{"id":"T082.f08","tileId":"T082","modelObjectId":"f08","label":"unburned-looking field","tags":["green-cover","irregular-edge","tree-adjacency"],"note":"Green cover is visible between tracks and tree-lined margins. Peripheral shadows obscure parts of the boundary.","visibility":"partial","center":[75.91934949159622,30.820356876063006],"polygon":[[398,86],[480,65],[515,116],[482,126],[471,143],[430,157],[421,164]],"holes":[],"bbox":[398,65,515,164],"obb":[[421,164],[398,86],[497.5021926508392,56.65960985936789],[520.5021926508392,134.6596098593679]],"obbLonLat":[[75.91969282611245,30.820264003845633],[75.91956944449777,30.820623337332595],[75.91903567314148,30.82048817101985],[75.91915905475616,30.82012883702714],[75.91969282611245,30.820264003845633]],"angle":-106.42930145153342,"polygonAreaPixels":6583.5,"tileOrigin":[47706368,27510016],"tileWidth":1024,"tileHeight":1024,"zoom":18,"sourceRunId":"21d0bd85-63d2-4c90-865c-47e4f7d221b8","sourceDates":[20201109],"imageryRelease":"2021-12-21","isField":true,"edgeFragment":true}},{"type":"Feature","id":"T082.f09","geometry":{"type":"Polygon","coordinates":[[[75.919668674469,30.820603341886834],[75.92058598995209,30.820838290027208],[75.92053771018982,30.820884358222617],[75.91946482658386,30.820884358222617],[75.919668674469,30.820603341886834]]]},"properties":{"id":"T082.f09","tileId":"T082","modelObjectId":"f09","label":"unburned-looking field","tags":["edge-truncated","tan-cover","faint-rows"],"note":"Tan and olive surface shows faint cultivation lines without visible burn evidence.","visibility":"partial","center":[75.92002540826797,30.82074385015752],"polygon":[[478,0],[678,0],[687,10],[516,61]],"holes":[],"bbox":[478,0,687,61],"obb":[[478,0],[687,0],[687,61],[478,61]],"obbLonLat":[[75.91946482658386,30.820603341886834],[75.92058598995209,30.820603341886834],[75.92058598995209,30.820884358222617],[75.91946482658386,30.820884358222617],[75.91946482658386,30.820603341886834]],"angle":0,"polygonAreaPixels":7184.5,"tileOrigin":[47706368,27510016],"tileWidth":1024,"tileHeight":1024,"zoom":18,"sourceRunId":"21d0bd85-63d2-4c90-865c-47e4f7d221b8","sourceDates":[20201109],"imageryRelease":"2021-12-21","isField":true,"edgeFragment":true}},{"type":"Feature","id":"T082.f10","geometry":{"type":"Polygon","coordinates":[[[75.91988861560822,30.82024400832506],[75.92033386230469,30.82035917948485],[75.92017829418182,30.820700085308363],[75.91969549655914,30.820584914557397],[75.91988861560822,30.82024400832506]]]},"properties":{"id":"T082.f10","tileId":"T082","modelObjectId":"f10","label":"unburned-looking field","tags":["green-cover","parallel-rows","track-bounded"],"note":"Dense green cover contains regular rows and no visible char-like patches.","visibility":"clear","center":[75.92001467943192,30.820472047087446],"polygon":[[521,65],[611,40],[640,114],[557,139]],"holes":[],"bbox":[521,40,640,139],"obb":[[640.0000000000001,114.00000000000006],[544.4295980835774,142.7862656374768],[521,65],[616.5704019164227,36.21373436252327]],"obbLonLat":[[75.92020817614628,30.82071752797859],[75.91969549655914,30.820584914557397],[75.91982118271756,30.820226565568824],[75.92033386230469,30.82035917948485],[75.92020817614628,30.82071752797859]],"angle":163.23744553816724,"polygonAreaPixels":7213.5,"tileOrigin":[47706368,27510016],"tileWidth":1024,"tileHeight":1024,"zoom":18,"sourceRunId":"21d0bd85-63d2-4c90-865c-47e4f7d221b8","sourceDates":[20201109],"imageryRelease":"2021-12-21","isField":true,"edgeFragment":false}},{"type":"Feature","id":"T082.f11","geometry":{"type":"Polygon","coordinates":[[[75.92036604881287,30.820382213700245],[75.92054307460785,30.82047435050653],[75.92069327831268,30.820575700891347],[75.9206610918045,30.820677051169216],[75.92057526111603,30.82082446956427],[75.92019975185394,30.820704692135525],[75.92036604881287,30.820382213700245]]]},"properties":{"id":"T082.f11","tileId":"T082","modelObjectId":"f11","label":"unburned-looking field","tags":["green-cover","irregular-margin","tree-adjacency"],"note":"Green rows remain visible near trees and structures without apparent burn evidence.","visibility":"partial","center":[75.92044651508331,30.820603341886834],"polygon":[[615,39],[685,13],[701,45],[707,67],[679,89],[646,109]],"holes":[],"bbox":[615,13,707,109],"obb":[[646.0000000000001,109.00000000000003],[615.0000000000001,39.00000000000003],[684.6775294318377,8.142808394471956],[715.6775294318377,78.14280839447196]],"obbLonLat":[[75.92073982820801,30.820524367817512],[75.92057353124909,30.82084684577547],[75.92019975185394,30.820704692135525],[75.92036604881287,30.820382213700245],[75.92073982820801,30.820524367817512]],"angle":-113.88649992163475,"polygonAreaPixels":5125,"tileOrigin":[47706368,27510016],"tileWidth":1024,"tileHeight":1024,"zoom":18,"sourceRunId":"21d0bd85-63d2-4c90-865c-47e4f7d221b8","sourceDates":[20201109],"imageryRelease":"2021-12-21","isField":true,"edgeFragment":true}},{"type":"Feature","id":"T082.f12","geometry":{"type":"Polygon","coordinates":[[[75.92093467712402,30.82029468365238],[75.92100441455841,30.820179512415244],[75.92113316059113,30.82023479462631],[75.92122972011566,30.82031771788324],[75.92114925384521,30.82048817101985],[75.92105805873871,30.820607948718642],[75.920929312706,30.82052963254788],[75.92093467712402,30.82029468365238]]]},"properties":{"id":"T082.f12","tileId":"T082","modelObjectId":"f12","label":"unburned-looking field","tags":["green-cover","tree-adjacency","small-parcel"],"note":"A green field wedge is visible beside trees and buildings; shadows soften its upper boundary.","visibility":"partial","center":[75.92107951641083,30.820393730805858],"polygon":[[751,77],[775,60],[792,86],[807,123],[789,141],[765,153],[752,128]],"holes":[],"bbox":[751,60,807,153],"obb":[[813.4000000000001,128.8],[764.6,153.20000000000005],[729.4,82.80000000000001],[778.2,58.39999999999998]],"obbLonLat":[[75.92107522487643,30.820615319649075],[75.92081344127655,30.82050291289853],[75.9210022687912,30.820178591044794],[75.92126405239105,30.820290998174933],[75.92107522487643,30.820615319649075]],"angle":153.43494882292202,"polygonAreaPixels":3380.5,"tileOrigin":[47706368,27510016],"tileWidth":1024,"tileHeight":1024,"zoom":18,"sourceRunId":"21d0bd85-63d2-4c90-865c-47e4f7d221b8","sourceDates":[20201109],"imageryRelease":"2021-12-21","isField":true,"edgeFragment":true}},{"type":"Feature","id":"T082.f13","geometry":{"type":"Polygon","coordinates":[[[75.92099368572235,30.81997220384034],[75.92109024524689,30.819889280285075],[75.92129409313202,30.819939955799573],[75.92142820358276,30.820032093030157],[75.92134773731232,30.820188726119298],[75.92124581336975,30.820225580926675],[75.9209668636322,30.820133443881712],[75.92099368572235,30.81997220384034]]]},"properties":{"id":"T082.f13","tileId":"T082","modelObjectId":"f13","label":"unburned-looking field","tags":["muted-cover","settlement-adjacency","faint-rows"],"note":"Olive-tan rows are visible within a small parcel bordered by structures and trees.","visibility":"partial","center":[75.92119753360748,30.820057430753074],"polygon":[[758,163],[810,143],[829,151],[844,185],[819,205],[781,216],[763,198]],"holes":[],"bbox":[758,143,844,216],"obb":[[750.6288659793815,165.8350515463917],[825.5463917525773,137.02061855670104],[847.479381443299,194.0463917525774],[772.5618556701031,222.86082474226805]],"obbLonLat":[[75.92104497951334,30.819857673378475],[75.92144686843932,30.819990417566974],[75.92132921071399,30.82025312703635],[75.92092732178796,30.820120383210973],[75.92104497951334,30.819857673378475]],"angle":-21.037511025421818,"polygonAreaPixels":4233.5,"tileOrigin":[47706368,27510016],"tileWidth":1024,"tileHeight":1024,"zoom":18,"sourceRunId":"21d0bd85-63d2-4c90-865c-47e4f7d221b8","sourceDates":[20201109],"imageryRelease":"2021-12-21","isField":true,"edgeFragment":true}},{"type":"Feature","id":"T082.f14","geometry":{"type":"Polygon","coordinates":[[[75.91778039932251,30.819046220075677],[75.91786623001099,30.818843515970904],[75.91798424720764,30.818880371294505],[75.91771066188812,30.819649722945456],[75.91748535633087,30.81959444039761],[75.91778039932251,30.819046220075677]]]},"properties":{"id":"T082.f14","tileId":"T082","modelObjectId":"f14","label":"uncertain field","tags":["dark-strips","pale-residue","row-pattern"],"note":"Dark longitudinal strips alternate with pale cover. Vegetation, soil and residue patterns cannot be distinguished reliably from burning.","visibility":"clear","center":[75.91773480176926,30.819246620304142],"polygon":[[109,280],[151,268],[202,435],[180,443],[164,399]],"holes":[],"bbox":[109,268,202,443],"obb":[[150.7691702197442,267.2441456215153],[202.35795342735324,436.17212200721553],[160.58878320760903,448.9279763857003],[109.00000000000001,280.00000000000006]],"obbLonLat":[[75.91748535633087,30.81959444039761],[75.91776210012964,30.818816206275795],[75.91798616741949,30.81887497142841],[75.91770942362066,30.819653205074047],[75.91748535633087,30.81959444039761]],"angle":73.01789354645459,"polygonAreaPixels":5632,"tileOrigin":[47706368,27510016],"tileWidth":1024,"tileHeight":1024,"zoom":18,"sourceRunId":"21d0bd85-63d2-4c90-865c-47e4f7d221b8","sourceDates":[20201109],"imageryRelease":"2021-12-21","isField":true,"edgeFragment":false}},{"type":"Feature","id":"T082.f15","geometry":{"type":"Polygon","coordinates":[[[75.91801643371582,30.818884978208963],[75.91822028160095,30.81894026116518],[75.91794669628143,30.819709612336382],[75.91773748397827,30.81965432982301],[75.91801643371582,30.818884978208963]]]},"properties":{"id":"T082.f15","tileId":"T082","modelObjectId":"f15","label":"uncertain field","tags":["dark-strips","pale-cover","haze"],"note":"A dark linear band adjoins tan cover, but its greenish tone and regular alignment leave vegetation or soil as plausible explanations.","visibility":"clear","center":[75.91797888278961,30.819297296157742],"polygon":[[156,267],[195,255],[246,422],[208,434]],"holes":[],"bbox":[156,255,246,434],"obb":[[156,267],[195,255],[246.43783783783783,422.17297297297296],[207.43783783783783,434.17297297297296]],"obbLonLat":[[75.91801341804299,30.818884181337285],[75.91822263034615,30.818939464293965],[75.91794669628143,30.819709612336382],[75.91773748397827,30.81965432982301],[75.91801341804299,30.818884181337285]],"angle":-17.10272896905237,"polygonAreaPixels":7047.5,"tileOrigin":[47706368,27510016],"tileWidth":1024,"tileHeight":1024,"zoom":18,"sourceRunId":"21d0bd85-63d2-4c90-865c-47e4f7d221b8","sourceDates":[20201109],"imageryRelease":"2021-12-21","isField":true,"edgeFragment":false}},{"type":"Feature","id":"T082.f16","geometry":{"type":"Polygon","coordinates":[[[75.91825246810913,30.818944868076763],[75.91845631599426,30.81899554408959],[75.91818273067474,30.819774108561766],[75.91797351837158,30.819718826085513],[75.91825246810913,30.818944868076763]]]},"properties":{"id":"T082.f16","tileId":"T082","modelObjectId":"f16","label":"uncertain field","tags":["linear-darkness","pale-cover","ambiguous-residue"],"note":"Pale rows and a dark lengthwise strip are visible. There is insufficient distinctive ash-like texture to identify burning.","visibility":"clear","center":[75.91821491718292,30.81935948921425],"polygon":[[200,253],[239,241],[290,410],[252,421]],"holes":[],"bbox":[200,241,290,421],"obb":[[200,253],[239,241],[290.9135135135135,409.7189189189189],[251.91351351351352,421.7189189189189]],"obbLonLat":[[75.91825200415946,30.818941556080887],[75.91846121646262,30.81899683900455],[75.91818273067474,30.819774108561766],[75.91797351837158,30.819718826085513],[75.91825200415946,30.818941556080887]],"angle":-17.10272896905237,"polygonAreaPixels":7079.5,"tileOrigin":[47706368,27510016],"tileWidth":1024,"tileHeight":1024,"zoom":18,"sourceRunId":"21d0bd85-63d2-4c90-865c-47e4f7d221b8","sourceDates":[20201109],"imageryRelease":"2021-12-21","isField":true,"edgeFragment":false}},{"type":"Feature","id":"T082.f17","geometry":{"type":"Polygon","coordinates":[[[75.91849386692047,30.819004757907226],[75.9186977148056,30.819055433888455],[75.91840267181396,30.819829391006188],[75.91821491718292,30.819783322304716],[75.91849386692047,30.819004757907226]]]},"properties":{"id":"T082.f17","tileId":"T082","modelObjectId":"f17","label":"uncertain field","tags":["dark-margin","tan-cover","regular-pattern"],"note":"A broad dark strip borders tan cover. Crop cover, shadow or dark soil could explain the contrast.","visibility":"clear","center":[75.91845631599426,30.819417075341768],"polygon":[[245,239],[280,229],[335,397],[297,408]],"holes":[],"bbox":[245,229,335,408],"obb":[[297.1945945945946,408.63243243243244],[245,239],[282.8054054054054,227.36756756756756],[335,397]],"obbLonLat":[[75.9186977148056,30.819055433888455],[75.91841772118133,30.819836911408323],[75.91821491718292,30.819783322304716],[75.9184949108072,30.819001844348776],[75.9186977148056,30.819055433888455]],"angle":-107.10272896905238,"polygonAreaPixels":6712,"tileOrigin":[47706368,27510016],"tileWidth":1024,"tileHeight":1024,"zoom":18,"sourceRunId":"21d0bd85-63d2-4c90-865c-47e4f7d221b8","sourceDates":[20201109],"imageryRelease":"2021-12-21","isField":true,"edgeFragment":false}},{"type":"Feature","id":"T082.f18","geometry":{"type":"Polygon","coordinates":[[[75.91874599456787,30.81905082698217],[75.91911613941193,30.819152178869253],[75.91882109642029,30.819935348935722],[75.9184455871582,30.819838604743826],[75.91874599456787,30.81905082698217]]]},"properties":{"id":"T082.f18","tileId":"T082","modelObjectId":"f18","label":"unburned-looking field","tags":["uniform-cover","olive-surface","track-bounded"],"note":"Fairly uniform olive surface has no visible char or ash pattern.","visibility":"clear","center":[75.91878086328506,30.81949308897724],"polygon":[[288,227],[358,206],[413,376],[344,398]],"holes":[],"bbox":[288,206,413,398],"obb":[[357.51761942051684,204.5090054815975],[413,375.99999999999994],[343.4823805794831,398.4909945184025],[287.99999999999994,227.00000000000006]],"obbLonLat":[[75.9184455871582,30.819838604743826],[75.9187432178409,30.819048565016367],[75.91911613941193,30.819152178869253],[75.91881850872923,30.819942217744384],[75.9184455871582,30.819838604743826]],"angle":72.07208023799276,"polygonAreaPixels":13043,"tileOrigin":[47706368,27510016],"tileWidth":1024,"tileHeight":1024,"zoom":18,"sourceRunId":"21d0bd85-63d2-4c90-865c-47e4f7d221b8","sourceDates":[20201109],"imageryRelease":"2021-12-21","isField":true,"edgeFragment":false}},{"type":"Feature","id":"T082.f19","geometry":{"type":"Polygon","coordinates":[[[75.91915369033813,30.819156785770673],[75.92018902301788,30.81939634433984],[75.92003345489502,30.819608261037555],[75.91993153095245,30.819801749787953],[75.91984033584595,30.819986024425916],[75.91974377632141,30.820036699889375],[75.91969549655914,30.82015187129777],[75.9188586473465,30.8199445626632],[75.91915369033813,30.819156785770673]]]},"properties":{"id":"T082.f19","tileId":"T082","modelObjectId":"f19","label":"unburned-looking field","tags":["pale-residue","parallel-streaks","irregular-margin"],"note":"Broad tan residue streaks dominate. Greenish streaks and local shadows do not form a distinct burn pattern.","visibility":"partial","center":[75.91952383518219,30.81965432982301],"polygon":[[365,204],[521,159],[530,184],[548,195],[565,235],[584,277],[613,323],[420,375]],"holes":[],"bbox":[365,159,613,375],"obb":[[365,204],[562.2591328098326,147.09832707408674],[613,323.00000000000006],[415.74086719016725,379.9016729259133]],"obbLonLat":[[75.9191308425693,30.81913420424461],[75.92018902301788,30.81939634433984],[75.91991682779508,30.820206700546578],[75.9188586473465,30.8199445626632],[75.9191308425693,30.81913420424461]],"angle":-16.09081634885217,"polygonAreaPixels":32792,"tileOrigin":[47706368,27510016],"tileWidth":1024,"tileHeight":1024,"zoom":18,"sourceRunId":"21d0bd85-63d2-4c90-865c-47e4f7d221b8","sourceDates":[20201109],"imageryRelease":"2021-12-21","isField":true,"edgeFragment":true}},{"type":"Feature","id":"T082.f20","geometry":{"type":"Polygon","coordinates":[[[75.91690063476562,30.81923970995839],[75.91752827167511,30.819410165008296],[75.91744780540466,30.819603654157795],[75.91690063476562,30.81947466143477],[75.91690063476562,30.81923970995839]]]},"properties":{"id":"T082.f20","tileId":"T082","modelObjectId":"f20","label":"unburned-looking field","tags":["edge-truncated","olive-cover","linear-boundary"],"note":"Uniform muted cover is separated from the neighboring parcel by a thin linear boundary.","visibility":"partial","center":[75.91721445322037,30.81942168223049],"polygon":[[0,306],[102,278],[117,320],[0,357]],"holes":[],"bbox":[0,278,117,357],"obb":[[117.00000000000001,320.00000000000006],[1.4210854715202004e-14,357.00000000000006],[-14.661907291805022,310.6366715367247],[102.33809270819498,273.6366715367247]],"obbLonLat":[[75.91744961907528,30.819623755485768],[75.9168219821658,30.819453300814942],[75.91690063476562,30.81923970995839],[75.91752827167511,30.819410165008296],[75.91744961907528,30.819623755485768]],"angle":162.45099777093222,"polygonAreaPixels":5335.5,"tileOrigin":[47706368,27510016],"tileWidth":1024,"tileHeight":1024,"zoom":18,"sourceRunId":"21d0bd85-63d2-4c90-865c-47e4f7d221b8","sourceDates":[20201109],"imageryRelease":"2021-12-21","isField":true,"edgeFragment":true}},{"type":"Feature","id":"T082.f21","geometry":{"type":"Polygon","coordinates":[[[75.91690063476562,30.81899554408959],[75.91761410236359,30.819189034074398],[75.9175443649292,30.819387130559768],[75.91690063476562,30.819221282367305],[75.91690063476562,30.81899554408959]]]},"properties":{"id":"T082.f21","tileId":"T082","modelObjectId":"f21","label":"unburned-looking field","tags":["edge-truncated","uniform-cover","faint-rows"],"note":"Olive cover has faint rows without visible burn evidence.","visibility":"partial","center":[75.9172573685646,30.819191337524256],"polygon":[[0,361],[120,325],[133,368],[0,410]],"holes":[],"bbox":[0,325,133,410],"obb":[[119.9226957383548,324.74430128840436],[133.49603567889,369.64073339940535],[-1.4210854715202004e-14,409.99999999999994],[-13.573339940535192,365.10356788899895]],"obbLonLat":[[75.91682782169613,30.819202377645865],[75.91690063476562,30.81899554408959],[75.91761676330634,30.819181475379803],[75.91754395023685,30.819388308535657],[75.91682782169613,30.819202377645865]],"angle":73.17859010995917,"polygonAreaPixels":6072.5,"tileOrigin":[47706368,27510016],"tileWidth":1024,"tileHeight":1024,"zoom":18,"sourceRunId":"21d0bd85-63d2-4c90-865c-47e4f7d221b8","sourceDates":[20201109],"imageryRelease":"2021-12-21","isField":true,"edgeFragment":true}},{"type":"Feature","id":"T082.f22","geometry":{"type":"Polygon","coordinates":[[[75.91690063476562,30.81873755683679],[75.91694355010986,30.818626990659162],[75.91777503490448,30.81885733671892],[75.91764092445374,30.81916599957283],[75.91690063476562,30.818972509541616],[75.91690063476562,30.81873755683679]]]},"properties":{"id":"T082.f22","tileId":"T082","modelObjectId":"f22","label":"unburned-looking field","tags":["edge-truncated","muted-cover","parallel-lines"],"note":"Muted crop or residue cover has regular linear texture rather than distinct char-like patches.","visibility":"partial","center":[75.91733783483505,30.818896495494126],"polygon":[[0,415],[138,373],[163,440],[8,490],[0,466]],"holes":[],"bbox":[0,373,163,490],"obb":[[163,439.99999999999994],[7.7662582469368715,490.07540056550425],[-14.901036757775685,419.80678605089537],[140.33270499528743,369.73138548539106]],"obbLonLat":[[75.9176534380585,30.819181057754705],[75.91682069937539,30.818950365107654],[75.91694229622138,30.818626643294284],[75.91777503490448,30.81885733671892],[75.9176534380585,30.819181057754705]],"angle":162.12130340415865,"polygonAreaPixels":11364.5,"tileOrigin":[47706368,27510016],"tileWidth":1024,"tileHeight":1024,"zoom":18,"sourceRunId":"21d0bd85-63d2-4c90-865c-47e4f7d221b8","sourceDates":[20201109],"imageryRelease":"2021-12-21","isField":true,"edgeFragment":true}},{"type":"Feature","id":"T082.f23","geometry":{"type":"Polygon","coordinates":[[[75.91703474521637,30.818378216294114],[75.91710448265076,30.818327539955572],[75.91715276241302,30.818207759412722],[75.91797888278961,30.81842889260592],[75.91780185699463,30.81881126755116],[75.91695427894592,30.818599349094868],[75.91703474521637,30.818378216294114]]]},"properties":{"id":"T082.f23","tileId":"T082","modelObjectId":"f23","label":"unburned-looking field","tags":["olive-cover","tree-adjacency","narrow-lines"],"note":"Uniform cover and thin cultivation lines are visible. Trees obscure a small portion of the lower-left margin.","visibility":"partial","center":[75.91746658086777,30.81850951395597],"polygon":[[10,496],[168,450],[201,533],[47,581],[38,555],[25,544]],"holes":[],"bbox":[10,450,201,581],"obb":[[201,533],[37.42382782475022,583.9847809377402],[10,496],[173.57617217524978,445.0152190622598]],"obbLonLat":[[75.91783176991316,30.818834232024837],[75.91695427894592,30.818599349094868],[75.91710139182237,30.81819400868466],[75.91797888278961,30.81842889260592],[75.91783176991316,30.818834232024837]],"angle":162.6883538911534,"polygonAreaPixels":14880,"tileOrigin":[47706368,27510016],"tileWidth":1024,"tileHeight":1024,"zoom":18,"sourceRunId":"21d0bd85-63d2-4c90-865c-47e4f7d221b8","sourceDates":[20201109],"imageryRelease":"2021-12-21","isField":true,"edgeFragment":true}},{"type":"Feature","id":"T082.f24","geometry":{"type":"Polygon","coordinates":[[[75.91801106929779,30.818488782758134],[75.91807544231415,30.818373609355355],[75.9189122915268,30.818608562950516],[75.91877281665802,30.818912619691044],[75.91871917247772,30.819018578632026],[75.91787695884705,30.81880205371495],[75.91801106929779,30.818488782758134]]]},"properties":{"id":"T082.f24","tileId":"T082","modelObjectId":"f24","label":"partially burned-looking field","tags":["char-like-bands","pale-residue","heterogeneous-cover"],"note":"Broad dark gray-black bands and irregular dark patches surround repeated pale straw-like rows, consistent with partially burned residue. Dark soil or strongly contrasting residue rows remain plausible alternatives.","visibility":"clear","center":[75.91839462518692,30.818696094535092],"polygon":[[182,452],[339,405],[349,428],[375,494],[219,545],[207,520]],"holes":[],"bbox":[182,405,375,545],"obb":[[375.00000000000006,494],[213.0407617774808,546.9482124958236],[182.00000000000003,452.00000000000006],[343.9592382225193,399.05178750417645]],"obbLonLat":[[75.91874577590465,30.81904598149548],[75.91787695884705,30.81880205371495],[75.91804347446919,30.81836463405905],[75.9189122915268,30.818608562950516],[75.91874577590465,30.81904598149548]],"angle":161.8962369654934,"polygonAreaPixels":16156.5,"tileOrigin":[47706368,27510016],"tileWidth":1024,"tileHeight":1024,"zoom":18,"sourceRunId":"21d0bd85-63d2-4c90-865c-47e4f7d221b8","sourceDates":[20201109],"imageryRelease":"2021-12-21","isField":true,"edgeFragment":false}},{"type":"Feature","id":"T082.f25","geometry":{"type":"Polygon","coordinates":[[[75.918949842453,30.818613169878006],[75.91935753822327,30.818728342993516],[75.91920733451843,30.81912453745611],[75.91877818107605,30.819018578632026],[75.918949842453,30.818613169878006]]]},"properties":{"id":"T082.f25","tileId":"T082","modelObjectId":"f25","label":"unburned-looking field","tags":["pale-residue","regular-rows","bounded-parcel"],"note":"Tan residue and regular row marks dominate without distinct blackened patches.","visibility":"clear","center":[75.91906785964966,30.8188688540074],"polygon":[[350,405],[430,382],[458,468],[382,493]],"holes":[],"bbox":[350,382,458,493],"obb":[[458.2612091860647,467.9140759256366],[379.2454304014998,493.9061084205593],[350,405.00000000000006],[429.015778784565,379.0079675050774]],"obbLonLat":[[75.9192020547444,30.81913832145815],[75.91877818107605,30.819018578632026],[75.91893506579018,30.818608995502224],[75.9193589394585,30.81872873883901],[75.9192020547444,30.81913832145815]],"angle":161.79151552941917,"polygonAreaPixels":7506,"tileOrigin":[47706368,27510016],"tileWidth":1024,"tileHeight":1024,"zoom":18,"sourceRunId":"21d0bd85-63d2-4c90-865c-47e4f7d221b8","sourceDates":[20201109],"imageryRelease":"2021-12-21","isField":true,"edgeFragment":false}},{"type":"Feature","id":"T082.f26","geometry":{"type":"Polygon","coordinates":[[[75.91938972473145,30.818732949915262],[75.91984570026398,30.818848122887132],[75.91969549655914,30.819258137545937],[75.91923952102661,30.819133751261376],[75.91938972473145,30.818732949915262]]]},"properties":{"id":"T082.f26","tileId":"T082","modelObjectId":"f26","label":"unburned-looking field","tags":["tan-residue","pale-streaks","track-bounded"],"note":"Pale tan streaks cover most of the parcel without coherent char-like areas.","visibility":"clear","center":[75.9195426106453,30.81899554408959],"polygon":[[436,380],[521,353],[549,442],[464,467]],"holes":[],"bbox":[436,353,549,467],"obb":[[436,380],[521,353],[549.245788282625,441.92192607493087],[464.2457882826251,468.92192607493087]],"obbLonLat":[[75.91939104324254,30.818724095752046],[75.91984701877507,30.818848482567162],[75.91969549655914,30.819258137545937],[75.91923952102661,30.819133751261376],[75.91939104324254,30.818724095752046]],"angle":-17.622297228668273,"polygonAreaPixels":8208,"tileOrigin":[47706368,27510016],"tileWidth":1024,"tileHeight":1024,"zoom":18,"sourceRunId":"21d0bd85-63d2-4c90-865c-47e4f7d221b8","sourceDates":[20201109],"imageryRelease":"2021-12-21","isField":true,"edgeFragment":false}},{"type":"Feature","id":"T082.f27","geometry":{"type":"Polygon","coordinates":[[[75.91989398002625,30.818788232958994],[75.91996908187866,30.818645418364266],[75.92025876045227,30.818728342993516],[75.91999590396881,30.819327240967755],[75.91974377632141,30.819267351338382],[75.91989398002625,30.818788232958994]]]},"properties":{"id":"T082.f27","tileId":"T082","modelObjectId":"f27","label":"unburned-looking field","tags":["muted-cover","narrow-parcel","tree-shadow"],"note":"Olive-brown cover is visible; a tree obscures part of the lower margin.","visibility":"partial","center":[75.92000126838684,30.818986330271066],"polygon":[[530,351],[577,338],[626,468],[572,486],[558,455]],"holes":[],"bbox":[530,338,626,486],"obb":[[575.443759390705,333.87119838350344],[625.9999999999999,468],[570.7494948448267,488.8251904046422],[520.1932542355318,354.69638878814567]],"obbLonLat":[[75.9196911688376,30.819250322458142],[75.91996237364626,30.818632402920713],[75.92025876045227,30.818728342993516],[75.91998755564362,30.81934626191368],[75.9196911688376,30.819250322458142]],"angle":69.34741606888643,"polygonAreaPixels":7690.5,"tileOrigin":[47706368,27510016],"tileWidth":1024,"tileHeight":1024,"zoom":18,"sourceRunId":"21d0bd85-63d2-4c90-865c-47e4f7d221b8","sourceDates":[20201109],"imageryRelease":"2021-12-21","isField":true,"edgeFragment":true}},{"type":"Feature","id":"T082.f28","geometry":{"type":"Polygon","coordinates":[[[75.92029631137848,30.81874677067918],[75.92048406600952,30.818815874468932],[75.92034995555878,30.819152178869253],[75.92021048069,30.8193825236694],[75.92002272605896,30.81934106164615],[75.92029631137848,30.81874677067918]]]},"properties":{"id":"T082.f28","tileId":"T082","modelObjectId":"f28","label":"unburned-looking field","tags":["green-cover","narrow-parcel","settlement-adjacency"],"note":"Green cover shows no visible char or ash pattern.","visibility":"clear","center":[75.92025339603424,30.819064647700344],"polygon":[[582,335],[617,326],[643,376],[668,449],[633,464]],"holes":[],"bbox":[582,326,668,464],"obb":[[633,464],[581.9999999999999,335.00000000000006],[620.7362020579982,319.6856875584659],[671.7362020579982,448.6856875584658]],"obbLonLat":[[75.92050410855921,30.818817322480466],[75.9202305232397,30.819411613010864],[75.92002272605896,30.81934106164615],[75.92029631137848,30.81874677067918],[75.92050410855921,30.818817322480466]],"angle":-111.5713071912546,"polygonAreaPixels":5346,"tileOrigin":[47706368,27510016],"tileWidth":1024,"tileHeight":1024,"zoom":18,"sourceRunId":"21d0bd85-63d2-4c90-865c-47e4f7d221b8","sourceDates":[20201109],"imageryRelease":"2021-12-21","isField":true,"edgeFragment":false}},{"type":"Feature","id":"T082.f29","geometry":{"type":"Polygon","coordinates":[[[75.91829538345337,30.81789909347921],[75.91842412948608,30.817576605623415],[75.91875672340393,30.817687173010235],[75.91850459575653,30.818451927284272],[75.91808617115021,30.818341360777826],[75.91829538345337,30.81789909347921]]]},"properties":{"id":"T082.f29","tileId":"T082","modelObjectId":"f29","label":"unburned-looking field","tags":["pale-residue","curved-rows","tan-cover"],"note":"Pale residue and curved machinery-like row marks dominate without visible burn evidence.","visibility":"clear","center":[75.91842144727707,30.818014267451005],"polygon":[[221,552],[299,528],[346,694],[284,718],[260,648]],"holes":[],"bbox":[221,528,346,718],"obb":[[221,552.0000000000001],[299,528],[351.1081081081081,697.3513513513515],[273.1081081081081,721.3513513513515]],"obbLonLat":[[75.91836570082486,30.81756116602324],[75.91878412543119,30.817671733427837],[75.91850459575653,30.818451927284272],[75.91808617115021,30.818341360777826],[75.91836570082486,30.81756116602324]],"angle":-17.10272896905237,"polygonAreaPixels":12727,"tileOrigin":[47706368,27510016],"tileWidth":1024,"tileHeight":1024,"zoom":18,"sourceRunId":"21d0bd85-63d2-4c90-865c-47e4f7d221b8","sourceDates":[20201109],"imageryRelease":"2021-12-21","isField":true,"edgeFragment":false}},{"type":"Feature","id":"T082.f30","geometry":{"type":"Polygon","coordinates":[[[75.91878890991211,30.817700993924642],[75.91920733451843,30.817843809923687],[75.918949842453,30.818571707522615],[75.91853678226471,30.818461141154067],[75.91878890991211,30.817700993924642]]]},"properties":{"id":"T082.f30","tileId":"T082","modelObjectId":"f30","label":"unburned-looking field","tags":["tan-cover","residue-rows","tonal-variation"],"note":"Tan rows vary in brightness but do not show distinctive char-like patches.","visibility":"clear","center":[75.91887205839157,30.818136351710322],"polygon":[[305,526],[382,502],[430,660],[352,691]],"holes":[],"bbox":[305,502,430,691],"obb":[[382,501.99999999999994],[432.0313921079654,666.6866656887194],[352.00000000000006,691],[301.9686078920346,526.3133343112805]],"obbLonLat":[[75.91852052061026,30.818459697643338],[75.91878890991211,30.817700993924642],[75.91921823175485,30.81781300468873],[75.918949842453,30.818571707522615],[75.91852052061026,30.818459697643338]],"angle":73.10135130596177,"polygonAreaPixels":13822.5,"tileOrigin":[47706368,27510016],"tileWidth":1024,"tileHeight":1024,"zoom":18,"sourceRunId":"21d0bd85-63d2-4c90-865c-47e4f7d221b8","sourceDates":[20201109],"imageryRelease":"2021-12-21","isField":true,"edgeFragment":false}},{"type":"Feature","id":"T082.f31","geometry":{"type":"Polygon","coordinates":[[[75.91923952102661,30.817876058668272],[75.91962575912476,30.818101799577207],[75.91938436031342,30.818686880687842],[75.91898202896118,30.818580921380924],[75.91923952102661,30.817876058668272]]]},"properties":{"id":"T082.f31","tileId":"T082","modelObjectId":"f31","label":"unburned-looking field","tags":["pale-residue","linear-rows","bounded-parcel"],"note":"Pale residue rows remain visible across the parcel without apparent burn evidence.","visibility":"clear","center":[75.91930389404297,30.818281470533687],"polygon":[[388,500],[463,477],[508,604],[436,653]],"holes":[],"bbox":[388,477,508,653],"obb":[[436,653.0000000000001],[387.9999999999999,500.00000000000006],[467.5435771788589,475.0451522576129],[515.543577178859,628.0451522576129]],"obbLonLat":[[75.91966622602618,30.817991024653175],[75.91940873396075,30.818695886522097],[75.91898202896118,30.818580921380924],[75.91923952102661,30.817876058668272],[75.91966622602618,30.817991024653175]],"angle":-107.41797079220285,"polygonAreaPixels":11964,"tileOrigin":[47706368,27510016],"tileWidth":1024,"tileHeight":1024,"zoom":18,"sourceRunId":"21d0bd85-63d2-4c90-865c-47e4f7d221b8","sourceDates":[20201109],"imageryRelease":"2021-12-21","isField":true,"edgeFragment":false}},{"type":"Feature","id":"T082.f32","geometry":{"type":"Polygon","coordinates":[[[75.91965794563293,30.818115620431946],[75.92007100582123,30.818318326072962],[75.91985642910004,30.81881126755116],[75.9194165468216,30.818696094535092],[75.91965794563293,30.818115620431946]]]},"properties":{"id":"T082.f32","tileId":"T082","modelObjectId":"f32","label":"unburned-looking field","tags":["tan-residue","curved-streaks","heterogeneous-cover"],"note":"Light and muted tan streaks follow cultivation patterns without a coherent ash or char signature.","visibility":"clear","center":[75.91974377632141,30.818463444621372],"polygon":[[469,475],[551,450],[591,557],[514,601]],"holes":[],"bbox":[469,450,591,601],"obb":[[514,601],[469,475.00000000000006],[551.2262443438915,445.633484162896],[596.2262443438915,571.6334841628959]],"obbLonLat":[[75.92009904158061,30.81825091044345],[75.91985764276927,30.818831383728945],[75.9194165468216,30.818696094535092],[75.91965794563293,30.818115620431946],[75.92009904158061,30.81825091044345]],"angle":-109.65382405805333,"polygonAreaPixels":10728,"tileOrigin":[47706368,27510016],"tileWidth":1024,"tileHeight":1024,"zoom":18,"sourceRunId":"21d0bd85-63d2-4c90-865c-47e4f7d221b8","sourceDates":[20201109],"imageryRelease":"2021-12-21","isField":true,"edgeFragment":false}},{"type":"Feature","id":"T082.f33","geometry":{"type":"Polygon","coordinates":[[[75.92011392116547,30.818341360777826],[75.92023730278015,30.818170903831017],[75.9204089641571,30.818258435814464],[75.92021048069,30.818677666839708],[75.91998517513275,30.818613169878006],[75.92011392116547,30.818341360777826]]]},"properties":{"id":"T082.f33","tileId":"T082","modelObjectId":"f33","label":"unburned-looking field","tags":["green-cover","narrow-parcel","track-bounded"],"note":"Green cover is visible along the settlement edge without apparent burn evidence.","visibility":"clear","center":[75.92019706964493,30.81842428566959],"polygon":[[575,493],[617,479],[654,570],[622,589],[599,552]],"holes":[],"bbox":[575,479,654,589],"obb":[[615.9264248704663,476.359585492228],[656.0896373056996,575.139378238342],[615.1632124352332,591.7797927461141],[575,493.0000000000001]],"obbLonLat":[[75.91998517513275,30.818613169878006],[75.92020062739365,30.818158097467883],[75.92042017384517,30.818234758981763],[75.92020472158421,30.81868983102866],[75.91998517513275,30.818613169878006]],"angle":67.87366519062671,"polygonAreaPixels":4387,"tileOrigin":[47706368,27510016],"tileWidth":1024,"tileHeight":1024,"zoom":18,"sourceRunId":"21d0bd85-63d2-4c90-865c-47e4f7d221b8","sourceDates":[20201109],"imageryRelease":"2021-12-21","isField":true,"edgeFragment":false}},{"type":"Feature","id":"T082.f34","geometry":{"type":"Polygon","coordinates":[[[75.92043578624725,30.81826764970282],[75.9206074476242,30.818438106477927],[75.92053234577179,30.818567100593132],[75.92054843902588,30.8186546322155],[75.92049479484558,30.818765198361312],[75.92024266719818,30.818686880687842],[75.92043578624725,30.81826764970282]]]},"properties":{"id":"T082.f34","tileId":"T082","modelObjectId":"f34","label":"unburned-looking field","tags":["mixed-cover","tan-green","irregular-margin"],"note":"Tan and green cover coexist, with buildings and trees interrupting the eastern boundary. No distinct char-like pattern is visible.","visibility":"partial","center":[75.9204250574112,30.81851642435425],"polygon":[[623,477],[670,460],[680,484],[677,503],[691,531],[659,568]],"holes":[],"bbox":[623,460,691,568],"obb":[[659,568],[623,477.00000000000006],[669.8920329957189,458.4493056280673],[705.8920329957189,549.4493056280673]],"obbLonLat":[[75.9206873347145,30.818353111674114],[75.92049421566543,30.8187723422861],[75.92024266719818,30.818686880687842],[75.92043578624725,30.81826764970282],[75.9206873347145,30.818353111674114]],"angle":-111.5839692417696,"polygonAreaPixels":3897,"tileOrigin":[47706368,27510016],"tileWidth":1024,"tileHeight":1024,"zoom":18,"sourceRunId":"21d0bd85-63d2-4c90-865c-47e4f7d221b8","sourceDates":[20201109],"imageryRelease":"2021-12-21","isField":true,"edgeFragment":true}},{"type":"Feature","id":"T082.f35","geometry":{"type":"Polygon","coordinates":[[[75.91690063476562,30.817724028777562],[75.91813445091248,30.818064943954845],[75.91800034046173,30.81839664404696],[75.91716349124908,30.818184724675813],[75.91719567775726,30.81808797872048],[75.91706693172455,30.81805112309281],[75.91700255870819,30.818074157861762],[75.91690063476562,30.81805112309281],[75.91690063476562,30.817724028777562]]]},"properties":{"id":"T082.f35","tileId":"T082","modelObjectId":"f35","label":"unburned-looking field","tags":["edge-truncated","olive-cover","tree-adjacency"],"note":"Muted cover extends across the visible parcel, excluding the tree cluster at its upper-left margin.","visibility":"partial","center":[75.91751754283905,30.818060337001057],"polygon":[[0,615],[19,610],[31,615],[55,607],[49,586],[205,540],[230,612],[0,686]],"holes":[],"bbox":[0,540,230,686],"obb":[[230,611.9999999999999],[0,685.9999999999999],[-24.559339454570363,609.6669179114705],[205.44066054542964,535.6669179114705]],"obbLonLat":[[75.9180027043491,30.818416606284405],[75.91676888820226,30.818075692355354],[75.91690063476562,30.817724028777562],[75.91813445091248,30.818064943954845],[75.9180027043491,30.818416606284405]],"angle":162.16498505733193,"polygonAreaPixels":16969.5,"tileOrigin":[47706368,27510016],"tileWidth":1024,"tileHeight":1024,"zoom":18,"sourceRunId":"21d0bd85-63d2-4c90-865c-47e4f7d221b8","sourceDates":[20201109],"imageryRelease":"2021-12-21","isField":true,"edgeFragment":true}},{"type":"Feature","id":"T082.f36","geometry":{"type":"Polygon","coordinates":[[[75.91690063476562,30.8173646844429],[75.91825783252716,30.81775167059377],[75.91815054416656,30.818037302228795],[75.91690063476562,30.8176963869534],[75.91690063476562,30.8173646844429]]]},"properties":{"id":"T082.f36","tileId":"T082","modelObjectId":"f36","label":"unburned-looking field","tags":["edge-truncated","uniform-cover","parallel-lines"],"note":"Olive surface contains thin parallel lines without visible burn evidence.","visibility":"partial","center":[75.91757923364639,30.817700993924642],"polygon":[[0,692],[233,618],[253,680],[0,764]],"holes":[],"bbox":[0,618,253,764],"obb":[[253.52689791036374,679.8250615633574],[2.842170943040401e-14,764],[-21.53161190459437,699.1488355730669],[231.99528600576934,614.9738971364243]],"obbLonLat":[[75.91814515446069,30.818051243347515],[75.91678513019852,30.817663452467027],[75.91690063476562,30.8173646844429],[75.9182606590278,30.817752476529666],[75.91814515446069,30.818051243347515]],"angle":161.63301766893832,"polygonAreaPixels":17071,"tileOrigin":[47706368,27510016],"tileWidth":1024,"tileHeight":1024,"zoom":18,"sourceRunId":"21d0bd85-63d2-4c90-865c-47e4f7d221b8","sourceDates":[20201109],"imageryRelease":"2021-12-21","isField":true,"edgeFragment":true}},{"type":"Feature","id":"T082.f37","geometry":{"type":"Polygon","coordinates":[[[75.91690063476562,30.816959268707745],[75.91841876506805,30.817373898416992],[75.91827392578125,30.817724028777562],[75.91690063476562,30.817341649503803],[75.91690063476562,30.816959268707745]]]},"properties":{"id":"T082.f37","tileId":"T082","modelObjectId":"f37","label":"unburned-looking field","tags":["edge-truncated","muted-cover","faint-divisions"],"note":"Uniform muted cover lacks visible char-like areas. Several faint internal lines may represent smaller divisions.","visibility":"partial","center":[75.91765969991684,30.817341649503803],"polygon":[[0,769],[256,686],[283,762],[0,852]],"holes":[],"bbox":[0,686,283,852],"obb":[[283,762.0000000000001],[2.842170943040401e-14,852.0000000000001],[-24.429577384934646,775.1825511118167],[258.57042261506535,685.1825511118167]],"obbLonLat":[[75.91828771460266,30.817727794740012],[75.91676958430023,30.81731316655849],[75.91690063476562,30.816959268707745],[75.91841876506805,30.817373898416992],[75.91828771460266,30.817727794740012]],"angle":162.35823280736082,"polygonAreaPixels":22593,"tileOrigin":[47706368,27510016],"tileWidth":1024,"tileHeight":1024,"zoom":18,"sourceRunId":"21d0bd85-63d2-4c90-865c-47e4f7d221b8","sourceDates":[20201109],"imageryRelease":"2021-12-21","isField":true,"edgeFragment":true}},{"type":"Feature","id":"T082.f38","geometry":{"type":"Polygon","coordinates":[[[75.91868698596954,30.817065229803703],[75.9188050031662,30.816927019655342],[75.91903567314148,30.81711129980896],[75.91877281665802,30.817654924202234],[75.91844022274017,30.81754435677828],[75.91868698596954,30.817065229803703]]]},"properties":{"id":"T082.f38","tileId":"T082","modelObjectId":"f38","label":"unburned-looking field","tags":["pale-residue","curved-rows","tapered-parcel"],"note":"Pale residue and curved row marks cover the tapered parcel without visible burn evidence.","visibility":"clear","center":[75.91873794794083,30.81729097261834],"polygon":[[287,725],[349,701],[398,819],[355,859],[333,829]],"holes":[],"bbox":[287,701,398,859],"obb":[[348.38168453292496,699.5109954058192],[405.8430015313936,837.8872281776416],[344.46131699846865,863.3762327718223],[287,724.9999999999999]],"obbLonLat":[[75.91844022274017,30.81754435677828],[75.91874846926507,30.816906858312688],[75.9190777462803,30.817024286320272],[75.9187694997554,30.81766178400646],[75.91844022274017,30.81754435677828]],"angle":67.44912451833304,"polygonAreaPixels":8941,"tileOrigin":[47706368,27510016],"tileWidth":1024,"tileHeight":1024,"zoom":18,"sourceRunId":"21d0bd85-63d2-4c90-865c-47e4f7d221b8","sourceDates":[20201109],"imageryRelease":"2021-12-21","isField":true,"edgeFragment":false}},{"type":"Feature","id":"T082.f39","geometry":{"type":"Polygon","coordinates":[[[75.9190571308136,30.817125120806228],[75.91919124126434,30.817304793589752],[75.91932535171509,30.817410754304525],[75.9194540977478,30.817498286980737],[75.91922342777252,30.81781616813399],[75.9188050031662,30.817668745121274],[75.9190571308136,30.817125120806228]]]},"properties":{"id":"T082.f39","tileId":"T082","modelObjectId":"f39","label":"unburned-looking field","tags":["tan-residue","regular-streaks","building-adjacency"],"note":"Tan residue streaks extend toward an irregular boundary beside buildings.","visibility":"clear","center":[75.919129550457,30.817470645091607],"polygon":[[355,698],[433,666],[476,735],[452,754],[427,777],[402,816]],"holes":[],"bbox":[355,666,476,816],"obb":[[353.79290939786154,698.4952166572875],[445.57568936409683,660.8407428249859],[493.7827799662353,778.3455261676985],[402,816.0000000000001]],"obbLonLat":[[75.9190571308136,30.817125120806228],[75.91954949201329,30.81729859476377],[75.91929088902725,30.817839936651428],[75.91879852782762,30.817666463671642],[75.9190571308136,30.817125120806228]],"angle":-22.306205054907643,"polygonAreaPixels":9179.5,"tileOrigin":[47706368,27510016],"tileWidth":1024,"tileHeight":1024,"zoom":18,"sourceRunId":"21d0bd85-63d2-4c90-865c-47e4f7d221b8","sourceDates":[20201109],"imageryRelease":"2021-12-21","isField":true,"edgeFragment":false}},{"type":"Feature","id":"T082.f40","geometry":{"type":"Polygon","coordinates":[[[75.91948628425598,30.817507500942018],[75.9195613861084,30.817433789227056],[75.91992616653442,30.81765031722877],[75.91963648796082,30.818069550908415],[75.9192556142807,30.817834595994672],[75.91948628425598,30.817507500942018]]]},"properties":{"id":"T082.f40","tileId":"T082","modelObjectId":"f40","label":"unburned-looking field","tags":["pale-cover","curved-rows","track-bounded"],"note":"Light residue and curved cultivation marks are visible without distinctive ash or char.","visibility":"clear","center":[75.91959089040756,30.81775167059377],"polygon":[[439,662],[510,611],[564,702],[496,749],[482,733]],"holes":[],"bbox":[439,611,564,749],"obb":[[492.84673439767795,750.9097242380262],[435.4551523947751,656.1468795355589],[510,611.0000000000001],[567.3915820029029,705.7628447024674]],"obbLonLat":[[75.91994436039809,30.817632981901113],[75.91963648796082,30.818069550908415],[75.9192365982363,30.817861561110423],[75.91954447067354,30.817424991157722],[75.91994436039809,30.817632981901113]],"angle":-121.20051460398065,"polygonAreaPixels":9058,"tileOrigin":[47706368,27510016],"tileWidth":1024,"tileHeight":1024,"zoom":18,"sourceRunId":"21d0bd85-63d2-4c90-865c-47e4f7d221b8","sourceDates":[20201109],"imageryRelease":"2021-12-21","isField":true,"edgeFragment":false}},{"type":"Feature","id":"T082.f41","geometry":{"type":"Polygon","coordinates":[[[75.91995298862457,30.817668745121274],[75.92033922672272,30.817894486517464],[75.92009246349335,30.818276863590288],[75.91967940330505,30.8180833717678],[75.91995298862457,30.817668745121274]]]},"properties":{"id":"T082.f41","tileId":"T082","modelObjectId":"f41","label":"unburned-looking field","tags":["tan-cover","residue-streaks","tonal-variation"],"note":"Muted tan streaks dominate; darker lines follow the cultivation pattern.","visibility":"clear","center":[75.92000931501389,30.817972804837066],"polygon":[[518,608],[595,566],[641,649],[569,698]],"holes":[],"bbox":[518,566,641,698],"obb":[[569,697.9999999999999],[518,607.9999999999999],[594.2994112699747,564.7636669470143],[645.2994112699747,654.7636669470143]],"obbLonLat":[[75.92036229056203,30.817867933520024],[75.9200887052425,30.81828255930666],[75.91967940330505,30.8180833717678],[75.91995298862457,30.817668745121274],[75.92036229056203,30.817867933520024]],"angle":-119.5387822595581,"polygonAreaPixels":8651,"tileOrigin":[47706368,27510016],"tileWidth":1024,"tileHeight":1024,"zoom":18,"sourceRunId":"21d0bd85-63d2-4c90-865c-47e4f7d221b8","sourceDates":[20201109],"imageryRelease":"2021-12-21","isField":true,"edgeFragment":false}},{"type":"Feature","id":"T082.f42","geometry":{"type":"Polygon","coordinates":[[[75.91978669166565,30.817185011771418],[75.91988325119019,30.81720343975319],[75.92028021812439,30.817466038109316],[75.92051088809967,30.817659531175465],[75.9203553199768,30.817857630815542],[75.91959357261658,30.817401540333965],[75.91978669166565,30.817185011771418]]]},"properties":{"id":"T082.f42","tileId":"T082","modelObjectId":"f42","label":"unburned-looking field","tags":["pale-residue","irregular-margin","tree-adjacency"],"note":"Pale rows remain visible along a tree-bordered field edge without apparent burn evidence.","visibility":"partial","center":[75.92005223035812,30.81752132188227],"polygon":[[502,756],[644,657],[673,700],[630,742],[556,799],[538,803]],"holes":[],"bbox":[502,657,673,803],"obb":[[502,756],[644,657],[681.8357416986483,711.2694476889706],[539.8357416986483,810.2694476889704]],"obbLonLat":[[75.91979653935152,30.817151521449986],[75.92055828671175,30.817607613118803],[75.9203553199768,30.817857630815542],[75.91959357261658,30.817401540333965],[75.91979653935152,30.817151521449986]],"angle":-34.88355694996182,"polygonAreaPixels":10500.5,"tileOrigin":[47706368,27510016],"tileWidth":1024,"tileHeight":1024,"zoom":18,"sourceRunId":"21d0bd85-63d2-4c90-865c-47e4f7d221b8","sourceDates":[20201109],"imageryRelease":"2021-12-21","isField":true,"edgeFragment":true}},{"type":"Feature","id":"T082.f43","geometry":{"type":"Polygon","coordinates":[[[75.92037677764893,30.8179912326677],[75.9204626083374,30.8178898795555],[75.92070400714874,30.818009660494795],[75.92050552368164,30.8182400080351],[75.9202641248703,30.81813404823517],[75.92037677764893,30.8179912326677]]]},"properties":{"id":"T082.f43","tileId":"T082","modelObjectId":"f43","label":"unburned-looking field","tags":["green-cover","small-parcel","irregular-boundary"],"note":"Green cover occupies this small parcel without visible char-like patches.","visibility":"clear","center":[75.92048406600952,30.818064943954845],"polygon":[[627,597],[672,574],[709,624],[664,650],[648,628]],"holes":[],"bbox":[627,574,709,650],"obb":[[665.330242510699,653.5827389443651],[627,596.9999999999999],[670.669757489301,567.4172610556346],[709,623.9999999999999]],"obbLonLat":[[75.92070400714874,30.818009660494795],[75.92049838770475,30.818270334348433],[75.9202641248703,30.81813404823517],[75.92046974431429,30.81787337401164],[75.92070400714874,30.818009660494795]],"angle":-124.11447294534126,"polygonAreaPixels":3241,"tileOrigin":[47706368,27510016],"tileWidth":1024,"tileHeight":1024,"zoom":18,"sourceRunId":"21d0bd85-63d2-4c90-865c-47e4f7d221b8","sourceDates":[20201109],"imageryRelease":"2021-12-21","isField":true,"edgeFragment":false}},{"type":"Feature","id":"T082.f44","geometry":{"type":"Polygon","coordinates":[[[75.92054843902588,30.8176411032812],[75.9206610918045,30.8176963869534],[75.92078447341919,30.817843809923687],[75.92070400714874,30.817968197878862],[75.92046797275543,30.81786223777906],[75.92054843902588,30.8176411032812]]]},"properties":{"id":"T082.f44","tileId":"T082","modelObjectId":"f44","label":"unburned-looking field","tags":["muted-cover","tree-adjacency","small-parcel"],"note":"Muted olive-brown cover is visible between neighboring vegetation and developed ground.","visibility":"partial","center":[75.92062622308731,30.81780465071928],"polygon":[[665,656],[709,633],[724,660],[701,692],[680,704]],"holes":[],"bbox":[665,633,724,704],"obb":[[657.0746450304259,660.142799188641],[709.6961460446247,632.6361054766735],[732.6215010141988,676.4933062880325],[680,704]],"obbLonLat":[[75.92054843902588,30.8176411032812],[75.92083072275466,30.817767825820617],[75.92070774156713,30.817969874325744],[75.92042545783832,30.81784315205293],[75.92054843902588,30.8176411032812]],"angle":-27.597295868643723,"polygonAreaPixels":2350.5,"tileOrigin":[47706368,27510016],"tileWidth":1024,"tileHeight":1024,"zoom":18,"sourceRunId":"21d0bd85-63d2-4c90-865c-47e4f7d221b8","sourceDates":[20201109],"imageryRelease":"2021-12-21","isField":true,"edgeFragment":true}},{"type":"Feature","id":"T082.f45","geometry":{"type":"Polygon","coordinates":[[[75.91735124588013,30.816825665420136],[75.91854751110077,30.817194225762737],[75.91843485832214,30.817337042515323],[75.9172922372818,30.81690859162053],[75.91735124588013,30.816825665420136]]]},"properties":{"id":"T082.f45","tileId":"T082","modelObjectId":"f45","label":"unburned-looking field","tags":["green-cover","narrow-strip","cover-transition"],"note":"A narrow green strip is distinguished from the muted field above and the track below.","visibility":"clear","center":[75.91791987419128,30.817081354308055],"polygon":[[73,863],[286,770],[307,801],[84,881]],"holes":[],"bbox":[73,770,307,881],"obb":[[307,800.9999999999999],[79.97536033066686,882.4438169217339],[67.72785903899947,848.303907071211],[294.7524987083326,766.8600901494771]],"obbLonLat":[[75.91848181038401,30.81735150804311],[75.91726395531379,30.816976296631175],[75.91732965603055,30.816819013736406],[75.91854751110077,30.817194225762737],[75.91848181038401,30.81735150804311]],"angle":160.26483616196114,"polygonAreaPixels":6725,"tileOrigin":[47706368,27510016],"tileWidth":1024,"tileHeight":1024,"zoom":18,"sourceRunId":"21d0bd85-63d2-4c90-865c-47e4f7d221b8","sourceDates":[20201109],"imageryRelease":"2021-12-21","isField":true,"edgeFragment":false}},{"type":"Feature","id":"T082.f46","geometry":{"type":"Polygon","coordinates":[[[75.91741025447845,30.816659812804577],[75.91749608516693,30.816673633866817],[75.91757118701935,30.816622956628894],[75.91766238212585,30.816549244235098],[75.91786623001099,30.816636777696427],[75.91829001903534,30.816839486458505],[75.91839730739594,30.816903984611276],[75.91868162155151,30.81699612475438],[75.91858506202698,30.81715736979213],[75.91733515262604,30.81676577423089],[75.91741025447845,30.816659812804577]]]},"properties":{"id":"T082.f46","tileId":"T082","modelObjectId":"f46","label":"unburned-looking field","tags":["green-cover","parallel-rows","building-adjacency"],"note":"Dense green rows are visible, with structures interrupting the lower boundary.","visibility":"partial","center":[75.91800838708878,30.816853307494892],"polygon":[[81,894],[314,809],[332,844],[279,864],[259,878],[180,922],[142,941],[125,925],[111,914],[95,917]],"holes":[],"bbox":[81,809,332,941],"obb":[[81.00000000000003,894],[318.6172741164613,807.3155866957115],[340.91398705985625,868.4348115876061],[103.29671294339497,955.1192248918945]],"obbLonLat":[[75.91745476151496,30.816484196571533],[75.91872943990444,30.816883553390582],[75.91860983101549,30.8171651298792],[75.91733515262604,30.81676577423089],[75.91745476151496,30.816484196571533]],"angle":-20.042316744893643,"polygonAreaPixels":11961.5,"tileOrigin":[47706368,27510016],"tileWidth":1024,"tileHeight":1024,"zoom":18,"sourceRunId":"21d0bd85-63d2-4c90-865c-47e4f7d221b8","sourceDates":[20201109],"imageryRelease":"2021-12-21","isField":true,"edgeFragment":true}},{"type":"Feature","id":"T082.f47","geometry":{"type":"Polygon","coordinates":[[[75.91690063476562,30.816516995045024],[75.9172385931015,30.816678240887114],[75.9171313047409,30.816862521518036],[75.91690063476562,30.81679341632287],[75.91690063476562,30.816516995045024]]]},"properties":{"id":"T082.f47","tileId":"T082","modelObjectId":"f47","label":"unburned-looking field","tags":["edge-truncated","green-cover","track-bounded"],"note":"A small green field fragment is visible beside a diagonal track.","visibility":"partial","center":[75.91706961393356,30.816689758436898],"polygon":[[0,888],[43,873],[63,913],[0,948]],"holes":[],"bbox":[0,873,63,948],"obb":[[40.39999999999998,867.8000000000001],[64.40000000000003,915.8000000000001],[0,948],[-24.000000000000057,900]],"obbLonLat":[[75.91677188873291,30.816738132130947],[75.91690063476562,30.816516995045024],[75.91724610328674,30.816665341229704],[75.91711735725403,30.816886477974084],[75.91677188873291,30.816738132130947]],"angle":63.43494882292201,"polygonAreaPixels":2900,"tileOrigin":[47706368,27510016],"tileWidth":1024,"tileHeight":1024,"zoom":18,"sourceRunId":"21d0bd85-63d2-4c90-865c-47e4f7d221b8","sourceDates":[20201109],"imageryRelease":"2021-12-21","isField":true,"edgeFragment":true}},{"type":"Feature","id":"T082.f48","geometry":{"type":"Polygon","coordinates":[[[75.91781795024872,30.816166860284437],[75.91857433319092,30.816166860284437],[75.91842412948608,30.816447889601267],[75.91830611228943,30.81664599174035],[75.9176516532898,30.816415640377166],[75.91781795024872,30.816166860284437]]]},"properties":{"id":"T082.f48","tileId":"T082","modelObjectId":"f48","label":"unburned-looking field","tags":["edge-truncated","olive-cover","faint-rows"],"note":"Olive cover and faint rows are visible without a distinctive burn pattern.","visibility":"partial","center":[75.91811299324036,30.816406426311147],"polygon":[[140,970],[262,920],[284,963],[312,1024],[171,1024]],"holes":[],"bbox":[140,920,312,1024],"obb":[[139.99999999999997,969.9999999999999],[268.31615278416933,917.4114127933731],[311.99999999999994,1023.9999999999999],[183.68384721583058,1076.5885872066267]],"obbLonLat":[[75.91788599170744,30.81592458200583],[75.91857433319092,30.816166860284437],[75.91833999477328,30.816657917417142],[75.9176516532898,30.816415640377166],[75.91788599170744,30.81592458200583]],"angle":-22.285587646832763,"polygonAreaPixels":11470,"tileOrigin":[47706368,27510016],"tileWidth":1024,"tileHeight":1024,"zoom":18,"sourceRunId":"21d0bd85-63d2-4c90-865c-47e4f7d221b8","sourceDates":[20201109],"imageryRelease":"2021-12-21","isField":true,"edgeFragment":true}},{"type":"Feature","id":"T082.f49","geometry":{"type":"Polygon","coordinates":[[[75.91931462287903,30.81631428560235],[75.91948091983795,30.816166860284437],[75.91973841190338,30.816194502548775],[75.9203177690506,30.816595314487852],[75.91987788677216,30.816968482720725],[75.91913759708405,30.816558458287417],[75.91931462287903,30.81631428560235]]]},"properties":{"id":"T082.f49","tileId":"T082","modelObjectId":"f49","label":"unburned-looking field","tags":["edge-truncated","green-cover","uniform"],"note":"Broad green cover lacks visible char or ash patches.","visibility":"partial","center":[75.91972768306732,30.816567672338845],"polygon":[[417,939],[555,850],[637,931],[529,1018],[481,1024],[450,992]],"holes":[],"bbox":[417,850,637,1024],"obb":[[416.16580752827736,939.5379936955312],[576.0185796402744,836.4445392175041],[644.9015761171889,943.2518820693492],[485.04880400519187,1046.3453365473763]],"obbLonLat":[[75.91950263931517,30.816063914264493],[75.92036015640798,30.816538869754442],[75.91999063921975,30.81703093279326],[75.91913312212691,30.816555979736474],[75.91950263931517,30.816063914264493]],"angle":-32.81908392099446,"polygonAreaPixels":20901.5,"tileOrigin":[47706368,27510016],"tileWidth":1024,"tileHeight":1024,"zoom":18,"sourceRunId":"21d0bd85-63d2-4c90-865c-47e4f7d221b8","sourceDates":[20201109],"imageryRelease":"2021-12-21","isField":true,"edgeFragment":true}},{"type":"Feature","id":"T082.f50","geometry":{"type":"Polygon","coordinates":[[[75.9203714132309,30.816627563651632],[75.92104732990265,30.81716197678923],[75.92068791389465,30.81741536128948],[75.92053771018982,30.81744761017792],[75.9199208021164,30.81699612475438],[75.9203714132309,30.816627563651632]]]},"properties":{"id":"T082.f50","tileId":"T082","modelObjectId":"f50","label":"unburned-looking field","tags":["tan-residue","curved-patterns","greenish-patches"],"note":"Pale curved residue patterns and greenish areas coexist without distinctive burn evidence.","visibility":"clear","center":[75.92048406600952,30.81703758778994],"polygon":[[563,844],[678,746],[706,753],[773,808],[647,924]],"holes":[],"bbox":[563,746,773,924],"obb":[[773,808],[641.3984726578481,929.1569616800764],[563,844],[694.6015273421519,722.8430383199236]],"obbLonLat":[[75.92062676772241,30.817554293854172],[75.9199208021164,30.81699612475438],[75.92034136429663,30.81660380540956],[75.92104732990265,30.81716197678923],[75.92062676772241,30.817554293854172]],"angle":137.3662479914558,"polygonAreaPixels":18667.5,"tileOrigin":[47706368,27510016],"tileWidth":1024,"tileHeight":1024,"zoom":18,"sourceRunId":"21d0bd85-63d2-4c90-865c-47e4f7d221b8","sourceDates":[20201109],"imageryRelease":"2021-12-21","isField":true,"edgeFragment":false}},{"type":"Feature","id":"T082.f51","geometry":{"type":"Polygon","coordinates":[[[75.92077374458313,30.816166860284437],[75.92090249061584,30.816166860284437],[75.92164278030396,30.81665059876198],[75.92108488082886,30.81712972780488],[75.92039823532104,30.816595314487852],[75.92077374458313,30.816166860284437]]]},"properties":{"id":"T082.f51","tileId":"T082","modelObjectId":"f51","label":"unburned-looking field","tags":["edge-truncated","pale-residue","sweeping-rows"],"note":"Pale sweeping rows dominate the visible parcel without coherent blackened patches.","visibility":"partial","center":[75.9210205078125,30.816648295251188],"polygon":[[652,931],[780,815],[884,919],[746,1024],[722,1024]],"holes":[],"bbox":[652,815,884,1024],"obb":[[644.1587131367294,938.1061662198392],[785.3533512064344,810.148525469169],[884.0000000000001,919.0000000000002],[742.805361930295,1046.9576407506704]],"obbLonLat":[[75.9208853532418,30.816061093348573],[75.92164278030396,30.81665059876198],[75.92111359844259,30.81715207853835],[75.92035617138043,30.81656257620273],[75.9208853532418,30.816061093348573]],"angle":-42.18444331578877,"polygonAreaPixels":25156,"tileOrigin":[47706368,27510016],"tileWidth":1024,"tileHeight":1024,"zoom":18,"sourceRunId":"21d0bd85-63d2-4c90-865c-47e4f7d221b8","sourceDates":[20201109],"imageryRelease":"2021-12-21","isField":true,"edgeFragment":true}},{"type":"Feature","id":"T082.f52","geometry":{"type":"Polygon","coordinates":[[[75.92074155807495,30.816166860284437],[75.9203553199768,30.816549244235098],[75.91980814933777,30.816166860284437],[75.92074155807495,30.816166860284437]]]},"properties":{"id":"T082.f52","tileId":"T082","modelObjectId":"f52","label":"unburned-looking field","tags":["edge-truncated","muted-cover","residue-lines"],"note":"A triangular visible fragment contains muted cover and pale residue lines.","visibility":"partial","center":[75.92027485370636,30.81635805245005],"polygon":[[542,1024],[644,941],[716,1024]],"holes":[],"bbox":[542,941,716,1024],"obb":[[716,1023.9999999999999],[542,1023.9999999999999],[542,941],[716,941]],"obbLonLat":[[75.92074155807495,30.816549244235098],[75.91980814933777,30.816549244235098],[75.91980814933777,30.816166860284437],[75.92074155807495,30.816166860284437],[75.92074155807495,30.816549244235098]],"angle":180,"polygonAreaPixels":7221,"tileOrigin":[47706368,27510016],"tileWidth":1024,"tileHeight":1024,"zoom":18,"sourceRunId":"21d0bd85-63d2-4c90-865c-47e4f7d221b8","sourceDates":[20201109],"imageryRelease":"2021-12-21","isField":true,"edgeFragment":true}},{"type":"Feature","id":"T082.f53","geometry":{"type":"Polygon","coordinates":[[[75.92210948467255,30.816166860284437],[75.9216696023941,30.816599921511905],[75.920929312706,30.816166860284437],[75.92210948467255,30.816166860284437]]]},"properties":{"id":"T082.f53","tileId":"T082","modelObjectId":"f53","label":"unburned-looking field","tags":["edge-truncated","tan-cover","faint-rows"],"note":"Tan cover is visible within a field fragment bounded above by a dark vegetated divider.","visibility":"partial","center":[75.92151939868927,30.816383391142235],"polygon":[[751,1024],[889,930],[971,1024]],"holes":[],"bbox":[751,930,971,1024],"obb":[[971,1024],[751,1024.0000000000002],[751,930],[971,930]],"obbLonLat":[[75.92210948467255,30.816599921511905],[75.920929312706,30.816599921511905],[75.920929312706,30.816166860284437],[75.92210948467255,30.816166860284437],[75.92210948467255,30.816599921511905]],"angle":180,"polygonAreaPixels":10340,"tileOrigin":[47706368,27510016],"tileWidth":1024,"tileHeight":1024,"zoom":18,"sourceRunId":"21d0bd85-63d2-4c90-865c-47e4f7d221b8","sourceDates":[20201109],"imageryRelease":"2021-12-21","isField":true,"edgeFragment":true}},{"type":"Feature","id":"T082.f54","geometry":{"type":"Polygon","coordinates":[[[75.92168033123016,30.81665059876198],[75.92229723930359,30.816166860284437],[75.92239379882812,30.816166860284437],[75.92239379882812,30.816489352873482],[75.92190027236938,30.81692241264697],[75.92156231403351,30.817171190782766],[75.92133164405823,30.817378505403713],[75.92110633850098,30.81720343975319],[75.92168033123016,30.81665059876198]]]},"properties":{"id":"T082.f54","tileId":"T082","modelObjectId":"f54","label":"unburned-looking field","tags":["edge-truncated","pale-residue","elongated-parcel"],"note":"Long pale residue streaks follow the parcel orientation. No distinct char-like area is visible.","visibility":"partial","center":[75.92175006866455,30.816772684754632],"polygon":[[784,799],[826,761],[869,806],[932,860],[1024,954],[1024,1024],[1006,1024],[891,919]],"holes":[],"bbox":[784,761,1024,1024],"obb":[[829.0982658959538,754.8612716763006],[1058.9919075144508,989.7526011560694],[1008.5579190751445,1039.1135260115607],[778.6642774566474,804.222196531792]],"obbLonLat":[[75.92107771545477,30.817179381116865],[75.92231096105081,30.81609723156897],[75.9225815100477,30.81632463945287],[75.92134826445164,30.81740678643871],[75.92107771545477,30.817179381116865]],"angle":45.61605990839924,"polygonAreaPixels":19694,"tileOrigin":[47706368,27510016],"tileWidth":1024,"tileHeight":1024,"zoom":18,"sourceRunId":"21d0bd85-63d2-4c90-865c-47e4f7d221b8","sourceDates":[20201109],"imageryRelease":"2021-12-21","isField":true,"edgeFragment":true}},{"type":"Feature","id":"T082.f55","geometry":{"type":"Polygon","coordinates":[[[75.92225432395935,30.817793133303173],[75.92239379882812,30.817664138148483],[75.92239379882812,30.8183367538373],[75.92201292514801,30.81808797872048],[75.92225432395935,30.817793133303173]]]},"properties":{"id":"T082.f55","tileId":"T082","modelObjectId":"f55","label":"unburned-looking field","tags":["edge-truncated","green-cover","settlement-adjacency"],"note":"A green field fragment is visible along the right edge beside buildings.","visibility":"partial","center":[75.92220336198807,30.818000446581678],"polygon":[[953,607],[1024,553],[1024,699],[998,671]],"holes":[],"bbox":[953,553,1024,699],"obb":[[1024,553],[1024,699],[953,699],[953,553]],"obbLonLat":[[75.92201292514801,30.8183367538373],[75.92201292514801,30.817664138148483],[75.92239379882812,30.817664138148483],[75.92239379882812,30.8183367538373],[75.92201292514801,30.8183367538373]],"angle":90,"polygonAreaPixels":5385,"tileOrigin":[47706368,27510016],"tileWidth":1024,"tileHeight":1024,"zoom":18,"sourceRunId":"21d0bd85-63d2-4c90-865c-47e4f7d221b8","sourceDates":[20201109],"imageryRelease":"2021-12-21","isField":true,"edgeFragment":true}},{"type":"Feature","id":"T083.field_01","geometry":{"type":"Polygon","coordinates":[[[75.923091173172,30.820584914557397],[75.92334866523743,30.820718512615702],[75.92316091060638,30.820884358222617],[75.92289805412292,30.820884358222617],[75.923091173172,30.820584914557397]]]},"properties":{"id":"T083.field_01","tileId":"T083","modelObjectId":"field_01","label":"unburned-looking field","tags":["edge-truncated","green-cover","haze"],"note":"Green cover is visible without a distinct char-like patch.","visibility":"partial","center":[75.92312335968018,30.820734636506717],"polygon":[[94,0],[143,0],[178,36],[130,65]],"holes":[],"bbox":[94,0,178,65],"obb":[[178,35.999999999999986],[130,65],[91.60381558028615,1.4476947535771174],[139.60381558028615,-27.552305246422904]],"obbLonLat":[[75.92314269205343,30.82101128660653],[75.922885199988,30.82087768895552],[75.923091173172,30.820584914557397],[75.92334866523743,30.820718512615702],[75.92314269205343,30.82101128660653]],"angle":148.86102756302114,"polygonAreaPixels":2964,"tileOrigin":[47707392,27510016],"tileWidth":1024,"tileHeight":1024,"zoom":18,"sourceRunId":"89986fef-1baf-433b-9690-b4d5a159d1cd","sourceDates":[20201109],"imageryRelease":"2021-12-21","isField":true,"edgeFragment":true}},{"type":"Feature","id":"T083.field_02","geometry":{"type":"Polygon","coordinates":[[[75.92338621616364,30.820700085308363],[75.92312335968018,30.820538846218334],[75.92324137687683,30.820368393171666],[75.92357933521271,30.820575700891347],[75.92386901378632,30.820759974044282],[75.92401385307312,30.820884358222617],[75.92321455478668,30.820884358222617],[75.92338621616364,30.820700085308363]]]},"properties":{"id":"T083.field_02","tileId":"T083","modelObjectId":"field_02","label":"unburned-looking field","tags":["edge-truncated","pale-residue","linear-texture"],"note":"Muted tan cover has faint parallel surface lines without recognizable burn evidence.","visibility":"partial","center":[75.92356860637665,30.820626376043656],"polygon":[[153,0],[302,0],[275,27],[221,67],[158,112],[136,75],[185,40]],"holes":[],"bbox":[136,0,302,112],"obb":[[306.3243243243244,6.054054054054035],[158.00000000000003,112],[103.33783783783787,35.47297297297297],[251.6621621621622,-70.472972972973]],"obbLonLat":[[75.92374381986824,30.821209013865044],[75.92294814618859,30.820720940537687],[75.92324137687683,30.820368393171666],[75.9240370505565,30.820856468290735],[75.92374381986824,30.821209013865044]],"angle":144.46232220802563,"polygonAreaPixels":8420.5,"tileOrigin":[47707392,27510016],"tileWidth":1024,"tileHeight":1024,"zoom":18,"sourceRunId":"89986fef-1baf-433b-9690-b4d5a159d1cd","sourceDates":[20201109],"imageryRelease":"2021-12-21","isField":true,"edgeFragment":true}},{"type":"Feature","id":"T083.field_03","geometry":{"type":"Polygon","coordinates":[[[75.92369198799133,30.82004130674837],[75.92382609844208,30.819921528342853],[75.92397630214691,30.81987545968557],[75.9242445230484,30.820032093030157],[75.9243893623352,30.820142657590182],[75.92410504817963,30.82046974366831],[75.92356324195862,30.82020254667372],[75.92369198799133,30.82004130674837]]]},"properties":{"id":"T083.field_03","tileId":"T083","modelObjectId":"field_03","label":"unburned-looking field","tags":["residue-rows","tan-cover","irregular-margin"],"note":"Numerous pale curved rows remain visible across the parcel, without a coherent char or ash scar.","visibility":"clear","center":[75.92397630214691,30.820172602136626],"polygon":[[218,148],[319,90],[372,161],[345,185],[295,219],[267,209],[242,183]],"holes":[],"bbox":[218,90,372,219],"obb":[[374.6225382932166,164.8566739606127],[275.3610503282276,232.35448577680526],[218,148],[317.2614879649891,80.50218818380745]],"obbLonLat":[[75.92409572207433,30.820513498541832],[75.92356324195862,30.82020254667372],[75.92387095061122,30.81981393732827],[75.9244034307269,30.820124890454625],[75.92409572207433,30.820513498541832]],"angle":145.78429786756263,"polygonAreaPixels":10964.5,"tileOrigin":[47707392,27510016],"tileWidth":1024,"tileHeight":1024,"zoom":18,"sourceRunId":"89986fef-1baf-433b-9690-b4d5a159d1cd","sourceDates":[20201109],"imageryRelease":"2021-12-21","isField":true,"edgeFragment":false}},{"type":"Feature","id":"T083.field_04","geometry":{"type":"Polygon","coordinates":[[[75.92433571815491,30.820299290498994],[75.92441618442535,30.820230187776602],[75.92454493045807,30.820336145263948],[75.92462539672852,30.820396034226818],[75.92437326908112,30.820686264825532],[75.92412650585175,30.820538846218334],[75.92433571815491,30.820299290498994]]]},"properties":{"id":"T083.field_04","tileId":"T083","modelObjectId":"field_04","label":"unburned-looking field","tags":["parallel-rows","muted-cover","tree-occlusion"],"note":"Fine parallel cover lines are visible; trees obscure part of the southeastern margin.","visibility":"partial","center":[75.92437595129013,30.82045822657181],"polygon":[[323,75],[369,43],[416,106],[401,119],[377,142],[362,127]],"holes":[],"bbox":[323,43,416,142],"obb":[[367.88928455810947,41.51116866299776],[419.3093234056329,110.43590158627393],[374.4200388475235,143.9247329232762],[323,75.00000000000003]],"obbLonLat":[[75.92412650585175,30.820538846218334],[75.92440234443524,30.820221320820675],[75.92464314932266,30.820375598727523],[75.92436731073917,30.820693123615104],[75.92412650585175,30.820538846218334]],"angle":53.2758928270752,"polygonAreaPixels":4560.5,"tileOrigin":[47707392,27510016],"tileWidth":1024,"tileHeight":1024,"zoom":18,"sourceRunId":"89986fef-1baf-433b-9690-b4d5a159d1cd","sourceDates":[20201109],"imageryRelease":"2021-12-21","isField":true,"edgeFragment":true}},{"type":"Feature","id":"T083.field_05","geometry":{"type":"Polygon","coordinates":[[[75.9246575832367,30.820382213700245],[75.92475950717926,30.82041906843336],[75.92479705810547,30.82047895734452],[75.92453956604004,30.82077840134013],[75.9244054555893,30.820709298962473],[75.9246575832367,30.820382213700245]]]},"properties":{"id":"T083.field_05","tileId":"T083","modelObjectId":"field_05","label":"unburned-looking field","tags":["green-cover","narrow-parcel","crop-rows"],"note":"This narrow green parcel has orderly texture and no visible burn scar.","visibility":"clear","center":[75.92460125684738,30.82058030772449],"polygon":[[375,38],[400,23],[448,88],[441,101],[422,109]],"holes":[],"bbox":[375,23,448,109],"obb":[[424.10689655172416,112.18275862068967],[375,38.00000000000003],[402.74386206896554,19.634344827586204],[451.8507586206897,93.81710344827584]],"obbLonLat":[[75.92481771518445,30.820452158888237],[75.92455428526321,30.820793906318283],[75.9244054555893,30.820709298962473],[75.92466888551053,30.820367551231353],[75.92481771518445,30.820452158888237]],"angle":-123.5034369824142,"polygonAreaPixels":2684.5,"tileOrigin":[47707392,27510016],"tileWidth":1024,"tileHeight":1024,"zoom":18,"sourceRunId":"89986fef-1baf-433b-9690-b4d5a159d1cd","sourceDates":[20201109],"imageryRelease":"2021-12-21","isField":true,"edgeFragment":false}},{"type":"Feature","id":"T083.field_06","geometry":{"type":"Polygon","coordinates":[[[75.92481851577759,30.82048817101985],[75.92487752437592,30.82044670947392],[75.92502772808075,30.820566487224422],[75.92477560043335,30.820884358222617],[75.92470049858093,30.820884358222617],[75.92456638813019,30.82080143545496],[75.92481851577759,30.82048817101985]]]},"properties":{"id":"T083.field_06","tileId":"T083","modelObjectId":"field_06","label":"unburned-looking field","tags":["edge-truncated","green-cover","pale-strip"],"note":"Muted green cover borders a lighter longitudinal strip, without distinct char-like texture.","visibility":"partial","center":[75.92479705810547,30.82066553409758],"polygon":[[405,18],[430,0],[444,0],[491,69],[463,95],[452,86]],"holes":[],"bbox":[405,0,491,95],"obb":[[459.76569588760424,97.2354749012147],[404.6629591687399,17.512366456900338],[439.4740231230792,-6.5482218644812065],[494.5767598419435,73.17488657983316]],"obbLonLat":[[75.92504691531576,30.820547254214365],[75.9247513212014,30.820914524687097],[75.92456458010227,30.820803681896077],[75.9248601742166,30.820436410999452],[75.92504691531576,30.820547254214365]],"angle":-124.65131591200453,"polygonAreaPixels":3889,"tileOrigin":[47707392,27510016],"tileWidth":1024,"tileHeight":1024,"zoom":18,"sourceRunId":"89986fef-1baf-433b-9690-b4d5a159d1cd","sourceDates":[20201109],"imageryRelease":"2021-12-21","isField":true,"edgeFragment":true}},{"type":"Feature","id":"T083.field_07","geometry":{"type":"Polygon","coordinates":[[[75.92554807662964,30.820681657997497],[75.92562854290009,30.82058952139009],[75.92573583126068,30.820538846218334],[75.92581629753113,30.820409854751404],[75.92591285705566,30.820331538419094],[75.92599868774414,30.820437495794618],[75.92587530612946,30.820538846218334],[75.92576801776886,30.820681657997497],[75.92563390731812,30.820838290027208],[75.92543542385101,30.82075536721977],[75.92554807662964,30.820681657997497]]]},"properties":{"id":"T083.field_07","tileId":"T083","modelObjectId":"field_07","label":"unburned-looking field","tags":["green-cover","irregular-margin","tree-occlusion"],"note":"A green cultivated-looking strip is visible between built and wooded margins; its boundary is partly obscured.","visibility":"partial","center":[75.92571705579758,30.820584914557397],"polygon":[[567,28],[604,10],[629,44],[649,75],[672,97],[656,120],[638,103],[623,75],[603,64],[588,44]],"holes":[],"bbox":[567,10,672,120],"obb":[[654.9944684042753,120.9519032439527],[567,27.999999999999943],[595.4994374648415,1.0205325332833013],[683.4939058691168,93.97243577723606]],"obbLonLat":[[75.92606034586004,30.820451443297188],[75.92558830674719,30.82087965681442],[75.92543542385101,30.82075536721977],[75.92590746296386,30.82032715314835],[75.92606034586004,30.820451443297188]],"angle":-133.43064519525103,"polygonAreaPixels":3488,"tileOrigin":[47707392,27510016],"tileWidth":1024,"tileHeight":1024,"zoom":18,"sourceRunId":"89986fef-1baf-433b-9690-b4d5a159d1cd","sourceDates":[20201109],"imageryRelease":"2021-12-21","isField":true,"edgeFragment":true}},{"type":"Feature","id":"T083.field_08","geometry":{"type":"Polygon","coordinates":[[[75.92587530612946,30.820644803365134],[75.9260094165802,30.820465136829878],[75.9261167049408,30.820386820542655],[75.92662632465363,30.820713905789198],[75.92647075653076,30.820884358222617],[75.92574656009674,30.820884358222617],[75.92587530612946,30.820644803365134]]]},"properties":{"id":"T083.field_08","tileId":"T083","modelObjectId":"field_08","label":"unburned-looking field","tags":["edge-truncated","tan-cover","faint-rows"],"note":"Broad tan cover and faint working lines are visible without recognizable burn patches.","visibility":"partial","center":[75.92618644237518,30.820635589704832],"polygon":[[625,0],[760,0],[789,37],[694,108],[674,91],[649,52]],"holes":[],"bbox":[625,0,789,108],"obb":[[788.9999999999999,37.00000000000006],[689.3195649082895,111.49800938433106],[612.8025024882695,9.116024456135335],[712.48293757998,-65.38198492819566]],"obbLonLat":[[75.92621585514439,30.821185560683862],[75.92568112762117,30.820842362343903],[75.92609159713041,30.820370705763686],[75.92662632465363,30.820713905789198],[75.92621585514439,30.821185560683862]],"angle":143.22672246410818,"polygonAreaPixels":10752.5,"tileOrigin":[47707392,27510016],"tileWidth":1024,"tileHeight":1024,"zoom":18,"sourceRunId":"89986fef-1baf-433b-9690-b4d5a159d1cd","sourceDates":[20201109],"imageryRelease":"2021-12-21","isField":true,"edgeFragment":true}},{"type":"Feature","id":"T083.field_09","geometry":{"type":"Polygon","coordinates":[[[75.9266585111618,30.820709298962473],[75.92673361301422,30.820607948718642],[75.92705011367798,30.82080143545496],[75.92697501182556,30.820884358222617],[75.92652440071106,30.820884358222617],[75.9266585111618,30.820709298962473]]]},"properties":{"id":"T083.field_09","tileId":"T083","modelObjectId":"field_09","label":"unburned-looking field","tags":["edge-truncated","muted-cover","bund-boundary"],"note":"This upper fragment has muted pale cover bounded by visible linear divisions.","visibility":"partial","center":[75.92678725719452,30.820746153570074],"polygon":[[770,0],[854,0],[868,18],[809,60],[795,38]],"holes":[],"bbox":[770,0,868,60],"obb":[[867.9999999999999,18.000000000000057],[809,60],[767.5365109628217,1.7536701620591089],[826.5365109628217,-40.246329837940834]],"obbLonLat":[[75.9268276861898,30.821069765577942],[75.92651118552604,30.820876279382247],[75.92673361301422,30.820607948718642],[75.92705011367798,30.82080143545496],[75.9268276861898,30.821069765577942]],"angle":144.55428967240178,"polygonAreaPixels":3336,"tileOrigin":[47707392,27510016],"tileWidth":1024,"tileHeight":1024,"zoom":18,"sourceRunId":"89986fef-1baf-433b-9690-b4d5a159d1cd","sourceDates":[20201109],"imageryRelease":"2021-12-21","isField":true,"edgeFragment":true}},{"type":"Feature","id":"T083.field_10","geometry":{"type":"Polygon","coordinates":[[[75.92702329158783,30.82075536721977],[75.92677652835846,30.820584914557397],[75.92738807201385,30.820271649416004],[75.92762410640717,30.82046974366831],[75.92725932598114,30.820884358222617],[75.92706620693207,30.820884358222617],[75.92702329158783,30.82075536721977]]]},"properties":{"id":"T083.field_10","tileId":"T083","modelObjectId":"field_10","label":"unburned-looking field","tags":["edge-truncated","tan-cover","faint-rows"],"note":"The visible surface is predominantly tan with faint cultivation texture and no distinct char scar.","visibility":"partial","center":[75.92720031738281,30.82057800430795],"polygon":[[871,0],[907,0],[975,90],[931,133],[817,65],[863,28]],"holes":[],"bbox":[817,0,975,133],"obb":[[817,65],[885.7004621201512,-17.695000700181993],[991.4699621901693,70.17504551183299],[922.7695000700181,152.87004621201498]],"obbLonLat":[[75.92734392017164,30.82018011109314],[75.92771245816928,30.820561073985022],[75.9271450663561,30.820965875843488],[75.92677652835846,30.820584914557397],[75.92734392017164,30.82018011109314]],"angle":-50.28124062844512,"polygonAreaPixels":10881,"tileOrigin":[47707392,27510016],"tileWidth":1024,"tileHeight":1024,"zoom":18,"sourceRunId":"89986fef-1baf-433b-9690-b4d5a159d1cd","sourceDates":[20201109],"imageryRelease":"2021-12-21","isField":true,"edgeFragment":true}},{"type":"Feature","id":"T083.field_11","geometry":{"type":"Polygon","coordinates":[[[75.92765629291534,30.82048817101985],[75.92788696289062,30.820626376043656],[75.92788696289062,30.820884358222617],[75.92729687690735,30.820884358222617],[75.92765629291534,30.82048817101985]]]},"properties":{"id":"T083.field_11","tileId":"T083","modelObjectId":"field_11","label":"uncertain field","tags":["edge-truncated","dark-surface","haze"],"note":"The dark olive surface lacks diagnostic char or ash detail; crop cover, soil and haze remain plausible explanations.","visibility":"partial","center":[75.92759191989899,30.820686264825532],"polygon":[[914,0],[1024,0],[1024,56],[981,86]],"holes":[],"bbox":[914,0,1024,86],"obb":[[914,0],[1024,0],[1024,86],[914,86]],"obbLonLat":[[75.92729687690735,30.82048817101985],[75.92788696289062,30.82048817101985],[75.92788696289062,30.820884358222617],[75.92729687690735,30.820884358222617],[75.92729687690735,30.82048817101985]],"angle":0,"polygonAreaPixels":5934,"tileOrigin":[47707392,27510016],"tileWidth":1024,"tileHeight":1024,"zoom":18,"sourceRunId":"89986fef-1baf-433b-9690-b4d5a159d1cd","sourceDates":[20201109],"imageryRelease":"2021-12-21","isField":true,"edgeFragment":true}},{"type":"Feature","id":"T083.field_12","geometry":{"type":"Polygon","coordinates":[[[75.92622399330139,30.820179512415244],[75.92627763748169,30.820059734182102],[75.9263688325882,30.819958383252768],[75.9264600276947,30.819829391006188],[75.92659413814545,30.819778715433344],[75.92672288417816,30.819686577959676],[75.92735588550568,30.82023479462631],[75.92672824859619,30.820566487224422],[75.92617571353912,30.82031771788324],[75.92622399330139,30.820179512415244]]]},"properties":{"id":"T083.field_12","tileId":"T083","modelObjectId":"field_12","label":"unburned-looking field","tags":["muted-cover","curved-lines","tree-occlusion"],"note":"The broad olive-tan surface has faint curved working lines. Trees obscure parts of its western and southern margins.","visibility":"partial","center":[75.9267657995224,30.820126533599776],"polygon":[[705,123],[808,69],[925,141],[807,260],[783,240],[758,229],[741,201],[724,179],[714,153]],"holes":[],"bbox":[705,69,925,260],"obb":[[924.9999999999999,140.99999999999994],[798.2061954780131,268.8683282891223],[678.2782624176605,149.9481929855795],[805.0720669396474,22.07986469645715]],"obbLonLat":[[75.92671254193931,30.820782640240992],[75.92603236696823,30.820193571638224],[75.92667571053465,30.81964572266319],[75.92735588550568,30.82023479462631],[75.92671254193931,30.820782640240992]],"angle":134.75824709073189,"polygonAreaPixels":23135.5,"tileOrigin":[47707392,27510016],"tileWidth":1024,"tileHeight":1024,"zoom":18,"sourceRunId":"89986fef-1baf-433b-9690-b4d5a159d1cd","sourceDates":[20201109],"imageryRelease":"2021-12-21","isField":true,"edgeFragment":true}},{"type":"Feature","id":"T083.field_13","geometry":{"type":"Polygon","coordinates":[[[75.92720031738281,30.819718826085513],[75.92755436897278,30.82007355475508],[75.9273773431778,30.820207153524752],[75.92695891857147,30.819861639084078],[75.92720031738281,30.819718826085513]]]},"properties":{"id":"T083.field_13","tileId":"T083","modelObjectId":"field_13","label":"unburned-looking field","tags":["olive-cover","narrow-parcel","linear-boundaries"],"note":"Muted olive cover occupies this separately bounded strip without visible char-like patches.","visibility":"clear","center":[75.92725664377213,30.81996299011551],"polygon":[[851,222],[929,147],[962,176],[896,253]],"holes":[],"bbox":[851,147,962,253],"obb":[[922.177720207254,141.00466321243533],[962.940414507772,176.82642487046627],[891.7626943005181,257.82176165803105],[851.0000000000001,222.0000000000001]],"obbLonLat":[[75.92695891857147,30.819861639084078],[75.92717758670372,30.819696612832868],[75.92755941374932,30.820069747533537],[75.92734074561704,30.820234773143586],[75.92695891857147,30.819861639084078]],"angle":41.30861401354873,"polygonAreaPixels":5124,"tileOrigin":[47707392,27510016],"tileWidth":1024,"tileHeight":1024,"zoom":18,"sourceRunId":"89986fef-1baf-433b-9690-b4d5a159d1cd","sourceDates":[20201109],"imageryRelease":"2021-12-21","isField":true,"edgeFragment":false}},{"type":"Feature","id":"T083.field_14","geometry":{"type":"Polygon","coordinates":[[[75.92679798603058,30.819552978465843],[75.92689454555511,30.819479268320727],[75.92696964740753,30.81951151651617],[75.92716813087463,30.819695791711027],[75.92694282531738,30.819829391006188],[75.92673897743225,30.819658936700336],[75.92679798603058,30.819552978465843]]]},"properties":{"id":"T083.field_14","tileId":"T083","modelObjectId":"field_14","label":"unburned-looking field","tags":["green-cover","crop-texture","distinct-transition"],"note":"Dense green cover contrasts with surrounding paler parcels and shows no recognizable burn evidence.","visibility":"clear","center":[75.92695355415344,30.81965432982301],"polygon":[[810,266],[848,229],[890,258],[853,298],[839,305],[821,289]],"holes":[],"bbox":[810,229,890,305],"obb":[[890.0000000000001,258],[842.7312226338836,309.10138093634225],[803.6069383630852,272.91141798585386],[850.8757157292018,221.8100370495116]],"obbLonLat":[[75.92695825185871,30.819862514218205],[75.92670468237714,30.819627096640982],[75.92691456139309,30.81946037372511],[75.92716813087463,30.819695791711027],[75.92695825185871,30.819862514218205]],"angle":132.76882539196876,"polygonAreaPixels":3273.5,"tileOrigin":[47707392,27510016],"tileWidth":1024,"tileHeight":1024,"zoom":18,"sourceRunId":"89986fef-1baf-433b-9690-b4d5a159d1cd","sourceDates":[20201109],"imageryRelease":"2021-12-21","isField":true,"edgeFragment":false}},{"type":"Feature","id":"T083.field_15","geometry":{"type":"Polygon","coordinates":[[[75.92758119106293,30.820068947897653],[75.92721104621887,30.819700398586363],[75.92695891857147,30.81949308897724],[75.9270715713501,30.819433199451293],[75.92788696289062,30.82016108500449],[75.92788696289062,30.8205987350548],[75.92740416526794,30.820230187776602],[75.92758119106293,30.820068947897653]]]},"properties":{"id":"T083.field_15","tileId":"T083","modelObjectId":"field_15","label":"unburned-looking field","tags":["edge-truncated","pale-cover","parallel-lines"],"note":"Pale cover and long parallel cultivation lines extend to the image edge.","visibility":"partial","center":[75.92742294073105,30.820015969021192],"polygon":[[934,142],[1024,62],[1024,157],[872,315],[851,302],[898,257],[967,177]],"holes":[],"bbox":[851,62,1024,315],"obb":[[1071.4644253973538,107.66197886327706],[868.4014313056504,318.74061745860035],[814.1657651660148,266.56453357743203],[1017.2287592577183,55.48589498210873]],"obbLonLat":[[75.9278506391247,30.820628744438473],[75.92676132433803,30.819656335963426],[75.92705226712332,30.81941596684389],[75.92814158191001,30.82038837775271],[75.9278506391247,30.820628744438473]],"angle":133.89118787224007,"polygonAreaPixels":10324.5,"tileOrigin":[47707392,27510016],"tileWidth":1024,"tileHeight":1024,"zoom":18,"sourceRunId":"89986fef-1baf-433b-9690-b4d5a159d1cd","sourceDates":[20201109],"imageryRelease":"2021-12-21","isField":true,"edgeFragment":true}},{"type":"Feature","id":"T083.field_16","geometry":{"type":"Polygon","coordinates":[[[75.92711448669434,30.81942398567476],[75.92705011367798,30.819304206499336],[75.92723786830902,30.819138358163674],[75.92788696289062,30.81968197108368],[75.92788696289062,30.820124230172357],[75.92711448669434,30.81942398567476]]]},"properties":{"id":"T083.field_16","tileId":"T083","modelObjectId":"field_16","label":"unburned-looking field","tags":["edge-truncated","pale-residue","linear-texture"],"note":"The strip has pale residue-like cover with subdued parallel lines, rather than a distinct ash or char pattern.","visibility":"partial","center":[75.9274685382843,30.81963129543304],"polygon":[[1024,165],[1024,261],[903,379],[868,343],[880,317]],"holes":[],"bbox":[868,165,1024,379],"obb":[[859.9240875912408,338.1912408759123],[1023.9999999999998,164.99999999999994],[1071.929927007299,210.407299270073],[907.8540145985401,383.59854014598534]],"obbLonLat":[[75.92726390727245,30.819117173136668],[75.92814407905522,30.819915045105418],[75.92788696289062,30.820124230172357],[75.92700679110786,30.819326359941464],[75.92726390727245,30.819117173136668]],"angle":-46.548157698977974,"polygonAreaPixels":12691,"tileOrigin":[47707392,27510016],"tileWidth":1024,"tileHeight":1024,"zoom":18,"sourceRunId":"89986fef-1baf-433b-9690-b4d5a159d1cd","sourceDates":[20201109],"imageryRelease":"2021-12-21","isField":true,"edgeFragment":true}},{"type":"Feature","id":"T083.field_17","geometry":{"type":"Polygon","coordinates":[[[75.92658877372742,30.819184427174527],[75.92695355415344,30.818884978208963],[75.9272164106369,30.819119930553143],[75.92694818973541,30.819442413226945],[75.92682480812073,30.819410165008296],[75.92658877372742,30.819184427174527]]]},"properties":{"id":"T083.field_17","tileId":"T083","modelObjectId":"field_17","label":"unburned-looking field","tags":["green-cover","crop-rows","distinct-boundary"],"note":"A coherent green parcel is separated from neighboring harvested-looking surfaces.","visibility":"clear","center":[75.92690259218216,30.819163696122377],"polygon":[[826,320],[849,313],[899,383],[850,434],[782,369]],"holes":[],"bbox":[782,313,899,434],"obb":[[850.1306362300826,434.1248728669907],[780.5168945643576,367.5823256865183],[840.4779071081479,304.853881794553],[910.0916487738729,371.3964289750254]],"obbLonLat":[[75.92727591087757,30.819173387065295],[75.92690247366664,30.819479941470615],[75.92658081772987,30.819190958258083],[75.9269542549408,30.818884402930358],[75.92727591087757,30.819173387065295]],"angle":-136.29216688624993,"polygonAreaPixels":7481,"tileOrigin":[47707392,27510016],"tileWidth":1024,"tileHeight":1024,"zoom":18,"sourceRunId":"89986fef-1baf-433b-9690-b4d5a159d1cd","sourceDates":[20201109],"imageryRelease":"2021-12-21","isField":true,"edgeFragment":false}},{"type":"Feature","id":"T083.field_18","geometry":{"type":"Polygon","coordinates":[[[75.9263688325882,30.81898172336147],[75.92615962028503,30.818806660633168],[75.92603623867035,30.818682273763887],[75.92634201049805,30.81839664404696],[75.92691600322723,30.818861943634474],[75.92657268047333,30.819152178869253],[75.9263688325882,30.81898172336147]]]},"properties":{"id":"T083.field_18","tileId":"T083","modelObjectId":"field_18","label":"unburned-looking field","tags":["curved-windrows","pale-residue","tree-margin"],"note":"Repeated pale curved residue rows cover the parcel. Bordering trees obscure small portions of its outline.","visibility":"partial","center":[75.92647612094879,30.818774412201048],"polygon":[[779,376],[843,439],[736,540],[679,478],[702,451],[741,413]],"holes":[],"bbox":[679,376,843,540],"obb":[[843.0000000000001,439],[736,540],[674.3969976905313,474.73741339491926],[781.3969976905314,373.73741339491926]],"obbLonLat":[[75.92658553897095,30.819162602382374],[75.92601154624177,30.818697304251465],[75.92634201049805,30.81839664404696],[75.92691600322723,30.818861943634474],[75.92658553897095,30.819162602382374]],"angle":136.65230467765133,"polygonAreaPixels":12787,"tileOrigin":[47707392,27510016],"tileWidth":1024,"tileHeight":1024,"zoom":18,"sourceRunId":"89986fef-1baf-433b-9690-b4d5a159d1cd","sourceDates":[20201109],"imageryRelease":"2021-12-21","isField":true,"edgeFragment":true}},{"type":"Feature","id":"T083.field_19","geometry":{"type":"Polygon","coordinates":[[[75.9269642829895,30.81885272980313],[75.92637419700623,30.818373609355355],[75.92669069766998,30.81815247603486],[75.92788696289062,30.81910610984293],[75.92788696289062,30.81964050918969],[75.92725932598114,30.819101502939073],[75.9269642829895,30.81885272980313]]]},"properties":{"id":"T083.field_19","tileId":"T083","modelObjectId":"field_19","label":"unburned-looking field","tags":["edge-truncated","residue-lines","mottled-cover"],"note":"Tan linear residue and muted background patches are visible without a coherent char-like scar.","visibility":"partial","center":[75.92713057994843,30.818896495494126],"polygon":[[907,387],[1024,270],[1024,386],[801,593],[742,545],[852,441]],"holes":[],"bbox":[742,270,1024,593],"obb":[[742,545.0000000000001],[1024,270],[1081.981682124925,329.457579488105],[799.9816821249251,604.4575794881051]],"obbLonLat":[[75.92668523498719,30.818099691530477],[75.92819800087159,30.819366594978053],[75.92788696289062,30.81964050918969],[75.92637419700623,30.818373609355355],[75.92668523498719,30.818099691530477]],"angle":-44.27998322462676,"polygonAreaPixels":27295,"tileOrigin":[47707392,27510016],"tileWidth":1024,"tileHeight":1024,"zoom":18,"sourceRunId":"89986fef-1baf-433b-9690-b4d5a159d1cd","sourceDates":[20201109],"imageryRelease":"2021-12-21","isField":true,"edgeFragment":true}},{"type":"Feature","id":"T083.field_20","geometry":{"type":"Polygon","coordinates":[[[75.92678189277649,30.81809258567294],[75.9270179271698,30.817940556124963],[75.92788696289062,30.81866384606585],[75.92788696289062,30.819055433888455],[75.92678189277649,30.81809258567294]]]},"properties":{"id":"T083.field_20","tileId":"T083","modelObjectId":"field_20","label":"unburned-looking field","tags":["edge-truncated","pale-residue","long-strip"],"note":"This long strip contains pale streaked residue and no distinct burn-pattern boundary.","visibility":"partial","center":[75.92733442783356,30.818497996624387],"polygon":[[1024,397],[1024,482],[862,639],[818,606]],"holes":[],"bbox":[818,397,1024,639],"obb":[[817.9999999999999,605.9999999999999],[1024,396.99999999999994],[1066.4955583682663,438.88557427685583],[860.4955583682662,647.8855742768558]],"obbLonLat":[[75.92700985671598,30.81789962063412],[75.92811492683012,30.8188624707841],[75.92788696289062,30.819055433888455],[75.92678189277649,30.81809258567294],[75.92700985671598,30.81789962063412]],"angle":-45.414179143409335,"polygonAreaPixels":14882,"tileOrigin":[47707392,27510016],"tileWidth":1024,"tileHeight":1024,"zoom":18,"sourceRunId":"89986fef-1baf-433b-9690-b4d5a159d1cd","sourceDates":[20201109],"imageryRelease":"2021-12-21","isField":true,"edgeFragment":true}},{"type":"Feature","id":"T083.field_21","geometry":{"type":"Polygon","coordinates":[[[75.92707693576813,30.81789909347921],[75.9271252155304,30.81784841688786],[75.9273612499237,30.817645710255093],[75.92788696289062,30.81808797872048],[75.92788696289062,30.818613169878006],[75.92707693576813,30.81789909347921]]]},"properties":{"id":"T083.field_21","tileId":"T083","modelObjectId":"field_21","label":"uncertain field","tags":["edge-truncated","dark-interrows","pale-windrows","haze"],"note":"Pale curved rows alternate with darker material. Soil, retained residue and possible scorching cannot be reliably distinguished here.","visibility":"partial","center":[75.92748194932938,30.8181294412847],"polygon":[[1024,493],[1024,607],[926,703],[882,659],[873,648]],"holes":[],"bbox":[873,493,1024,703],"obb":[[871.3167043949942,649.7278862170589],[1024,492.99999999999994],[1080.9805236407126,548.5100585145005],[928.2972280357067,705.2379447315594]],"obbLonLat":[[75.92737357321522,30.817635400101818],[75.92819263023898,30.818357438728977],[75.92788696289062,30.818613169878006],[75.9270679058668,30.81789113317336],[75.92737357321522,30.817635400101818]],"angle":-45.74892178282383,"polygonAreaPixels":13890,"tileOrigin":[47707392,27510016],"tileWidth":1024,"tileHeight":1024,"zoom":18,"sourceRunId":"89986fef-1baf-433b-9690-b4d5a159d1cd","sourceDates":[20201109],"imageryRelease":"2021-12-21","isField":true,"edgeFragment":true}},{"type":"Feature","id":"T083.field_22","geometry":{"type":"Polygon","coordinates":[[[75.92735588550568,30.81760885445772],[75.92724323272705,30.81750289396149],[75.92722177505493,30.817383112390207],[75.92718422412872,30.817277151644927],[75.92788696289062,30.816636777696427],[75.92788696289062,30.818046516138363],[75.92735588550568,30.81760885445772]]]},"properties":{"id":"T083.field_22","tileId":"T083","modelObjectId":"field_22","label":"uncertain field","tags":["edge-truncated","dark-surface","parallel-texture","haze"],"note":"Dark gray-olive patches coexist with linear pale material, but no diagnostic ash scar separates burning from soil or residue effects.","visibility":"partial","center":[75.92753559350967,30.817341649503803],"polygon":[[1024,616],[1024,922],[893,783],[900,760],[904,734],[925,711]],"holes":[],"bbox":[893,616,1024,922],"obb":[[1024,616],[1024,922],[893,922.0000000000001],[893,616.0000000000001]],"obbLonLat":[[75.92718422412872,30.818046516138363],[75.92718422412872,30.816636777696427],[75.92788696289062,30.816636777696427],[75.92788696289062,30.818046516138363],[75.92718422412872,30.818046516138363]],"angle":90,"polygonAreaPixels":22430,"tileOrigin":[47707392,27510016],"tileWidth":1024,"tileHeight":1024,"zoom":18,"sourceRunId":"89986fef-1baf-433b-9690-b4d5a159d1cd","sourceDates":[20201109],"imageryRelease":"2021-12-21","isField":true,"edgeFragment":true}},{"type":"Feature","id":"T083.field_23","geometry":{"type":"Polygon","coordinates":[[[75.9241533279419,30.819368702996975],[75.92426061630249,30.8192811720254],[75.92455565929413,30.819456233888772],[75.92440009117126,30.819612867917094],[75.92408359050751,30.8194608407756],[75.9241533279419,30.819368702996975]]]},"properties":{"id":"T083.field_23","tileId":"T083","modelObjectId":"field_23","label":"unburned-looking field","tags":["green-cover","compact-parcel","crop-texture"],"note":"The compact parcel has dense green cover without visible burn evidence.","visibility":"clear","center":[75.92431962490082,30.819447020114445],"polygon":[[315,309],[374,276],[403,310],[348,348],[328,329]],"holes":[],"bbox":[315,276,403,348],"obb":[[403,310],[343.3479525620944,351.21414186618927],[314.4461848288208,309.3826359364511],[374.09823226672637,268.16849407026183]],"obbLonLat":[[75.92440061813022,30.819648946713876],[75.92408061961143,30.819459078015175],[75.92423566077534,30.819266364809078],[75.92455565929413,30.819456233888772],[75.92440061813022,30.819648946713876]],"angle":145.35905248808373,"polygonAreaPixels":3257.5,"tileOrigin":[47707392,27510016],"tileWidth":1024,"tileHeight":1024,"zoom":18,"sourceRunId":"89986fef-1baf-433b-9690-b4d5a159d1cd","sourceDates":[20201109],"imageryRelease":"2021-12-21","isField":true,"edgeFragment":false}},{"type":"Feature","id":"T083.field_24","geometry":{"type":"Polygon","coordinates":[[[75.92450737953186,30.819092289130722],[75.92456638813019,30.819119930553143],[75.9246575832367,30.819161392671866],[75.92475414276123,30.819225889265404],[75.92462003231049,30.81933184786077],[75.92440009117126,30.819207461671667],[75.92450737953186,30.819092289130722]]]},"properties":{"id":"T083.field_24","tileId":"T083","modelObjectId":"field_24","label":"unburned-looking field","tags":["green-cover","built-margin","boundary-occlusion"],"note":"Green cover is visible within a small parcel bordered by structures and vegetation.","visibility":"partial","center":[75.92457711696625,30.819212068570437],"polygon":[[374,364],[415,337],[440,360],[422,374],[405,383],[394,389]],"holes":[],"bbox":[374,337,440,389],"obb":[[374,364.00000000000006],[421.8730290456432,332.4738589211619],[440.9858921161826,361.4970954356847],[393.11286307053945,393.02323651452286]],"obbLonLat":[[75.92450262055851,30.819073754462934],[75.92475943149867,30.819218992299202],[75.92465690211142,30.819352699305746],[75.92440009117126,30.819207461671667],[75.92450262055851,30.819073754462934]],"angle":-33.36636600105956,"polygonAreaPixels":1733.5,"tileOrigin":[47707392,27510016],"tileWidth":1024,"tileHeight":1024,"zoom":18,"sourceRunId":"89986fef-1baf-433b-9690-b4d5a159d1cd","sourceDates":[20201109],"imageryRelease":"2021-12-21","isField":true,"edgeFragment":true}},{"type":"Feature","id":"T083.field_25","geometry":{"type":"Polygon","coordinates":[[[75.92331647872925,30.818912619691044],[75.92341303825378,30.818834302137795],[75.92362225055695,30.81896790263136],[75.92341303825378,30.81914757196761],[75.9232360124588,30.819055433888455],[75.92331647872925,30.818912619691044]]]},"properties":{"id":"T083.field_25","tileId":"T083","modelObjectId":"field_25","label":"unburned-looking field","tags":["tan-cover","faint-rows","settlement-margin"],"note":"Pale tan cover has faint linear texture and no visible char-like patch.","visibility":"clear","center":[75.92342913150787,30.818990937180427],"polygon":[[157,397],[190,377],[229,416],[190,445],[172,428]],"holes":[],"bbox":[157,377,229,445],"obb":[[229,416],[186.54911092294668,447.56604572396276],[151.81541066892467,400.8552074513125],[194.266299745978,369.2891617273497]],"obbLonLat":[[75.92343592446906,30.819183095035367],[75.9232082001543,30.819037673307818],[75.92339452624219,30.81882248057798],[75.92362225055695,30.81896790263136],[75.92343592446906,30.819183095035367]],"angle":143.36588612403258,"polygonAreaPixels":2599.5,"tileOrigin":[47707392,27510016],"tileWidth":1024,"tileHeight":1024,"zoom":18,"sourceRunId":"89986fef-1baf-433b-9690-b4d5a159d1cd","sourceDates":[20201109],"imageryRelease":"2021-12-21","isField":true,"edgeFragment":false}},{"type":"Feature","id":"T083.field_26","geometry":{"type":"Polygon","coordinates":[[[75.92353641986847,30.818700701458393],[75.92363834381104,30.818626990659162],[75.92385828495026,30.818797446796523],[75.92365443706512,30.81896329572088],[75.9234344959259,30.818806660633168],[75.92353641986847,30.818700701458393]]]},"properties":{"id":"T083.field_26","tileId":"T083","modelObjectId":"field_26","label":"unburned-looking field","tags":["green-cover","crop-rows","distinct-transition"],"note":"Strong green cover and orderly rows distinguish this parcel from neighboring tan fields.","visibility":"clear","center":[75.92364639043808,30.818795143337223],"polygon":[[194,451],[235,417],[273,453],[232,490],[213,474]],"holes":[],"bbox":[194,417,273,490],"obb":[[272.99999999999994,452.99999999999994],[229.48622950819666,492.2685245901639],[193.03213114754092,451.8734426229508],[236.5459016393442,412.6049180327868]],"obbLonLat":[[75.92366272992777,30.81898354346839],[75.92342930387281,30.818802636754455],[75.9236248588953,30.818616539732048],[75.92385828495026,30.818797446796523],[75.92366272992777,30.81898354346839]],"angle":137.93567344642116,"polygonAreaPixels":2953,"tileOrigin":[47707392,27510016],"tileWidth":1024,"tileHeight":1024,"zoom":18,"sourceRunId":"89986fef-1baf-433b-9690-b4d5a159d1cd","sourceDates":[20201109],"imageryRelease":"2021-12-21","isField":true,"edgeFragment":false}},{"type":"Feature","id":"T083.field_27","geometry":{"type":"Polygon","coordinates":[[[75.92323064804077,30.8184427134136],[75.92330574989319,30.818373609355355],[75.92358469963074,30.818599349094868],[75.92340230941772,30.818682273763887],[75.92316627502441,30.818557886733508],[75.92323064804077,30.8184427134136]]]},"properties":{"id":"T083.field_27","tileId":"T083","modelObjectId":"field_27","label":"unburned-looking field","tags":["pale-cover","short-rows","track-boundary"],"note":"Pale cover and short parallel lines remain visible inside the track-bounded parcel.","visibility":"clear","center":[75.92337548732758,30.818527941683623],"polygon":[[144,505],[188,478],[222,496],[170,545],[156,530]],"holes":[],"bbox":[144,478,222,545],"obb":[[222.00000000000006,496.00000000000006],[170.00000000000006,545],[137.80685602350638,510.83584720861904],[189.80685602350638,461.83584720861904]],"obbLonLat":[[75.92341200214875,30.818756740759543],[75.9231330524112,30.81853100138995],[75.92330574989319,30.818373609355355],[75.92358469963074,30.818599349094868],[75.92341200214875,30.818756740759543]],"angle":136.70135460532612,"polygonAreaPixels":2617,"tileOrigin":[47707392,27510016],"tileWidth":1024,"tileHeight":1024,"zoom":18,"sourceRunId":"89986fef-1baf-433b-9690-b4d5a159d1cd","sourceDates":[20201109],"imageryRelease":"2021-12-21","isField":true,"edgeFragment":false}},{"type":"Feature","id":"T083.field_28","geometry":{"type":"Polygon","coordinates":[[[75.92239379882812,30.817779312402028],[75.92257618904114,30.81791752132397],[75.92275857925415,30.817908307402032],[75.92306435108185,30.81816629688231],[75.92286050319672,30.818313719131325],[75.92272102832794,30.818387430170972],[75.9225332736969,30.8182400080351],[75.92239379882812,30.818193938571238],[75.92239379882812,30.817779312402028]]]},"properties":{"id":"T083.field_28","tileId":"T083","modelObjectId":"field_28","label":"unburned-looking field","tags":["edge-truncated","green-cover","uneven-tone"],"note":"Predominantly green cover contains lighter variations without a distinct char or ash pattern.","visibility":"partial","center":[75.92272907495499,30.8180833717678],"polygon":[[0,584],[26,574],[61,542],[87,558],[125,590],[68,646],[34,644],[0,674]],"holes":[],"bbox":[0,542,125,674],"obb":[[-42.03828623518689,612.9443938012761],[81.99690063810391,527.5431175934366],[132.82570647219694,601.3659070191432],[8.790519598906144,686.7671832269826]],"obbLonLat":[[75.92244095484998,30.81772049438737],[75.92310633144277,30.818113934716127],[75.9228336644803,30.818454032111852],[75.92216828788747,30.818060593176245],[75.92244095484998,30.81772049438737]],"angle":-34.5483670560113,"polygonAreaPixels":8866,"tileOrigin":[47707392,27510016],"tileWidth":1024,"tileHeight":1024,"zoom":18,"sourceRunId":"89986fef-1baf-433b-9690-b4d5a159d1cd","sourceDates":[20201109],"imageryRelease":"2021-12-21","isField":true,"edgeFragment":true}},{"type":"Feature","id":"T083.field_29","geometry":{"type":"Polygon","coordinates":[[[75.92288196086884,30.817912914363117],[75.92270493507385,30.817733242717186],[75.92299997806549,30.817466038109316],[75.92342913150787,30.81781616813399],[75.92307507991791,30.818124834334004],[75.92288196086884,30.817912914363117]]]},"properties":{"id":"T083.field_29","tileId":"T083","modelObjectId":"field_29","label":"unburned-looking field","tags":["tan-residue","curved-lines","bund-boundary"],"note":"Tan residue and curved working lines are visible throughout the parcel.","visibility":"clear","center":[75.92306703329086,30.817795436786504],"polygon":[[127,599],[193,666],[113,742],[58,684],[91,645]],"holes":[],"bbox":[58,599,193,742],"obb":[[126.99999999999997,599],[193.00000000000003,666],[114.40282645562468,743.424081401922],[48.40282645562462,676.424081401922]],"obbLonLat":[[75.92265345182307,30.81776814473742],[75.92300750341303,30.81745947739111],[75.92342913150787,30.81781616813399],[75.92307507991791,30.818124834334004],[75.92265345182307,30.81776814473742]],"angle":45.43078721700863,"polygonAreaPixels":9469.5,"tileOrigin":[47707392,27510016],"tileWidth":1024,"tileHeight":1024,"zoom":18,"sourceRunId":"89986fef-1baf-433b-9690-b4d5a159d1cd","sourceDates":[20201109],"imageryRelease":"2021-12-21","isField":true,"edgeFragment":false}},{"type":"Feature","id":"T083.field_30","geometry":{"type":"Polygon","coordinates":[[[75.92239379882812,30.817401540333965],[75.9224796295166,30.81738771937648],[75.92258155345917,30.817337042515323],[75.922731757164,30.817226474725434],[75.92296779155731,30.817438396210903],[75.92267274856567,30.81775167059377],[75.92256546020508,30.817876058668272],[75.92239379882812,30.81774245665592],[75.92239379882812,30.817401540333965]]]},"properties":{"id":"T083.field_30","tileId":"T083","modelObjectId":"field_30","label":"unburned-looking field","tags":["edge-truncated","pale-residue","working-lines"],"note":"Pale residue-like cover shows intersecting working lines. The left margin is truncated.","visibility":"partial","center":[75.92268079519272,30.817551267246014],"polygon":[[0,682],[32,653],[52,680],[107,748],[63,794],[35,770],[16,759],[0,756]],"holes":[],"bbox":[0,653,107,794],"obb":[[32.00000000000006,653],[112.47781569965878,754.9385665529011],[42.67064846416389,810.0494880546075],[-37.80716723549483,708.1109215017066]],"obbLonLat":[[75.92219098537856,30.817622164370814],[75.92262270202409,30.81715253480345],[75.92299717685063,30.817406430342334],[75.92256546020508,30.817876058668272],[75.92219098537856,30.817622164370814]],"angle":51.70983680775693,"polygonAreaPixels":8505.5,"tileOrigin":[47707392,27510016],"tileWidth":1024,"tileHeight":1024,"zoom":18,"sourceRunId":"89986fef-1baf-433b-9690-b4d5a159d1cd","sourceDates":[20201109],"imageryRelease":"2021-12-21","isField":true,"edgeFragment":true}},{"type":"Feature","id":"T083.field_31","geometry":{"type":"Polygon","coordinates":[[[75.92301070690155,30.817419968274205],[75.92327356338501,30.817120513807367],[75.92338621616364,30.817194225762737],[75.92381000518799,30.81745682414406],[75.92345595359802,30.817779312402028],[75.92301070690155,30.817419968274205]]]},"properties":{"id":"T083.field_31","tileId":"T083","modelObjectId":"field_31","label":"uncertain field","tags":["muted-surface","mottled-tone","haze"],"note":"Gray-olive and tan mottling is visible, but haze and weak texture prevent a reliable distinction between soil, sparse cover and burn effects.","visibility":"clear","center":[75.92341035604477,30.81744991366954],"polygon":[[198,674],[264,744],[185,801],[164,817],[115,752]],"holes":[],"bbox":[115,674,264,817],"obb":[[108.58290295228551,758.0305249364064],[198.11516226007868,673.8917752254683],[264,744],[174.46774069220686,828.1387497109382]],"obbLonLat":[[75.92332971672192,30.817069197585106],[75.92381000518799,30.81745682414406],[75.92345657137653,30.817779810990032],[75.92297628291044,30.817392185734583],[75.92332971672192,30.817069197585106]],"angle":-43.22119968432615,"polygonAreaPixels":10484,"tileOrigin":[47707392,27510016],"tileWidth":1024,"tileHeight":1024,"zoom":18,"sourceRunId":"89986fef-1baf-433b-9690-b4d5a159d1cd","sourceDates":[20201109],"imageryRelease":"2021-12-21","isField":true,"edgeFragment":false}},{"type":"Feature","id":"T083.field_32","geometry":{"type":"Polygon","coordinates":[[[75.92275321483612,30.8171435487995],[75.92297852039337,30.816927019655342],[75.92325210571289,30.817120513807367],[75.92297852039337,30.817373898416992],[75.92275321483612,30.8171435487995]]]},"properties":{"id":"T083.field_32","tileId":"T083","modelObjectId":"field_32","label":"unburned-looking field","tags":["green-cover","compact-parcel","crop-texture"],"note":"Green textured cover is visible without a coherent burn scar.","visibility":"clear","center":[75.9230026602745,30.81715045929606],"polygon":[[109,762],[160,817],[109,859],[67,812]],"holes":[],"bbox":[67,762,160,859],"obb":[[109.00000000000006,762],[160.00000000000006,817],[111.63793103448273,861.8448275862069],[60.63793103448273,806.844827586207]],"obbLonLat":[[75.92271908603865,30.817167298664916],[75.92299267135817,30.816913913510266],[75.92325210571289,30.817120513807367],[75.92297852039337,30.817373898416992],[75.92271908603865,30.817167298664916]],"angle":47.16107948822637,"polygonAreaPixels":4510.5,"tileOrigin":[47707392,27510016],"tileWidth":1024,"tileHeight":1024,"zoom":18,"sourceRunId":"89986fef-1baf-433b-9690-b4d5a159d1cd","sourceDates":[20201109],"imageryRelease":"2021-12-21","isField":true,"edgeFragment":false}},{"type":"Feature","id":"T083.field_33","geometry":{"type":"Polygon","coordinates":[[[75.92257618904114,30.816968482720725],[75.92245280742645,30.81687634255111],[75.9226244688034,30.8167197040599],[75.92294633388519,30.816899377601796],[75.92272639274597,30.81710669280943],[75.92257618904114,30.816968482720725]]]},"properties":{"id":"T083.field_33","tileId":"T083","modelObjectId":"field_33","label":"unburned-looking field","tags":["green-cover","narrow-parcel","track-margin"],"note":"This separate green strip follows the settlement and track margin.","visibility":"clear","center":[75.92269957065582,30.816913198629564],"polygon":[[62,820],[103,865],[43,904],[11,870],[34,850]],"holes":[],"bbox":[11,820,103,904],"obb":[[62.000000000000114,820.0000000000002],[103.00000000000006,865.0000000000001],[50.240960604425254,913.0693470048571],[9.240960604425311,868.0693470048573]],"obbLonLat":[[75.9224433712038,30.81688523708969],[75.92266331234302,30.81667792140406],[75.92294633388519,30.816899377601796],[75.92272639274597,30.81710669280943],[75.9224433712038,30.81688523708969]],"angle":47.66300076606714,"polygonAreaPixels":3751.5,"tileOrigin":[47707392,27510016],"tileWidth":1024,"tileHeight":1024,"zoom":18,"sourceRunId":"89986fef-1baf-433b-9690-b4d5a159d1cd","sourceDates":[20201109],"imageryRelease":"2021-12-21","isField":true,"edgeFragment":false}},{"type":"Feature","id":"T083.field_34","geometry":{"type":"Polygon","coordinates":[[[75.92453956604004,30.81791752132397],[75.9248399734497,30.818120227383083],[75.92466294765472,30.818281470533687],[75.92457175254822,30.81842428566959],[75.92443227767944,30.81851642435425],[75.92434108257294,30.81867305991531],[75.92423379421234,30.818732949915262],[75.92412114143372,30.818838909054467],[75.92401921749115,30.818866550549817],[75.92375636100769,30.818659239140786],[75.92453956604004,30.81791752132397]]]},"properties":{"id":"T083.field_34","tileId":"T083","modelObjectId":"field_34","label":"unburned-looking field","tags":["pale-residue","broad-cover","irregular-margin"],"note":"The broad tan parcel has fine residue texture and no visible char-like patches.","visibility":"clear","center":[75.9242981672287,30.818392037109085],"polygon":[[254,483],[303,438],[322,444],[343,467],[363,480],[380,514],[406,534],[423,565],[456,600],[400,644]],"holes":[],"bbox":[254,438,456,644],"obb":[[403.3751508351503,647.7219129072549],[253.71873743040405,482.6898405910621],[315.02464170036194,427.09566653259094],[464.68105510510827,592.1277388487838]],"obbLonLat":[[75.92488654225824,30.818156494497835],[75.92408372269588,30.81891678587658],[75.9237548521977,30.818660668021955],[75.92455767176006,30.81790037461578],[75.92488654225824,30.818156494497835]],"angle":-132.20275647716593,"polygonAreaPixels":16487,"tileOrigin":[47707392,27510016],"tileWidth":1024,"tileHeight":1024,"zoom":18,"sourceRunId":"89986fef-1baf-433b-9690-b4d5a159d1cd","sourceDates":[20201109],"imageryRelease":"2021-12-21","isField":true,"edgeFragment":false}},{"type":"Feature","id":"T083.field_35","geometry":{"type":"Polygon","coordinates":[[[75.92335939407349,30.81836900241637],[75.92313408851624,30.818170903831017],[75.92380464076996,30.81748446603717],[75.92399775981903,30.81758121260041],[75.92411577701569,30.817631889332738],[75.92423915863037,30.8176963869534],[75.92452883720398,30.817903700440727],[75.92371344566345,30.81864081143833],[75.92335939407349,30.81836900241637]]]},"properties":{"id":"T083.field_35","tileId":"T083","modelObjectId":"field_35","label":"uncertain field","tags":["dark-olive-surface","uniform-tone","haze"],"note":"A broad subdued olive surface lacks diagnostic char or ash texture. Crop cover, exposed soil and haze remain plausible alternatives.","visibility":"clear","center":[75.92383146286011,30.81806264047798],"polygon":[[246,487],[398,647],[344,692],[321,706],[299,717],[263,738],[138,589],[180,546]],"holes":[],"bbox":[138,487,398,738],"obb":[[130.73369911956104,590.0410871506954],[250.98558121730258,482.5431925481689],[398.0000000000001,647],[277.74811790225857,754.4978946025266]],"obbLonLat":[[75.92388375583954,30.817408460511505],[75.92452883720398,30.817903700440727],[75.92374019040523,30.818661343618516],[75.92309510904079,30.818166107595914],[75.92388375583954,30.817408460511505]],"angle":-41.7947840689865,"polygonAreaPixels":32902.5,"tileOrigin":[47707392,27510016],"tileWidth":1024,"tileHeight":1024,"zoom":18,"sourceRunId":"89986fef-1baf-433b-9690-b4d5a159d1cd","sourceDates":[20201109],"imageryRelease":"2021-12-21","isField":true,"edgeFragment":false}},{"type":"Feature","id":"T083.field_36","geometry":{"type":"Polygon","coordinates":[[[75.92451810836792,30.818539459011607],[75.92461466789246,30.818470355022978],[75.92473268508911,30.818539459011607],[75.92471122741699,30.818585528309736],[75.9245502948761,30.81875598452069],[75.92441618442535,30.81867305991531],[75.92451810836792,30.818539459011607]]]},"properties":{"id":"T083.field_36","tileId":"T083","modelObjectId":"field_36","label":"unburned-looking field","tags":["green-cover","narrow-parcel","distinct-margin"],"note":"The narrow parcel has coherent green cover and no recognizable burn evidence.","visibility":"clear","center":[75.92457443475723,30.818613169878006],"polygon":[[377,480],[402,462],[432,499],[436,509],[414,524],[396,509]],"holes":[],"bbox":[377,462,436,524],"obb":[[375.76185458377245,480.891464699684],[404.2128556375132,460.4067439409906],[438.1074815595364,507.48261327713385],[409.6564805057956,527.9673340358272]],"obbLonLat":[[75.92459136743818,30.818452077774246],[75.92474399050118,30.81854644950716],[75.92456216555877,30.81876332452446],[75.92440954249574,30.818668953004654],[75.92459136743818,30.818452077774246]],"angle":-35.75388725443675,"polygonAreaPixels":1849.5,"tileOrigin":[47707392,27510016],"tileWidth":1024,"tileHeight":1024,"zoom":18,"sourceRunId":"89986fef-1baf-433b-9690-b4d5a159d1cd","sourceDates":[20201109],"imageryRelease":"2021-12-21","isField":true,"edgeFragment":false}},{"type":"Feature","id":"T083.field_37","geometry":{"type":"Polygon","coordinates":[[[75.92485070228577,30.818147869085273],[75.92497408390045,30.818005053538343],[75.92507064342499,30.818032695273676],[75.92517256736755,30.81816629688231],[75.92503845691681,30.818350574658226],[75.92487215995789,30.81848417582468],[75.92477023601532,30.818493389691373],[75.92467367649078,30.81842889260592],[75.92485070228577,30.818147869085273]]]},"properties":{"id":"T083.field_37","tileId":"T083","modelObjectId":"field_37","label":"uncertain field","tags":["gray-surface","weak-texture","haze","tree-margin"],"note":"The smooth gray-green surface is poorly resolved and could represent soil or sparse cover rather than burning.","visibility":"partial","center":[75.92492312192917,30.818249221925218],"polygon":[[425,533],[443,519],[462,521],[493,550],[518,590],[499,619],[481,625],[458,594]],"holes":[],"bbox":[425,519,518,625],"obb":[[465.02247191011236,505.23595505617965],[525.6966292134831,602.314606741573],[480.752808988764,630.4044943820224],[420.0786516853932,533.3258426966291]],"obbLonLat":[[75.92464727632117,30.818427391469392],[75.92497275786454,30.817980155264312],[75.92521385530407,30.818109564102592],[75.9248883737607,30.81855679970507],[75.92464727632117,30.818427391469392]],"angle":57.9946167919165,"polygonAreaPixels":5097,"tileOrigin":[47707392,27510016],"tileWidth":1024,"tileHeight":1024,"zoom":18,"sourceRunId":"89986fef-1baf-433b-9690-b4d5a159d1cd","sourceDates":[20201109],"imageryRelease":"2021-12-21","isField":true,"edgeFragment":true}},{"type":"Feature","id":"T083.field_38","geometry":{"type":"Polygon","coordinates":[[[75.92458248138428,30.8178898795555],[75.92521548271179,30.817337042515323],[75.92547297477722,30.817585819577182],[75.92512965202332,30.817857630815542],[75.92497944831848,30.817982018752826],[75.92486143112183,30.8180833717678],[75.92458248138428,30.8178898795555]]]},"properties":{"id":"T083.field_38","tileId":"T083","modelObjectId":"field_38","label":"unburned-looking field","tags":["residue-rows","tan-cover","long-parcel"],"note":"Long pale residue rows cover the parcel without a distinct char-like scar.","visibility":"clear","center":[75.92502772808075,30.817710207866472],"polygon":[[460,608],[482,630],[510,657],[574,716],[526,770],[408,650]],"holes":[],"bbox":[408,608,574,770],"obb":[[525.9999999999998,769.9999999999999],[407.99999999999994,650],[459.3995198418302,599.4571388222002],[577.3995198418302,719.4571388222001]],"obbLonLat":[[75.92549121122275,30.817569892617993],[75.92485820989523,30.818122728317917],[75.92458248138428,30.8178898795555],[75.92521548271179,30.817337042515323],[75.92549121122275,30.817569892617993]],"angle":-134.51853419416165,"polygonAreaPixels":11164,"tileOrigin":[47707392,27510016],"tileWidth":1024,"tileHeight":1024,"zoom":18,"sourceRunId":"89986fef-1baf-433b-9690-b4d5a159d1cd","sourceDates":[20201109],"imageryRelease":"2021-12-21","isField":true,"edgeFragment":false}},{"type":"Feature","id":"T083.field_39","geometry":{"type":"Polygon","coordinates":[[[75.92509746551514,30.818055730047046],[75.92513501644135,30.817963590920428],[75.92554807662964,30.817622675383397],[75.92576265335083,30.817793133303173],[75.92567145824432,30.81789909347921],[75.92551052570343,30.818046516138363],[75.92533349990845,30.81818933162363],[75.92518866062164,30.81821236635943],[75.92509746551514,30.818055730047046]]]},"properties":{"id":"T083.field_39","tileId":"T083","modelObjectId":"field_39","label":"unburned-looking field","tags":["curved-windrows","pale-residue","darker-background"],"note":"Pale curved residue rows remain prominent over a muted background; no coherent ash or char patch is distinguishable.","visibility":"clear","center":[75.92543005943298,30.81791752132397],"polygon":[[521,580],[548,585],[581,616],[611,648],[628,671],[588,708],[511,634],[504,614]],"holes":[],"bbox":[504,580,628,708],"obb":[[590.308987286278,710.2190267426569],[489.21990355107414,613.068478737396],[531.8226216571679,568.7386234107848],[632.9117053923718,665.8891714160457]],"obbLonLat":[[75.92578900179177,30.817816678717456],[75.9252467176884,30.8182642469061],[75.92501817889925,30.818060021522673],[75.92556046300268,30.81761245238235],[75.92578900179177,30.817816678717456]],"angle":-136.1381770074882,"polygonAreaPixels":7750.5,"tileOrigin":[47707392,27510016],"tileWidth":1024,"tileHeight":1024,"zoom":18,"sourceRunId":"89986fef-1baf-433b-9690-b4d5a159d1cd","sourceDates":[20201109],"imageryRelease":"2021-12-21","isField":true,"edgeFragment":false}},{"type":"Feature","id":"T083.field_40","geometry":{"type":"Polygon","coordinates":[[[75.92521548271179,30.81851181742212],[75.92531204223633,30.818373609355355],[75.92549443244934,30.81821236635943],[75.92569291591644,30.818373609355355],[75.92551589012146,30.818548672873],[75.9253442287445,30.81863620451216],[75.92521548271179,30.81851181742212]]]},"properties":{"id":"T083.field_40","tileId":"T083","modelObjectId":"field_40","label":"unburned-looking field","tags":["green-cover","irregular-margin","tree-occlusion"],"note":"Green cover occupies this parcel beside the lane, with some margins concealed by trees.","visibility":"partial","center":[75.92545419931412,30.81842428566959],"polygon":[[550,488],[582,507],[615,545],[578,580],[544,545],[526,515]],"holes":[],"bbox":[526,488,615,580],"obb":[[616.5547417116422,543.5292983808789],[577.5292983808789,580.4452582883576],[518.3774094063223,517.9132613723978],[557.4028527370856,480.997301464919]],"obbLonLat":[[75.9253839407412,30.818668465422633],[75.92517459194937,30.818498396223426],[75.92549190740908,30.818210315078247],[75.92570125620091,30.81838038478758],[75.9253839407412,30.818668465422633]],"angle":136.59114027119458,"polygonAreaPixels":4163.5,"tileOrigin":[47707392,27510016],"tileWidth":1024,"tileHeight":1024,"zoom":18,"sourceRunId":"89986fef-1baf-433b-9690-b4d5a159d1cd","sourceDates":[20201109],"imageryRelease":"2021-12-21","isField":true,"edgeFragment":true}},{"type":"Feature","id":"T083.field_41","geometry":{"type":"Polygon","coordinates":[[[75.92559099197388,30.81805112309281],[75.92572510242462,30.817922128284625],[75.92585921287537,30.817829989029836],[75.9260630607605,30.818009660494795],[75.92604696750641,30.818097192625192],[75.92584311962128,30.818253828869953],[75.92572510242462,30.818345967718138],[75.92554807662964,30.818216973305933],[75.92559099197388,30.81805112309281]]]},"properties":{"id":"T083.field_41","tileId":"T083","modelObjectId":"field_41","label":"unburned-looking field","tags":["muted-cover","pale-rows","tree-margin"],"note":"Pale cultivation lines cross a tan-green surface without a recognizable burn scar.","visibility":"partial","center":[75.92580556869507,30.81808797872048],"polygon":[[588,579],[621,551],[643,571],[681,605],[684,624],[646,663],[621,643],[596,615]],"holes":[],"bbox":[588,551,684,663],"obb":[[692.0357504215852,615.7527824620574],[643.8212478920742,665.2360876897134],[572.0822934232714,595.3365935919055],[620.2967959527824,545.8532883642496]],"obbLonLat":[[75.92572133014414,30.81836967830795],[75.92546268739747,30.818141711465625],[75.92584752513827,30.817819687451674],[75.92610616788494,30.81804765505833],[75.92572133014414,30.81836967830795]],"angle":134.2559407971113,"polygonAreaPixels":6104.5,"tileOrigin":[47707392,27510016],"tileWidth":1024,"tileHeight":1024,"zoom":18,"sourceRunId":"89986fef-1baf-433b-9690-b4d5a159d1cd","sourceDates":[20201109],"imageryRelease":"2021-12-21","isField":true,"edgeFragment":true}},{"type":"Feature","id":"T083.field_42","geometry":{"type":"Polygon","coordinates":[[[75.92489361763,30.817065229803703],[75.92518329620361,30.8173001865995],[75.92456638813019,30.817871451705425],[75.9242981672287,30.817645710255093],[75.92489361763,30.817065229803703]]]},"properties":{"id":"T083.field_42","tileId":"T083","modelObjectId":"field_42","label":"unburned-looking field","tags":["parallel-lines","muted-cover","bund-boundary"],"note":"Fine parallel surface lines are visible across this separately bounded parcel, without diagnostic burn evidence.","visibility":"clear","center":[75.92474073171616,30.817468341600488],"polygon":[[355,703],[405,654],[520,778],[466,829]],"holes":[],"bbox":[355,654,520,829],"obb":[[404.99999999999994,653.9999999999999],[520.4583755812732,778.4942484528511],[465.9999999999999,828.9999999999998],[350.54162441872654,704.5057515471485]],"obbLonLat":[[75.92427425063835,30.81763877329694],[75.92489361763,30.817065229803703],[75.92518575512184,30.817297909601617],[75.92456638813019,30.817871451705425],[75.92427425063835,30.81763877329694]],"angle":47.15656267471479,"polygonAreaPixels":12150,"tileOrigin":[47707392,27510016],"tileWidth":1024,"tileHeight":1024,"zoom":18,"sourceRunId":"89986fef-1baf-433b-9690-b4d5a159d1cd","sourceDates":[20201109],"imageryRelease":"2021-12-21","isField":true,"edgeFragment":false}},{"type":"Feature","id":"T083.field_43","geometry":{"type":"Polygon","coordinates":[[[75.92371344566345,30.81721265374275],[75.92437326908112,30.816636777696427],[75.92487215995789,30.81703758778994],[75.92424988746643,30.817618068408386],[75.92412114143372,30.81754896375682],[75.92400312423706,30.817479859055535],[75.92384219169617,30.817410754304525],[75.92371344566345,30.81721265374275]]]},"properties":{"id":"T083.field_43","tileId":"T083","modelObjectId":"field_43","label":"unburned-looking field","tags":["linear-residue","gray-tan-cover","tree-margin"],"note":"Fine pale lines and muted cover remain visible; trees interrupt part of the upper boundary.","visibility":"partial","center":[75.92429280281067,30.817127424305585],"polygon":[[270,754],[300,739],[322,724],[346,709],[462,835],[369,922],[246,797]],"holes":[],"bbox":[246,709,462,922],"obb":[[462.9977802441731,834.0665926748056],[365.7658157602663,925.0255271920088],[235.7486126526082,786.0416204217536],[332.98057713651497,695.0826859045504]],"obbLonLat":[[75.92418004583968,30.817682185106683],[75.92365845293631,30.817263138924584],[75.92435591956485,30.81662283902454],[75.92487751246821,30.817041888000148],[75.92418004583968,30.817682185106683]],"angle":136.90915243299636,"polygonAreaPixels":23571,"tileOrigin":[47707392,27510016],"tileWidth":1024,"tileHeight":1024,"zoom":18,"sourceRunId":"89986fef-1baf-433b-9690-b4d5a159d1cd","sourceDates":[20201109],"imageryRelease":"2021-12-21","isField":true,"edgeFragment":true}},{"type":"Feature","id":"T083.field_44","geometry":{"type":"Polygon","coordinates":[[[75.923091173172,30.81633271375118],[75.92327892780304,30.816291250411336],[75.92341840267181,30.816360355967802],[75.92360615730286,30.816383391142235],[75.92376708984375,30.8162497870536],[75.92389583587646,30.816351141896476],[75.92375636100769,30.816512388016985],[75.92350959777832,30.8167888093081],[75.92335402965546,30.81693162666349],[75.92323064804077,30.81703758778994],[75.92266201972961,30.816673633866817],[75.923091173172,30.81633271375118]]]},"properties":{"id":"T083.field_44","tileId":"T083","modelObjectId":"field_44","label":"unburned-looking field","tags":["pale-residue","curved-lines","tree-occlusion"],"note":"Pale residue and looping working lines cover the visible field. Trees obscure its southern edge.","visibility":"partial","center":[75.92327892780304,30.81664368822945],"polygon":[[50,914],[156,835],[179,858],[208,889],[254,949],[280,984],[256,1006],[226,977],[191,982],[165,997],[130,988]],"holes":[],"bbox":[50,835,280,1006],"obb":[[146.73307436182023,823.5077691453939],[288.99722530521643,975.5832408435072],[192.26415094339615,1066.0754716981132],[49.99999999999994,914]],"obbLonLat":[[75.92266201972961,30.816673633866817],[75.9234251841059,30.815973016509076],[75.92394410075411,30.816389918200088],[75.92318093637778,30.817090532516872],[75.92266201972961,30.816673633866817]],"angle":46.90915243299638,"polygonAreaPixels":19551,"tileOrigin":[47707392,27510016],"tileWidth":1024,"tileHeight":1024,"zoom":18,"sourceRunId":"89986fef-1baf-433b-9690-b4d5a159d1cd","sourceDates":[20201109],"imageryRelease":"2021-12-21","isField":true,"edgeFragment":true}},{"type":"Feature","id":"T083.field_45","geometry":{"type":"Polygon","coordinates":[[[75.92347204685211,30.816991517749326],[75.92340767383575,30.81692241264697],[75.92354714870453,30.816770381246773],[75.92377781867981,30.816516995045024],[75.92397093772888,30.816337320787834],[75.92433571815491,30.816599921511905],[75.92368125915527,30.817185011771418],[75.92350423336029,30.817051408797813],[75.92347204685211,30.816991517749326]]]},"properties":{"id":"T083.field_45","tileId":"T083","modelObjectId":"field_45","label":"unburned-looking field","tags":["residue-lines","tan-cover","tree-margin"],"note":"This adjacent parcel has long pale residue lines and an irregular tree-obscured western margin.","visibility":"partial","center":[75.92387169599533,30.816761167214782],"polygon":[[207,832],[240,803],[362,930],[294,987],[258,948],[215,893],[189,860],[201,845]],"holes":[],"bbox":[189,803,362,987],"obb":[[296.8753993610224,990.115015974441],[176.72204472843447,859.9488817891374],[241.84664536741212,799.8338658146965],[362.00000000000006,930.0000000000001]],"obbLonLat":[[75.92433571815491,30.816599921511905],[75.923691165333,30.817199598137478],[75.92334180975112,30.816922648148996],[75.92398636257303,30.81632296979432],[75.92433571815491,30.816599921511905]],"angle":-132.70938995736148,"polygonAreaPixels":14427,"tileOrigin":[47707392,27510016],"tileWidth":1024,"tileHeight":1024,"zoom":18,"sourceRunId":"89986fef-1baf-433b-9690-b4d5a159d1cd","sourceDates":[20201109],"imageryRelease":"2021-12-21","isField":true,"edgeFragment":true}},{"type":"Feature","id":"T083.field_46","geometry":{"type":"Polygon","coordinates":[[[75.9261167049408,30.817585819577182],[75.92622935771942,30.817535142820542],[75.92642784118652,30.817700993924642],[75.92625081539154,30.81786223777906],[75.92604160308838,30.81770560089567],[75.9261167049408,30.817585819577182]]]},"properties":{"id":"T083.field_46","tileId":"T083","modelObjectId":"field_46","label":"unburned-looking field","tags":["green-cover","compact-parcel","track-boundary"],"note":"Dense green cover is enclosed by tracks and vegetated margins.","visibility":"clear","center":[75.92623472213745,30.817698690439045],"polygon":[[680,690],[719,656],[752,691],[715,727],[694,716]],"holes":[],"bbox":[680,656,752,727],"obb":[[717.6166810717374,654.5328435609334],[752.556179775281,691.5898876404494],[709.3733794295592,732.305099394987],[674.4338807260157,695.248055315471]],"obbLonLat":[[75.92601174409779,30.81768142325442],[75.9261991741746,30.817510702335444],[75.92643082476735,30.817698276329267],[75.92624339469052,30.817868996914843],[75.92601174409779,30.81768142325442]],"angle":46.6846843178963,"polygonAreaPixels":2754,"tileOrigin":[47707392,27510016],"tileWidth":1024,"tileHeight":1024,"zoom":18,"sourceRunId":"89986fef-1baf-433b-9690-b4d5a159d1cd","sourceDates":[20201109],"imageryRelease":"2021-12-21","isField":true,"edgeFragment":false}},{"type":"Feature","id":"T083.field_47","geometry":{"type":"Polygon","coordinates":[[[75.92546224594116,30.81710208580968],[75.92555344104767,30.81701455277239],[75.92612206935883,30.817419968274205],[75.92596650123596,30.817516714902418],[75.92581629753113,30.817622675383397],[75.92535495758057,30.81724490269925],[75.92546224594116,30.81710208580968]],[[75.92570900917053,30.817433789227056],[75.92581629753113,30.817493679999767],[75.92590749263763,30.81744761017792],[75.9259557723999,30.817355470467923],[75.9259021282196,30.817272544653356],[75.92578947544098,30.81724029570614],[75.92569828033447,30.817314007569585],[75.92570900917053,30.817433789227056]]]},"properties":{"id":"T083.field_47","tileId":"T083","modelObjectId":"field_47","label":"unburned-looking field","tags":["pale-cover","faint-rows","internal-tree"],"note":"Muted tan cover and faint rows are visible around an internal tree canopy, which is excluded by the hole.","visibility":"partial","center":[75.9257385134697,30.817318614559174],"polygon":[[552,790],[638,708],[666,731],[695,752],[589,840],[572,821]],"holes":[[[618,749],[638,736],[655,746],[664,766],[654,784],[633,791],[616,775]]],"bbox":[552,708,695,840],"obb":[[695.0000000000001,752.0000000000002],[588.2739726027398,840.6027397260276],[543.3930453108536,786.541622760801],[650.1190727081139,697.9388830347737]],"obbLonLat":[[75.92588130930326,30.817669026685458],[75.92530878627767,30.81726083541771],[75.9255495463332,30.817011775947993],[75.92612206935883,30.817419968274205],[75.92588130930326,30.817669026685458]],"angle":140.3009265165257,"polygonAreaPixels":6717.5,"tileOrigin":[47707392,27510016],"tileWidth":1024,"tileHeight":1024,"zoom":18,"sourceRunId":"89986fef-1baf-433b-9690-b4d5a159d1cd","sourceDates":[20201109],"imageryRelease":"2021-12-21","isField":true,"edgeFragment":true}},{"type":"Feature","id":"T083.field_48","geometry":{"type":"Polygon","coordinates":[[[75.9257036447525,30.81695005469388],[75.92580020427704,30.816885556572053],[75.92632591724396,30.817281758636295],[75.92614352703094,30.81739693334836],[75.92559099197388,30.817023766780075],[75.9257036447525,30.81695005469388]]]},"properties":{"id":"T083.field_48","tileId":"T083","modelObjectId":"field_48","label":"unburned-looking field","tags":["green-cover","parallel-rows","distinct-transition"],"note":"Green striped cover separates this parcel from the paler field to its northwest.","visibility":"clear","center":[75.92595845460892,30.817141245300533],"polygon":[[596,838],[699,757],[733,782],[635,868],[617,854]],"holes":[],"bbox":[596,757,733,868],"obb":[[733.0000000000001,782.0000000000001],[627.8402352941177,874.2830588235295],[596,838],[701.1597647058824,745.7169411764706]],"obbLonLat":[[75.92615511291169,30.817448914225174],[75.92559099197388,30.817023766780075],[75.92576179630615,30.816856610451307],[75.92632591724396,30.817281758636295],[75.92615511291169,30.817448914225174]],"angle":138.73139699916047,"polygonAreaPixels":5808.5,"tileOrigin":[47707392,27510016],"tileWidth":1024,"tileHeight":1024,"zoom":18,"sourceRunId":"89986fef-1baf-433b-9690-b4d5a159d1cd","sourceDates":[20201109],"imageryRelease":"2021-12-21","isField":true,"edgeFragment":false}},{"type":"Feature","id":"T083.field_49","geometry":{"type":"Polygon","coordinates":[[[75.92482388019562,30.816724311077987],[75.92487752437592,30.816682847907195],[75.92546224594116,30.81712972780488],[75.92533886432648,30.817217260737195],[75.92480778694153,30.816811844379778],[75.92482388019562,30.816724311077987]]]},"properties":{"id":"T083.field_49","tileId":"T083","modelObjectId":"field_49","label":"unburned-looking field","tags":["green-cover","narrow-strip","tree-margin"],"note":"A narrow green parcel runs beside the diagonal track, with its southwestern end partly screened by vegetation.","visibility":"partial","center":[75.92513501644135,30.81695005469388],"polygon":[[450,884],[549,796],[572,815],[463,912],[453,903]],"holes":[],"bbox":[450,796,572,912],"obb":[[572.0000000000001,815],[461.88900892437766,912.9886801315172],[442.2384217942696,890.9070925317051],[552.349412869892,792.918412400188]],"obbLonLat":[[75.9253568319773,30.817231457592786],[75.9247661505915,30.816780023304013],[75.92487156455536,30.81667829303798],[75.92546224594116,30.81712972780488],[75.9253568319773,30.817231457592786]],"angle":138.33385066153656,"polygonAreaPixels":4190.5,"tileOrigin":[47707392,27510016],"tileWidth":1024,"tileHeight":1024,"zoom":18,"sourceRunId":"89986fef-1baf-433b-9690-b4d5a159d1cd","sourceDates":[20201109],"imageryRelease":"2021-12-21","isField":true,"edgeFragment":true}},{"type":"Feature","id":"T083.field_50","geometry":{"type":"Polygon","coordinates":[[[75.92492043972015,30.81660452853575],[75.92496871948242,30.816567672338845],[75.92554271221161,30.817009945768223],[75.92546761035919,30.81710208580968],[75.92488288879395,30.816659812804577],[75.92492043972015,30.81660452853575]]]},"properties":{"id":"T083.field_50","tileId":"T083","modelObjectId":"field_50","label":"unburned-looking field","tags":["tan-cover","narrow-strip","working-lines"],"note":"Tan cover and faint working lines distinguish this strip from its green neighbors.","visibility":"clear","center":[75.92521280050278,30.816834879445945],"polygon":[[464,917],[573,821],[587,841],[480,937],[471,929]],"holes":[],"bbox":[464,821,587,937],"obb":[[461.99018817841386,918.7701094942407],[572.9999999999998,820.9999999999999],[589.9093236005119,840.1991278380812],[478.8995117789259,937.969237332322]],"obbLonLat":[[75.92496281600356,30.81656320703765],[75.9255583190396,30.81701363538963],[75.92546761035919,30.81710208580968],[75.92487210732318,30.816651657872487],[75.92496281600356,30.81656320703765]],"angle":-41.37146784456358,"polygonAreaPixels":3626,"tileOrigin":[47707392,27510016],"tileWidth":1024,"tileHeight":1024,"zoom":18,"sourceRunId":"89986fef-1baf-433b-9690-b4d5a159d1cd","sourceDates":[20201109],"imageryRelease":"2021-12-21","isField":true,"edgeFragment":false}},{"type":"Feature","id":"T083.field_51","geometry":{"type":"Polygon","coordinates":[[[75.92507600784302,30.816378784107783],[75.9251457452774,30.816337320787834],[75.92525839805603,30.816415640377166],[75.92578411102295,30.816834879445945],[75.92558026313782,30.81698230373855],[75.92497408390045,30.816526209100434],[75.92507600784302,30.816378784107783]]]},"properties":{"id":"T083.field_51","tileId":"T083","modelObjectId":"field_51","label":"unburned-looking field","tags":["green-cover","parallel-rows","irregular-end"],"note":"Predominantly green cover has regular row texture and no recognizable char-like patch.","visibility":"clear","center":[75.9253790974617,30.816659812804577],"polygon":[[481,946],[594,847],[632,879],[534,970],[513,987],[500,978]],"holes":[],"bbox":[481,847,632,987],"obb":[[475.88821444395217,950.4784669915817],[599.6374833850243,842.0609658839168],[634.5484714222418,881.9088613203368],[510.7992024811697,990.3263624280017]],"obbLonLat":[[75.9251339392795,30.816321996113356],[75.92579778208898,30.816821478284027],[75.92561050495536,30.817005057893716],[75.92494666214586,30.816505576677706],[75.9251339392795,30.816321996113356]],"angle":-41.22180229283842,"polygonAreaPixels":8101.5,"tileOrigin":[47707392,27510016],"tileWidth":1024,"tileHeight":1024,"zoom":18,"sourceRunId":"89986fef-1baf-433b-9690-b4d5a159d1cd","sourceDates":[20201109],"imageryRelease":"2021-12-21","isField":true,"edgeFragment":false}},{"type":"Feature","id":"T083.field_52","geometry":{"type":"Polygon","coordinates":[[[75.9253442287445,30.81624518001275],[75.92544078826904,30.816166860284437],[75.92569291591644,30.816166860284437],[75.9259021282196,30.816351141896476],[75.92561781406403,30.816632170674136],[75.92527985572815,30.816369570038233],[75.9253442287445,30.81624518001275]]]},"properties":{"id":"T083.field_52","tileId":"T083","modelObjectId":"field_52","label":"unburned-looking field","tags":["edge-truncated","tan-cover","faint-rows"],"note":"The visible lower fragment contains tan cover and faint cultivation lines.","visibility":"partial","center":[75.92559099197388,30.816399515761052],"polygon":[[538,980],[601,923],[654,984],[615,1024],[568,1024],[550,1007]],"holes":[],"bbox":[538,923,654,1024],"obb":[[531.1658354114714,986.1832917705735],[601.0000000000001,923],[657.5498753117207,985.502493765586],[587.715710723192,1048.6857855361595]],"obbLonLat":[[75.9255465515831,30.81605313169918],[75.92592117123473,30.81634421985354],[75.92561781406403,30.816632170674136],[75.92524319441242,30.816341083392423],[75.9255465515831,30.81605313169918]],"angle":-42.13759477388826,"polygonAreaPixels":7005,"tileOrigin":[47707392,27510016],"tileWidth":1024,"tileHeight":1024,"zoom":18,"sourceRunId":"89986fef-1baf-433b-9690-b4d5a159d1cd","sourceDates":[20201109],"imageryRelease":"2021-12-21","isField":true,"edgeFragment":true}},{"type":"Feature","id":"T083.field_53","geometry":{"type":"Polygon","coordinates":[[[75.9259021282196,30.816470924754714],[75.9260094165802,30.816374177073126],[75.92613279819489,30.81630046448841],[75.9262079000473,30.816415640377166],[75.9261703491211,30.816540030181898],[75.92607915401459,30.816655205783384],[75.92586994171143,30.816830272433148],[75.92567682266235,30.816669026846288],[75.9259021282196,30.816470924754714]]]},"properties":{"id":"T083.field_53","tileId":"T083","modelObjectId":"field_53","label":"unburned-looking field","tags":["green-cover","irregular-margin","tree-occlusion"],"note":"Green cover remains visible between neighboring fields and trees, without a distinct burn scar.","visibility":"partial","center":[75.92594236135483,30.816565368826073],"polygon":[[612,915],[648,880],[687,918],[704,943],[711,970],[697,995],[674,979],[654,958]],"holes":[],"bbox":[612,880,711,995],"obb":[[693.1309823677581,998.7481108312342],[611.9375314861461,914.935516372796],[649.1284634760706,878.9068010075567],[730.3219143576825,962.7193954659949]],"obbLonLat":[[75.92631155087307,30.816449182355107],[75.92587599526124,30.81683530881488],[75.92567648755514,30.816669323923687],[75.92611204316694,30.816283196796665],[75.92631155087307,30.816449182355107]],"angle":-134.09061955080085,"polygonAreaPixels":5274,"tileOrigin":[47707392,27510016],"tileWidth":1024,"tileHeight":1024,"zoom":18,"sourceRunId":"89986fef-1baf-433b-9690-b4d5a159d1cd","sourceDates":[20201109],"imageryRelease":"2021-12-21","isField":true,"edgeFragment":true}},{"type":"Feature","id":"T083.field_54","geometry":{"type":"Polygon","coordinates":[[[75.92611134052277,30.81666441982554],[75.92619717121124,30.816553851261364],[75.9263151884079,30.81648474584413],[75.92647075653076,30.81661834960594],[75.92649757862091,30.816761167214782],[75.92642784118652,30.816885556572053],[75.92647075653076,30.81698230373855],[75.9265673160553,30.81705601579999],[75.9264224767685,30.81719883275808],[75.92633664608002,30.817231081719225],[75.9258645772934,30.81687634255111],[75.92611134052277,30.81666441982554]]]},"properties":{"id":"T083.field_54","tileId":"T083","modelObjectId":"field_54","label":"unburned-looking field","tags":["pale-residue","curved-rows","tree-occlusion"],"note":"Pale curved rows cover this parcel, while trees conceal portions of its eastern and southern margins.","visibility":"partial","center":[75.92621594667435,30.81685791450658],"polygon":[[647,870],[735,793],[751,800],[778,831],[760,847],[752,868],[765,895],[760,926],[731,955],[709,940],[693,916]],"holes":[],"bbox":[647,793,778,955],"obb":[[726.1166514181153,959.325251601098],[647,870.0000000000001],[740.0237877401647,787.6075022872827],[819.1404391582801,876.9327538883806]],"obbLonLat":[[75.92678801056888,30.816844403274523],[75.92636359577753,30.817255924918857],[75.9258645772934,30.81687634255111],[75.92628899208472,30.816464819280448],[75.92678801056888,30.816844403274523]],"angle":-131.53177074108285,"polygonAreaPixels":11166,"tileOrigin":[47707392,27510016],"tileWidth":1024,"tileHeight":1024,"zoom":18,"sourceRunId":"89986fef-1baf-433b-9690-b4d5a159d1cd","sourceDates":[20201109],"imageryRelease":"2021-12-21","isField":true,"edgeFragment":true}},{"type":"Feature","id":"T083.field_55","geometry":{"type":"Polygon","coordinates":[[[75.92653512954712,30.817185011771418],[75.92659950256348,30.81708826480909],[75.9267657995224,30.81695005469388],[75.92698037624359,30.817028373783582],[75.92709302902222,30.817152762794805],[75.92698037624359,30.817263330669544],[75.92677652835846,30.817419968274205],[75.9266585111618,30.817479859055535],[75.92647612094879,30.817355470467923],[75.92653512954712,30.817185011771418]]]},"properties":{"id":"T083.field_55","tileId":"T083","modelObjectId":"field_55","label":"unburned-looking field","tags":["green-cover","irregular-boundary","tree-margin"],"note":"A coherent green parcel is visible inside tracks and wooded margins.","visibility":"partial","center":[75.9267845749855,30.817214957240008],"polygon":[[761,766],[795,739],[817,752],[855,786],[876,810],[855,837],[815,854],[784,824],[772,803]],"holes":[],"bbox":[761,739,876,854],"obb":[[827.1601289629233,865.7678667383128],[743.1386351423967,784.4567436861903],[796.4648038688878,729.3530360021493],[880.4862976894144,810.6641590542719]],"obbLonLat":[[75.92711709539842,30.817149703015694],[75.92666636898207,30.817524302432275],[75.92638030512111,30.817270440438964],[75.92683103153746,30.816895840032313],[75.92711709539842,30.817149703015694]],"angle":-135.9391909457356,"polygonAreaPixels":7548,"tileOrigin":[47707392,27510016],"tileWidth":1024,"tileHeight":1024,"zoom":18,"sourceRunId":"89986fef-1baf-433b-9690-b4d5a159d1cd","sourceDates":[20201109],"imageryRelease":"2021-12-21","isField":true,"edgeFragment":true}},{"type":"Feature","id":"T083.field_56","geometry":{"type":"Polygon","coordinates":[[[75.92698574066162,30.817009945768223],[75.92693209648132,30.816890163582183],[75.92697501182556,30.816761167214782],[75.9271252155304,30.816613742582764],[75.92740416526794,30.816830272433148],[75.92706084251404,30.817120513807367],[75.92698574066162,30.817009945768223]]]},"properties":{"id":"T083.field_56","tileId":"T083","modelObjectId":"field_56","label":"unburned-looking field","tags":["pale-residue","curved-lines","tree-margin"],"note":"Pale curved residue lines are visible across the field, with western margins partly hidden by trees.","visibility":"partial","center":[75.92716813087463,30.816867128529285],"polygon":[[870,817],[934,880],[882,927],[854,895],[846,867],[856,841]],"holes":[],"bbox":[846,817,934,927],"obb":[[870,817],[933.9999999999998,879.9999999999998],[884.9123372597642,929.8668319900804],[820.9123372597644,866.8668319900806]],"obbLonLat":[[75.926797515771,30.81689077708853],[75.9271408385249,30.816600535020104],[75.92740416526794,30.816830272433148],[75.92706084251404,30.817120513807367],[75.926797515771,30.81689077708853]],"angle":44.54886145321272,"polygonAreaPixels":5088,"tileOrigin":[47707392,27510016],"tileWidth":1024,"tileHeight":1024,"zoom":18,"sourceRunId":"89986fef-1baf-433b-9690-b4d5a159d1cd","sourceDates":[20201109],"imageryRelease":"2021-12-21","isField":true,"edgeFragment":true}},{"type":"Feature","id":"T083.field_57","geometry":{"type":"Polygon","coordinates":[[[75.92714667320251,30.816599921511905],[75.9271788597107,30.816526209100434],[75.9275758266449,30.816166860284437],[75.92788696289062,30.816166860284437],[75.92788696289062,30.816397212244237],[75.9274309873581,30.81680723736589],[75.92714667320251,30.816599921511905]]]},"properties":{"id":"T083.field_57","tileId":"T083","modelObjectId":"field_57","label":"unburned-looking field","tags":["edge-truncated","residue-rows","tan-cover"],"note":"Tan cover and long pale rows continue beyond the lower and right image edges.","visibility":"partial","center":[75.92751681804657,30.816487049358834],"polygon":[[939,885],[1024,974],[1024,1024],[966,1024],[892,946],[886,930]],"holes":[],"bbox":[886,885,1024,1024],"obb":[[993.4747404844288,1052.9598615916952],[881.1688581314877,934.5833910034601],[936.6595155709341,881.9384083044981],[1048.9653979238753,1000.3148788927333]],"obbLonLat":[[75.92802088772137,30.816275978634604],[75.92741843202126,30.816821342160683],[75.92712075693797,30.816578805717466],[75.92772321263811,30.81603344081431],[75.92802088772137,30.816275978634604]],"angle":-133.49256424122504,"polygonAreaPixels":10805,"tileOrigin":[47707392,27510016],"tileWidth":1024,"tileHeight":1024,"zoom":18,"sourceRunId":"89986fef-1baf-433b-9690-b4d5a159d1cd","sourceDates":[20201109],"imageryRelease":"2021-12-21","isField":true,"edgeFragment":true}},{"type":"Feature","id":"T083.field_58","geometry":{"type":"Polygon","coordinates":[[[75.92687845230103,30.81649395990263],[75.92682480812073,30.816401819277807],[75.92686772346497,30.816318892639888],[75.92699646949768,30.816166860284437],[75.92753291130066,30.816166860284437],[75.9271091222763,30.816567672338845],[75.92690527439117,30.816710490023045],[75.92687845230103,30.81649395990263]]]},"properties":{"id":"T083.field_58","tileId":"T083","modelObjectId":"field_58","label":"unburned-looking field","tags":["edge-truncated","pale-residue","tree-occlusion"],"note":"The visible lower fragment shows pale residue lines; trees interrupt its western boundary.","visibility":"partial","center":[75.9271788597107,30.81643867553834],"polygon":[[841,906],[879,937],[958,1024],[858,1024],[834,991],[826,973],[836,953]],"holes":[],"bbox":[826,906,958,1024],"obb":[[846.3989138305576,901.0975380159304],[958.0000000000001,1024],[903.1918899348299,1073.768283852281],[791.5908037653874,950.8658218682114]],"obbLonLat":[[75.92664022280806,30.816503792122734],[75.92723889768683,30.81593757530141],[75.92753291130066,30.816166860284437],[75.92693423642186,30.81673307575416],[75.92664022280806,30.816503792122734]],"angle":47.75910765862028,"polygonAreaPixels":7682,"tileOrigin":[47707392,27510016],"tileWidth":1024,"tileHeight":1024,"zoom":18,"sourceRunId":"89986fef-1baf-433b-9690-b4d5a159d1cd","sourceDates":[20201109],"imageryRelease":"2021-12-21","isField":true,"edgeFragment":true}},{"type":"Feature","id":"T084.f01","geometry":{"type":"Polygon","coordinates":[[[75.92788696289062,30.82061255555023],[75.92801034450531,30.82052963254788],[75.92834830284119,30.820884358222617],[75.92788696289062,30.820884358222617],[75.92788696289062,30.82061255555023]]]},"properties":{"id":"T084.f01","tileId":"T084","modelObjectId":"f01","label":"unburned-looking field","tags":["edge-truncated","green-cover","faint-rows"],"note":"Muted green cover has faint parallel texture without visible char-like patches.","visibility":"partial","center":[75.9281176328659,30.82070699554903],"polygon":[[0,0],[86,0],[23,77],[0,59]],"holes":[],"bbox":[0,0,86,77],"obb":[[0,0],[86,0],[86,77],[0,77]],"obbLonLat":[[75.92788696289062,30.82052963254788],[75.92834830284119,30.82052963254788],[75.92834830284119,30.820884358222617],[75.92788696289062,30.820884358222617],[75.92788696289062,30.82052963254788]],"angle":0,"polygonAreaPixels":3989.5,"tileOrigin":[47708416,27510016],"tileWidth":1024,"tileHeight":1024,"zoom":18,"sourceRunId":"d3550eda-99e3-4948-8be4-2ec4024988a0","sourceDates":[20201109],"imageryRelease":"2021-12-21","isField":true,"edgeFragment":true}},{"type":"Feature","id":"T084.f02","geometry":{"type":"Polygon","coordinates":[[[75.9280264377594,30.820515812040515],[75.92818200588226,30.82039142738485],[75.92870771884918,30.820884358222617],[75.92837512493134,30.820884358222617],[75.9280264377594,30.820515812040515]]]},"properties":{"id":"T084.f02","tileId":"T084","modelObjectId":"f02","label":"unburned-looking field","tags":["edge-truncated","green-cover","bund-separated"],"note":"A narrow green parcel is separated from neighboring cover by faint linear boundaries.","visibility":"partial","center":[75.92836707830429,30.820637893119997],"polygon":[[91,0],[153,0],[55,107],[26,80]],"holes":[],"bbox":[26,0,153,107],"obb":[[153,0],[55,107],[21.28328504251176,76.11927041276778],[119.28328504251175,-30.880729587232224]],"obbLonLat":[[75.92852684829558,30.821026620031645],[75.92800113532866,30.820533689924066],[75.92818200588226,30.82039142738485],[75.92870771884918,30.820884358222617],[75.92852684829558,30.821026620031645]],"angle":132.48618976382227,"polygonAreaPixels":5354.5,"tileOrigin":[47708416,27510016],"tileWidth":1024,"tileHeight":1024,"zoom":18,"sourceRunId":"d3550eda-99e3-4948-8be4-2ec4024988a0","sourceDates":[20201109],"imageryRelease":"2021-12-21","isField":true,"edgeFragment":true}},{"type":"Feature","id":"T084.f03","geometry":{"type":"Polygon","coordinates":[[[75.92819809913635,30.820377606857598],[75.92832684516907,30.820267042568066],[75.92906177043915,30.820884358222617],[75.92873454093933,30.820884358222617],[75.92819809913635,30.820377606857598]]]},"properties":{"id":"T084.f03","tileId":"T084","modelObjectId":"f03","label":"unburned-looking field","tags":["edge-truncated","green-cover","uniform-texture"],"note":"Relatively uniform green cover lacks visible ash-like or char-like mottling.","visibility":"partial","center":[75.92862993478775,30.820575700891347],"polygon":[[158,0],[219,0],[82,134],[58,110]],"holes":[],"bbox":[58,0,219,134],"obb":[[219.00000000000003,0],[81.73140912185163,134.26270932607218],[51.906603131381914,103.77018379850242],[189.17519400953032,-30.492525527569782]],"obbLonLat":[[75.92890177771216,30.821024831648675],[75.92816541160832,30.820406306636883],[75.92832540433534,30.820265832306106],[75.92906177043915,30.820884358222617],[75.92890177771216,30.821024831648675]],"angle":135.63424471442613,"polygonAreaPixels":6607,"tileOrigin":[47708416,27510016],"tileWidth":1024,"tileHeight":1024,"zoom":18,"sourceRunId":"d3550eda-99e3-4948-8be4-2ec4024988a0","sourceDates":[20201109],"imageryRelease":"2021-12-21","isField":true,"edgeFragment":true}},{"type":"Feature","id":"T084.f04","geometry":{"type":"Polygon","coordinates":[[[75.92834293842316,30.820248615174105],[75.92847168445587,30.820156478151244],[75.92941582202911,30.820884358222617],[75.9290885925293,30.820884358222617],[75.92834293842316,30.820248615174105]]]},"properties":{"id":"T084.f04","tileId":"T084","modelObjectId":"f04","label":"unburned-looking field","tags":["edge-truncated","green-cover","crop-transition"],"note":"Green cover meets the pale harvested area along a diagonal boundary.","visibility":"partial","center":[75.92887938022614,30.82052041887653],"polygon":[[224,0],[285,0],[109,158],[85,138]],"holes":[],"bbox":[85,0,285,158],"obb":[[285,0],[105.65241329996422,161.00521987844118],[78.43031819806933,130.6818734358241],[257.7779048981051,-30.323346442617094]],"obbLonLat":[[75.92926979133134,30.821024052272485],[75.92830769590364,30.820282328671734],[75.92845372660142,30.820142633542975],[75.92941582202911,30.820884358222617],[75.92926979133134,30.821024052272485]],"angle":138.08481233049758,"polygonAreaPixels":7865,"tileOrigin":[47708416,27510016],"tileWidth":1024,"tileHeight":1024,"zoom":18,"sourceRunId":"d3550eda-99e3-4948-8be4-2ec4024988a0","sourceDates":[20201109],"imageryRelease":"2021-12-21","isField":true,"edgeFragment":true}},{"type":"Feature","id":"T084.f05","geometry":{"type":"Polygon","coordinates":[[[75.92788696289062,30.81969118483546],[75.9281176328659,30.81987545968557],[75.9282785654068,30.819935348935722],[75.92845559120178,30.820138050736062],[75.92831075191498,30.820248615174105],[75.92788696289062,30.820571094058003],[75.92788696289062,30.81969118483546]]]},"properties":{"id":"T084.f05","tileId":"T084","modelObjectId":"f05","label":"unburned-looking field","tags":["edge-truncated","green-cover","fine-rows"],"note":"Fine cultivation lines remain visible through the haze; no distinct burn pattern is evident.","visibility":"partial","center":[75.9281712770462,30.820131140454453],"polygon":[[0,68],[79,138],[106,162],[73,206],[43,219],[0,259]],"holes":[],"bbox":[0,68,106,259],"obb":[[-1.1695376931857222e-14,259],[0,68],[106.00000000000001,68],[106,259]],"obbLonLat":[[75.92845559120178,30.81969118483546],[75.92845559120178,30.820571094058003],[75.92788696289062,30.820571094058003],[75.92788696289062,30.81969118483546],[75.92845559120178,30.81969118483546]],"angle":-90,"polygonAreaPixels":10537,"tileOrigin":[47708416,27510016],"tileWidth":1024,"tileHeight":1024,"zoom":18,"sourceRunId":"d3550eda-99e3-4948-8be4-2ec4024988a0","sourceDates":[20201109],"imageryRelease":"2021-12-21","isField":true,"edgeFragment":true}},{"type":"Feature","id":"T084.f06","geometry":{"type":"Polygon","coordinates":[[[75.92895448207855,30.820515812040515],[75.92850387096405,30.820142657590182],[75.9283697605133,30.819949169526616],[75.92868626117706,30.819916921478118],[75.92905104160309,30.82012883702714],[75.929394364357,30.820382213700245],[75.92995762825012,30.820884358222617],[75.92945337295532,30.820884358222617],[75.92895448207855,30.820515812040515]]]},"properties":{"id":"T084.f06","tileId":"T084","modelObjectId":"f06","label":"unburned-looking field","tags":["edge-truncated","pale-residue","curved-swaths"],"note":"Pale winding residue bands dominate this harvested area. Internal separations are faint.","visibility":"partial","center":[75.92916369438171,30.820400641068563],"polygon":[[292,0],[386,0],[281,109],[217,164],[149,210],[90,203],[115,161],[199,80]],"holes":[],"bbox":[90,0,386,210],"obb":[[75.54588344740512,186.19708950760847],[346.0239218552727,-46.472190843245386],[395.2338361352913,10.73433450727623],[124.75579772742373,243.40361485813008]],"obbLonLat":[[75.92855620514129,30.81976303541588],[75.93000716240718,30.820834907079785],[75.92974317985576,30.821098446929554],[75.92829222258987,30.820026578207056],[75.92855620514129,30.81976303541588]],"angle":-40.702613336058306,"polygonAreaPixels":20966,"tileOrigin":[47708416,27510016],"tileWidth":1024,"tileHeight":1024,"zoom":18,"sourceRunId":"d3550eda-99e3-4948-8be4-2ec4024988a0","sourceDates":[20201109],"imageryRelease":"2021-12-21","isField":true,"edgeFragment":true}},{"type":"Feature","id":"T084.f07","geometry":{"type":"Polygon","coordinates":[[[75.92941582202911,30.82037300001475],[75.92938899993896,30.82016108500449],[75.92986643314362,30.819792536046776],[75.93097150325775,30.820884358222617],[75.9299898147583,30.820884358222617],[75.92941582202911,30.82037300001475]]]},"properties":{"id":"T084.f07","tileId":"T084","modelObjectId":"f07","label":"unburned-looking field","tags":["edge-truncated","pale-residue","parallel-swaths"],"note":"Numerous pale residue swaths cross a muted brown-green surface without coherent char-like patches.","visibility":"partial","center":[75.93018025159836,30.82033844868628],"polygon":[[392,0],[575,0],[369,237],[280,157],[285,111]],"holes":[],"bbox":[280,0,575,237],"obb":[[575,0],[369,237],[258.76453526697424,141.18352010547133],[464.76453526697424,-95.81647989452867]],"obbLonLat":[[75.93038015414322,30.821325766334304],[75.92927508402909,30.820233949176778],[75.92986643314362,30.819792536046776],[75.93097150325775,30.820884358222617],[75.93038015414322,30.821325766334304]],"angle":130.9971141132139,"polygonAreaPixels":35335.5,"tileOrigin":[47708416,27510016],"tileWidth":1024,"tileHeight":1024,"zoom":18,"sourceRunId":"d3550eda-99e3-4948-8be4-2ec4024988a0","sourceDates":[20201109],"imageryRelease":"2021-12-21","isField":true,"edgeFragment":true}},{"type":"Feature","id":"T084.f08","geometry":{"type":"Polygon","coordinates":[[[75.92905640602112,30.82008276846931],[75.92869699001312,30.81989388715114],[75.92833757400513,30.819912314613166],[75.92814981937408,30.81973725358113],[75.9282785654068,30.819658936700336],[75.92841267585754,30.819479268320727],[75.92831075191498,30.81933184786077],[75.92850923538208,30.819202854772687],[75.92874526977539,30.819391737449912],[75.92892229557037,30.819525337168056],[75.92910468578339,30.819373309888],[75.92983961105347,30.819774108561766],[75.9293782711029,30.820138050736062],[75.92905640602112,30.82008276846931]]]},"properties":{"id":"T084.f08","tileId":"T084","modelObjectId":"f08","label":"unburned-looking field","tags":["pale-residue","irregular-boundary","curved-swaths"],"note":"Curved pale residue and turning patterns are visible. Darker interruptions follow vegetation and surface variation rather than a clear burn footprint.","visibility":"clear","center":[75.92899471521378,30.81967045389269],"polygon":[[278,162],[364,241],[227,328],[193,295],[160,324],[116,365],[79,337],[98,305],[73,266],[49,249],[84,211],[151,215],[218,174]],"holes":[],"bbox":[49,162,364,365],"obb":[[376.4,278.19999999999993],[90.5,373.49999999999994],[41.099999999999994,225.30000000000004],[327,130]],"obbLonLat":[[75.92964112758636,30.820285469958495],[75.92810744047165,30.819846436420136],[75.92837244272232,30.819163696122377],[75.92990612983704,30.819602732781817],[75.92964112758636,30.820285469958495]],"angle":161.56505117707798,"polygonAreaPixels":32383,"tileOrigin":[47708416,27510016],"tileWidth":1024,"tileHeight":1024,"zoom":18,"sourceRunId":"d3550eda-99e3-4948-8be4-2ec4024988a0","sourceDates":[20201109],"imageryRelease":"2021-12-21","isField":true,"edgeFragment":false}},{"type":"Feature","id":"T084.f09","geometry":{"type":"Polygon","coordinates":[[[75.92788696289062,30.819018578632026],[75.92824637889862,30.81934106164615],[75.92833757400513,30.81947466143477],[75.92824637889862,30.819608261037555],[75.92805862426758,30.81972343295975],[75.92788696289062,30.81963129543304],[75.92788696289062,30.819018578632026]]]},"properties":{"id":"T084.f09","tileId":"T084","modelObjectId":"f09","label":"unburned-looking field","tags":["edge-truncated","pale-surface","faint-rows"],"note":"A pale cultivated fragment reaches the left edge, with trees obscuring parts of its upper boundary.","visibility":"partial","center":[75.92811226844788,30.81937100644252],"polygon":[[0,272],[32,252],[67,277],[84,306],[67,335],[0,405]],"holes":[],"bbox":[0,252,84,405],"obb":[[95.97220151240813,304.7305357333049],[2.842170943040401e-14,404.99999999999994],[-66.43625519224622,341.4110128874214],[29.535946320161884,241.14154862072635]],"obbLonLat":[[75.92804540605357,30.81977345646542],[75.92753057104542,30.81931152679463],[75.92788696289062,30.819018578632026],[75.92840179789877,30.819480509711823],[75.92804540605357,30.81977345646542]],"angle":133.74554837731847,"polygonAreaPixels":7641.5,"tileOrigin":[47708416,27510016],"tileWidth":1024,"tileHeight":1024,"zoom":18,"sourceRunId":"d3550eda-99e3-4948-8be4-2ec4024988a0","sourceDates":[20201109],"imageryRelease":"2021-12-21","isField":true,"edgeFragment":true}},{"type":"Feature","id":"T084.f10","geometry":{"type":"Polygon","coordinates":[[[75.92788696289062,30.818410464859276],[75.92824101448059,30.818705308381457],[75.92890620231628,30.81927195823427],[75.9287291765213,30.81935948921425],[75.92849314212799,30.819175213374127],[75.92788696289062,30.818958688810184],[75.92788696289062,30.818410464859276]]]},"properties":{"id":"T084.f10","tileId":"T084","modelObjectId":"f10","label":"unburned-looking field","tags":["edge-truncated","pale-residue","winding-rows"],"note":"Closely spaced pale winding swaths cover the visible fragment without distinct ash-like patches.","visibility":"partial","center":[75.92839658260345,30.818884978208963],"polygon":[[0,418],[113,371],[157,331],[190,350],[66,473],[0,537]],"holes":[],"bbox":[0,331,190,537],"obb":[[191.37813535257928,351.4212020823474],[0,537],[-59.471840984382396,475.66966398485556],[131.90629436819688,290.090866067203]],"obbLonLat":[[75.92859456339437,30.819547952974133],[75.92756793107458,30.81869300944436],[75.92788696289062,30.818410464859276],[75.92891359521042,30.819265410904176],[75.92859456339437,30.819547952974133]],"angle":135.88140399658215,"polygonAreaPixels":13097,"tileOrigin":[47708416,27510016],"tileWidth":1024,"tileHeight":1024,"zoom":18,"sourceRunId":"d3550eda-99e3-4948-8be4-2ec4024988a0","sourceDates":[20201109],"imageryRelease":"2021-12-21","isField":true,"edgeFragment":true}},{"type":"Feature","id":"T084.f11","geometry":{"type":"Polygon","coordinates":[[[75.9289276599884,30.819202854772687],[75.92909932136536,30.819350275430647],[75.92891693115234,30.819502302747146],[75.92875063419342,30.819368702996975],[75.9289276599884,30.819202854772687]]]},"properties":{"id":"T084.f11","tileId":"T084","modelObjectId":"f11","label":"unburned-looking field","tags":["green-cover","compact-parcel","crop-transition"],"note":"This small green parcel contrasts clearly with surrounding pale residue.","visibility":"clear","center":[75.92892497777939,30.81935257887663],"polygon":[[161,329],[192,300],[226,333],[194,365]],"holes":[],"bbox":[161,300,226,365],"obb":[[225.99999999999997,333.00000000000006],[194,365],[159.49999999999994,330.5],[191.49999999999994,298.5]],"obbLonLat":[[75.92891424894333,30.819509213074],[75.92874258756638,30.819361792660008],[75.9289276599884,30.819202854772687],[75.92909932136536,30.819350275430647],[75.92891424894333,30.819509213074]],"angle":135,"polygonAreaPixels":2108.5,"tileOrigin":[47708416,27510016],"tileWidth":1024,"tileHeight":1024,"zoom":18,"sourceRunId":"d3550eda-99e3-4948-8be4-2ec4024988a0","sourceDates":[20201109],"imageryRelease":"2021-12-21","isField":true,"edgeFragment":false}},{"type":"Feature","id":"T084.f12","geometry":{"type":"Polygon","coordinates":[[[75.93030631542206,30.820313111037503],[75.93059599399567,30.82008276846931],[75.93160450458527,30.820884358222617],[75.93100368976593,30.820884358222617],[75.93030631542206,30.820313111037503]]]},"properties":{"id":"T084.f12","tileId":"T084","modelObjectId":"f12","label":"unburned-looking field","tags":["edge-truncated","green-cover","parallel-rows"],"note":"A darker green strip contains regular crop texture, without diagnostic burn evidence.","visibility":"partial","center":[75.93095541000366,30.820483564182297],"polygon":[[581,0],[693,0],[505,174],[451,124]],"holes":[],"bbox":[451,0,693,174],"obb":[[693.0000000000001,5.684341886080802e-14],[500.8400487656203,177.85016763181957],[449.16507162450466,122.01743370923495],[641.3250228588845,-55.832733922584566]],"obbLonLat":[[75.93132729840622,30.821141569146175],[75.93029647209917,30.820322244414335],[75.93057367827828,30.82006503129639],[75.93160450458527,30.820884358222617],[75.93132729840622,30.821141569146175]],"angle":137.21475512731925,"polygonAreaPixels":16342,"tileOrigin":[47708416,27510016],"tileWidth":1024,"tileHeight":1024,"zoom":18,"sourceRunId":"d3550eda-99e3-4948-8be4-2ec4024988a0","sourceDates":[20201109],"imageryRelease":"2021-12-21","isField":true,"edgeFragment":true}},{"type":"Feature","id":"T084.f13","geometry":{"type":"Polygon","coordinates":[[[75.92987716197968,30.819783322304716],[75.93005418777466,30.81962208167551],[75.93057453632355,30.820059734182102],[75.93029022216797,30.82029007680555],[75.92987716197968,30.819783322304716]]]},"properties":{"id":"T084.f13","tileId":"T084","modelObjectId":"f13","label":"unburned-looking field","tags":["green-cover","narrow-parcel","row-texture"],"note":"The narrow parcel has continuous green row texture and a few pale surface marks.","visibility":"clear","center":[75.93022584915161,30.819956079821317],"polygon":[[448,129],[501,179],[404,274],[371,239]],"holes":[],"bbox":[371,129,501,274],"obb":[[448,128.99999999999997],[501.00000000000006,179.00000000000003],[407.90337163307595,277.68242606893955],[354.9033716330759,227.68242606893952]],"obbLonLat":[[75.92979081293623,30.819835460896552],[75.93007512709181,30.819605117182736],[75.93057453632355,30.820059734182102],[75.93029022216797,30.82029007680555],[75.92979081293623,30.819835460896552]],"angle":43.33166255170669,"polygonAreaPixels":8105,"tileOrigin":[47708416,27510016],"tileWidth":1024,"tileHeight":1024,"zoom":18,"sourceRunId":"d3550eda-99e3-4948-8be4-2ec4024988a0","sourceDates":[20201109],"imageryRelease":"2021-12-21","isField":true,"edgeFragment":false}},{"type":"Feature","id":"T084.f14","geometry":{"type":"Polygon","coordinates":[[[75.929034948349,30.819133751261376],[75.92921733856201,30.81896790263136],[75.93002736568451,30.81959444039761],[75.92985570430756,30.819755681073218],[75.929034948349,30.819133751261376]]]},"properties":{"id":"T084.f14","tileId":"T084","modelObjectId":"f14","label":"unburned-looking field","tags":["green-cover","parallel-rows","track-bounded"],"note":"Long parallel green bands occupy the parcel between pale harvested cover and a diagonal track.","visibility":"clear","center":[75.92953115701675,30.819361792660008],"polygon":[[367,245],[399,280],[248,416],[214,380]],"holes":[],"bbox":[214,245,399,416],"obb":[[398.99999999999994,279.99999999999994],[247.12976729544516,416.78378574714867],[214,380],[365.8702327045548,243.21621425285127]],"obbLonLat":[[75.92984964376348,30.81976389874651],[75.929034948349,30.819133751261376],[75.92921267027003,30.818964291800615],[75.93002736568451,30.81959444039761],[75.92984964376348,30.81976389874651]],"angle":137.991830745969,"polygonAreaPixels":9867.5,"tileOrigin":[47708416,27510016],"tileWidth":1024,"tileHeight":1024,"zoom":18,"sourceRunId":"d3550eda-99e3-4948-8be4-2ec4024988a0","sourceDates":[20201109],"imageryRelease":"2021-12-21","isField":true,"edgeFragment":false}},{"type":"Feature","id":"T084.f15","geometry":{"type":"Polygon","coordinates":[[[75.92835366725922,30.818645418364266],[75.92830538749695,30.81847496195709],[75.92837512493134,30.818327539955572],[75.92850923538208,30.81836900241637],[75.9291797876358,30.818921833516644],[75.92895448207855,30.819096896035006],[75.92835366725922,30.818645418364266]]]},"properties":{"id":"T084.f15","tileId":"T084","modelObjectId":"f15","label":"unburned-looking field","tags":["green-cover","elongated-parcel","tree-occlusion"],"note":"Green rows dominate this elongated parcel, with trees interrupting its southwestern margin.","visibility":"clear","center":[75.92874258756638,30.818712218765654],"polygon":[[199,388],[241,426],[116,546],[91,555],[78,523],[87,486]],"holes":[],"bbox":[78,388,241,555],"obb":[[241,426],[98.49375520399673,562.8059950041632],[54.610324729392175,517.0940882597836],[197.11656952539545,380.2880932556203]],"obbLonLat":[[75.92894437857015,30.81913242404385],[75.92817991550123,30.818502170098903],[75.92841532456688,30.818291578189765],[75.9291797876358,30.818921833516644],[75.92894437857015,30.81913242404385]],"angle":136.1691393279074,"polygonAreaPixels":10941,"tileOrigin":[47708416,27510016],"tileWidth":1024,"tileHeight":1024,"zoom":18,"sourceRunId":"d3550eda-99e3-4948-8be4-2ec4024988a0","sourceDates":[20201109],"imageryRelease":"2021-12-21","isField":true,"edgeFragment":false}},{"type":"Feature","id":"T084.f16","geometry":{"type":"Polygon","coordinates":[[[75.92788696289062,30.817958983961788],[75.92834830284119,30.81838282323266],[75.92824101448059,30.818539459011607],[75.92788696289062,30.818281470533687],[75.92788696289062,30.817958983961788]]]},"properties":{"id":"T084.f16","tileId":"T084","modelObjectId":"f16","label":"unburned-looking field","tags":["edge-truncated","green-cover","parallel-rows"],"note":"A narrow green field fragment extends beyond the left image boundary.","visibility":"partial","center":[75.9281176328659,30.818249221925218],"polygon":[[0,565],[66,509],[86,543],[0,635]],"holes":[],"bbox":[0,509,86,635],"obb":[[93.63480453972261,534.8325346784363],[0,635],[-34.920554854981106,602.3568726355611],[58.7142496847415,502.18940731399744]],"obbLonLat":[[75.92820193067024,30.81857083493649],[75.92769963443655,30.81810936938566],[75.92788696289062,30.817958983961788],[75.92838925912432,30.818420450235163],[75.92820193067024,30.81857083493649]],"angle":133.06941255883302,"polygonAreaPixels":4692,"tileOrigin":[47708416,27510016],"tileWidth":1024,"tileHeight":1024,"zoom":18,"sourceRunId":"d3550eda-99e3-4948-8be4-2ec4024988a0","sourceDates":[20201109],"imageryRelease":"2021-12-21","isField":true,"edgeFragment":true}},{"type":"Feature","id":"T084.f17","geometry":{"type":"Polygon","coordinates":[[[75.93111097812653,30.820308504191555],[75.93156158924103,30.819921528342853],[75.9322589635849,30.82055266672238],[75.93203365802765,30.820769187692648],[75.93187272548676,30.820884358222617],[75.9316474199295,30.820884358222617],[75.93111097812653,30.820308504191555]]]},"properties":{"id":"T084.f17","tileId":"T084","modelObjectId":"f17","label":"unburned-looking field","tags":["edge-truncated","muted-cover","fine-rows"],"note":"Muted green cover and fine cultivation lines are visible through haze, without a coherent burn pattern.","visibility":"partial","center":[75.93168497085571,30.820402944489363],"polygon":[[701,0],[743,0],[773,25],[815,72],[685,209],[601,125]],"holes":[],"bbox":[601,0,815,209],"obb":[[818.5680843309317,68.23978805124898],[685,209],[589.0627435588326,117.96464717261489],[722.6308278897643,-22.795564776136132]],"obbLonLat":[[75.93176345673263,30.820989373193278],[75.93104694169284,30.820340914973542],[75.93156158924103,30.819921528342853],[75.93227810428081,30.820569989394368],[75.93176345673263,30.820989373193278]],"angle":133.49820747764065,"polygonAreaPixels":23631,"tileOrigin":[47708416,27510016],"tileWidth":1024,"tileHeight":1024,"zoom":18,"sourceRunId":"d3550eda-99e3-4948-8be4-2ec4024988a0","sourceDates":[20201109],"imageryRelease":"2021-12-21","isField":true,"edgeFragment":true}},{"type":"Feature","id":"T084.f18","geometry":{"type":"Polygon","coordinates":[[[75.93208730220795,30.82075536721977],[75.93229651451111,30.82058030772449],[75.93279004096985,30.82035917948485],[75.93298316001892,30.820884358222617],[75.93208193778992,30.820884358222617],[75.93208730220795,30.82075536721977]]]},"properties":{"id":"T084.f18","tileId":"T084","modelObjectId":"f18","label":"unburned-looking field","tags":["edge-truncated","muted-cover","faint-boundary"],"note":"The visible field surface is relatively uniform; vegetation obscures a small portion of the upper margin.","visibility":"partial","center":[75.93253254890442,30.82062176921274],"polygon":[[782,0],[950,0],[914,114],[822,66],[783,28]],"holes":[],"bbox":[782,0,950,114],"obb":[[782,0],[950,0],[950,114],[782,114]],"obbLonLat":[[75.93208193778992,30.82035917948485],[75.93298316001892,30.82035917948485],[75.93298316001892,30.820884358222617],[75.93208193778992,30.820884358222617],[75.93208193778992,30.82035917948485]],"angle":0,"polygonAreaPixels":12179,"tileOrigin":[47708416,27510016],"tileWidth":1024,"tileHeight":1024,"zoom":18,"sourceRunId":"d3550eda-99e3-4948-8be4-2ec4024988a0","sourceDates":[20201109],"imageryRelease":"2021-12-21","isField":true,"edgeFragment":true}},{"type":"Feature","id":"T084.f19","geometry":{"type":"Polygon","coordinates":[[[75.93289732933044,30.8205987350548],[75.93282222747803,30.820345358952974],[75.93313872814178,30.820193332970998],[75.93338012695312,30.820133443881712],[75.93338012695312,30.820884358222617],[75.93302071094513,30.820884358222617],[75.93289732933044,30.8205987350548]]]},"properties":{"id":"T084.f19","tileId":"T084","modelObjectId":"f19","label":"unburned-looking field","tags":["edge-truncated","pale-residue","curved-swaths"],"note":"Pale curved residue lines cover this upper-right fragment.","visibility":"partial","center":[75.93310117721558,30.820508901786095],"polygon":[[957,0],[1024,0],[1024,163],[979,150],[920,117],[934,62]],"holes":[],"bbox":[920,0,1024,163],"obb":[[920,0],[1024,0],[1024,163],[920,163]],"obbLonLat":[[75.93282222747803,30.820133443881712],[75.93338012695312,30.820133443881712],[75.93338012695312,30.820884358222617],[75.93282222747803,30.820884358222617],[75.93282222747803,30.820133443881712]],"angle":0,"polygonAreaPixels":12953,"tileOrigin":[47708416,27510016],"tileWidth":1024,"tileHeight":1024,"zoom":18,"sourceRunId":"d3550eda-99e3-4948-8be4-2ec4024988a0","sourceDates":[20201109],"imageryRelease":"2021-12-21","isField":true,"edgeFragment":true}},{"type":"Feature","id":"T084.f20","geometry":{"type":"Polygon","coordinates":[[[75.93158841133118,30.81989849401697],[75.93234479427338,30.81951151651617],[75.9330689907074,30.820147264444095],[75.93229115009308,30.82052502571231],[75.93158841133118,30.81989849401697]]]},"properties":{"id":"T084.f20","tileId":"T084","modelObjectId":"f20","label":"unburned-looking field","tags":["muted-cover","parallel-texture","haze"],"note":"Broad, subdued cultivation texture is visible without clearly charred or ash-like areas.","visibility":"clear","center":[75.93232870101929,30.82001827245121],"polygon":[[821,78],[966,160],[831,298],[690,214]],"holes":[],"bbox":[690,78,966,298],"obb":[[690,214],[849.8143422048965,48.08587374148135],[965.9999999999998,160],[806.1856577951032,325.91412625851865]],"obbLonLat":[[75.93221167976864,30.81938291928033],[75.9330689907074,30.820147264444095],[75.93244572226993,30.820662835077428],[75.93158841133118,30.81989849401697],[75.93221167976864,30.81938291928033]],"angle":-46.07282927579154,"polygonAreaPixels":30630,"tileOrigin":[47708416,27510016],"tileWidth":1024,"tileHeight":1024,"zoom":18,"sourceRunId":"d3550eda-99e3-4948-8be4-2ec4024988a0","sourceDates":[20201109],"imageryRelease":"2021-12-21","isField":true,"edgeFragment":false}},{"type":"Feature","id":"T084.f21","geometry":{"type":"Polygon","coordinates":[[[75.93061745166779,30.820050520465674],[75.93107342720032,30.819497695862307],[75.93154013156891,30.81989388715114],[75.93109488487244,30.820280863111215],[75.93061745166779,30.820050520465674]]]},"properties":{"id":"T084.f21","tileId":"T084","modelObjectId":"f21","label":"unburned-looking field","tags":["row-texture","muted-cover","bund-separated"],"note":"Parallel pale lines cross the green-brown surface, bounded by faint straight bunds.","visibility":"clear","center":[75.93107879161835,30.819889280285075],"polygon":[[598,131],[681,215],[594,301],[509,181]],"holes":[],"bbox":[509,131,681,301],"obb":[[594,301],[509,181.00000000000003],[607.4971098265896,111.2312138728324],[692.4971098265896,231.2312138728324]],"obbLonLat":[[75.93160180687212,30.81981911209553],[75.93114583133959,30.82037193484874],[75.93061745166779,30.820050520465674],[75.93107342720032,30.819497695862307],[75.93160180687212,30.81981911209553]],"angle":-125.31121343963319,"polygonAreaPixels":14688,"tileOrigin":[47708416,27510016],"tileWidth":1024,"tileHeight":1024,"zoom":18,"sourceRunId":"d3550eda-99e3-4948-8be4-2ec4024988a0","sourceDates":[20201109],"imageryRelease":"2021-12-21","isField":true,"edgeFragment":false}},{"type":"Feature","id":"T084.f22","geometry":{"type":"Polygon","coordinates":[[[75.93008637428284,30.81959444039761],[75.93061745166779,30.819110716746557],[75.93104660511017,30.819479268320727],[75.93059599399567,30.82002287931108],[75.93008637428284,30.81959444039761]]]},"properties":{"id":"T084.f22","tileId":"T084","modelObjectId":"f22","label":"unburned-looking field","tags":["pale-residue","parallel-rows","uniform-surface"],"note":"Pale linear residue is distributed across the parcel without visible burn-like mottling.","visibility":"clear","center":[75.9305664896965,30.819566799111755],"polygon":[[505,187],[589,305],[509,385],[410,280]],"holes":[],"bbox":[410,187,589,385],"obb":[[509.00000000000006,385.00000000000006],[408.2886776145203,278.18496110630946],[505,186.99999999999997],[605.7113223854798,293.8150388936906]],"obbLonLat":[[75.93113625162925,30.81953079614582],[75.93059599399567,30.82002287931108],[75.9300771940342,30.819602802064196],[75.93061745166779,30.819110716746557],[75.93113625162925,30.81953079614582]],"angle":-133.31531568210372,"polygonAreaPixels":17671,"tileOrigin":[47708416,27510016],"tileWidth":1024,"tileHeight":1024,"zoom":18,"sourceRunId":"d3550eda-99e3-4948-8be4-2ec4024988a0","sourceDates":[20201109],"imageryRelease":"2021-12-21","isField":true,"edgeFragment":false}},{"type":"Feature","id":"T084.f23","geometry":{"type":"Polygon","coordinates":[[[75.9310895204544,30.819479268320727],[75.93142211437225,30.81954837158343],[75.93188345432281,30.819138358163674],[75.93231797218323,30.819488482091963],[75.93156158924103,30.819870852818628],[75.9310895204544,30.819479268320727]]]},"properties":{"id":"T084.f23","tileId":"T084","modelObjectId":"f23","label":"unburned-looking field","tags":["muted-cover","linear-texture","faint-bunds"],"note":"The surface has subdued linear texture and gradual tonal variation, not a distinct char-like footprint.","visibility":"clear","center":[75.93170374631882,30.819504606189486],"polygon":[[685,220],[826,303],[745,379],[659,290],[597,305]],"holes":[],"bbox":[597,220,826,379],"obb":[[656.8052670900262,203.40310048561824],[826.0000000000001,303],[766.1947329099739,404.5968995143818],[597,305]],"obbLonLat":[[75.9310895204544,30.819479268320727],[75.93199715173017,30.819020435678844],[75.93231797218323,30.819488482091963],[75.93141034090746,30.81994731249776],[75.9310895204544,30.819479268320727]],"angle":30.48330004114537,"polygonAreaPixels":14861.5,"tileOrigin":[47708416,27510016],"tileWidth":1024,"tileHeight":1024,"zoom":18,"sourceRunId":"d3550eda-99e3-4948-8be4-2ec4024988a0","sourceDates":[20201109],"imageryRelease":"2021-12-21","isField":true,"edgeFragment":false}},{"type":"Feature","id":"T084.f24","geometry":{"type":"Polygon","coordinates":[[[75.931915640831,30.819119930553143],[75.93242526054382,30.81898172336147],[75.93275785446167,30.81928577892063],[75.93300461769104,30.819562192230006],[75.93332648277283,30.819990631287343],[75.93309581279755,30.82010119589509],[75.93235552310944,30.81947466143477],[75.931915640831,30.819119930553143]]]},"properties":{"id":"T084.f24","tileId":"T084","modelObjectId":"f24","label":"unburned-looking field","tags":["elongated-parcel","pale-rows","vegetation-margin"],"note":"Pale rows and muted cover extend along this elongated field. Trees interrupt portions of its outer margin.","visibility":"clear","center":[75.93262106180191,30.81954146125939],"polygon":[[833,306],[971,170],[1014,194],[954,287],[908,347],[846,413],[751,383]],"holes":[],"bbox":[751,170,1014,413],"obb":[[751,382.9999999999999],[981.201239215519,160.12334566861102],[1042.1580053109237,223.08338576715119],[811.9567660954046,445.96004009854005]],"obbLonLat":[[75.93224263840608,30.818829879312855],[75.9334775340842,30.819856648069273],[75.93315053650912,30.820146696208628],[75.931915640831,30.819119930553143],[75.93224263840608,30.818829879312855]],"angle":-44.073820964603875,"polygonAreaPixels":21463,"tileOrigin":[47708416,27510016],"tileWidth":1024,"tileHeight":1024,"zoom":18,"sourceRunId":"d3550eda-99e3-4948-8be4-2ec4024988a0","sourceDates":[20201109],"imageryRelease":"2021-12-21","isField":true,"edgeFragment":false}},{"type":"Feature","id":"T084.f25","geometry":{"type":"Polygon","coordinates":[[[75.93324601650238,30.81953455093487],[75.93311727046967,30.819267351338382],[75.93298316001892,30.818944868076763],[75.93338012695312,30.81874216375809],[75.93338012695312,30.81982017726766],[75.93324601650238,30.81953455093487]]]},"properties":{"id":"T084.f25","tileId":"T084","modelObjectId":"f25","label":"unburned-looking field","tags":["edge-truncated","green-cover","irregular-margin"],"note":"The visible green field fragment follows an irregular margin beside the right edge.","visibility":"partial","center":[75.93318164348602,30.8192811720254],"polygon":[[1024,231],[1024,465],[950,421],[975,351],[999,293]],"holes":[],"bbox":[950,231,1024,465],"obb":[[1024,231],[1024,465],[950,465],[950,231]],"obbLonLat":[[75.93298316001892,30.81982017726766],[75.93298316001892,30.81874216375809],[75.93338012695312,30.81874216375809],[75.93338012695312,30.81982017726766],[75.93298316001892,30.81982017726766]],"angle":90,"polygonAreaPixels":8854,"tileOrigin":[47708416,27510016],"tileWidth":1024,"tileHeight":1024,"zoom":18,"sourceRunId":"d3550eda-99e3-4948-8be4-2ec4024988a0","sourceDates":[20201109],"imageryRelease":"2021-12-21","isField":true,"edgeFragment":true}},{"type":"Feature","id":"T084.f26","geometry":{"type":"Polygon","coordinates":[[[75.9308534860611,30.81928577892063],[75.93144357204437,30.818838909054467],[75.93185126781464,30.81912453745611],[75.93140602111816,30.819525337168056],[75.9310895204544,30.819456233888772],[75.9308534860611,30.81928577892063]]]},"properties":{"id":"T084.f26","tileId":"T084","modelObjectId":"f26","label":"unburned-looking field","tags":["parallel-rows","muted-cover","bund-separated"],"note":"Regular rows cover this central-right parcel without visible char-like patches.","visibility":"clear","center":[75.93135237693787,30.819182123724506],"polygon":[[597,310],[656,295],[739,382],[663,444],[553,347]],"holes":[],"bbox":[553,295,739,444],"obb":[[632.8934154101535,270.77984506847406],[738.9999999999999,381.9999999999999],[659.1065845898463,458.2201549315257],[552.9999999999999,346.9999999999999]],"obbLonLat":[[75.9308534860611,30.81928577892063],[75.93142268613653,30.81877339796497],[75.93185126781464,30.81912453745611],[75.9312820677392,30.819636916538446],[75.9308534860611,30.81928577892063]],"angle":46.3478872801986,"polygonAreaPixels":14496,"tileOrigin":[47708416,27510016],"tileWidth":1024,"tileHeight":1024,"zoom":18,"sourceRunId":"d3550eda-99e3-4948-8be4-2ec4024988a0","sourceDates":[20201109],"imageryRelease":"2021-12-21","isField":true,"edgeFragment":false}},{"type":"Feature","id":"T084.f27","geometry":{"type":"Polygon","coordinates":[[[75.93064427375793,30.819092289130722],[75.93073546886444,30.819000150998512],[75.93127727508545,30.818571707522615],[75.93142211437225,30.81881126755116],[75.930837392807,30.819258137545937],[75.93064427375793,30.819092289130722]]]},"properties":{"id":"T084.f27","tileId":"T084","modelObjectId":"f27","label":"unburned-looking field","tags":["pale-rows","muted-cover","tree-margin"],"note":"The parcel shows continuous pale cultivation lines; a tree touches its western margin.","visibility":"clear","center":[75.9310331940651,30.818914923147528],"polygon":[[550,353],[659,450],[632,502],[531,409],[514,389]],"holes":[],"bbox":[514,353,659,502],"obb":[[631.9999999999999,501.9999999999999],[511.8341114058355,391.35220159151197],[550.134323607427,349.75734748010615],[670.3002122015913,460.40514588859406]],"obbLonLat":[[75.93148273343434,30.81876333188656],[75.93083811337496,30.819273076109145],[75.93063265502613,30.81908145276224],[75.93127727508545,30.818571707522615],[75.93148273343434,30.81876333188656]],"angle":-137.36137465817563,"polygonAreaPixels":8521,"tileOrigin":[47708416,27510016],"tileWidth":1024,"tileHeight":1024,"zoom":18,"sourceRunId":"d3550eda-99e3-4948-8be4-2ec4024988a0","sourceDates":[20201109],"imageryRelease":"2021-12-21","isField":true,"edgeFragment":false}},{"type":"Feature","id":"T084.f28","geometry":{"type":"Polygon","coordinates":[[[75.92965185642242,30.819216675468976],[75.93014001846313,30.818723736071544],[75.9305852651596,30.81908307532148],[75.93009173870087,30.819571405993283],[75.92965185642242,30.819216675468976]]]},"properties":{"id":"T084.f28","tileId":"T084","modelObjectId":"f28","label":"unburned-looking field","tags":["pale-residue","curved-rows","tonal-variation"],"note":"Pale curved residue lines and brown-green cover coexist without a diagnostic burned patch.","visibility":"clear","center":[75.93011856079102,30.81914757196761],"polygon":[[411,285],[503,391],[420,469],[329,362]],"holes":[],"bbox":[329,285,503,469],"obb":[[411,284.99999999999994],[505.9514720812183,394.4006091370558],[420.00000000000006,469],[325.04852791878176,359.5993908629441]],"obbLonLat":[[75.92963065907435,30.81922773483081],[75.93014001846313,30.818723736071544],[75.93060109808965,30.819067409037505],[75.93009173870087,30.819571405993283],[75.92963065907435,30.81922773483081]],"angle":49.04448557418111,"polygonAreaPixels":15877.5,"tileOrigin":[47708416,27510016],"tileWidth":1024,"tileHeight":1024,"zoom":18,"sourceRunId":"d3550eda-99e3-4948-8be4-2ec4024988a0","sourceDates":[20201109],"imageryRelease":"2021-12-21","isField":true,"edgeFragment":false}},{"type":"Feature","id":"T084.f29","geometry":{"type":"Polygon","coordinates":[[[75.92917442321777,30.818797446796523],[75.92963576316833,30.8183367538373],[75.93011319637299,30.818700701458393],[75.9296303987503,30.81919364097405],[75.92917442321777,30.818797446796523]]]},"properties":{"id":"T084.f29","tileId":"T084","modelObjectId":"f29","label":"unburned-looking field","tags":["pale-residue","curved-swaths","bund-separated"],"note":"Winding pale residue swaths stand out against the muted field surface.","visibility":"clear","center":[75.92964380979538,30.818765198361312],"polygon":[[325,367],[415,474],[326,553],[240,453]],"holes":[],"bbox":[240,367,415,553],"obb":[[325.99999999999994,553],[233.62267187859277,445.5845021844102],[325,367],[417.3773281214072,474.41549781558973]],"obbLonLat":[[75.93012594935482,30.81869878729185],[75.9296303987503,30.81919364097405],[75.92914021256382,30.818831609384848],[75.92963576316833,30.8183367538373],[75.93012594935482,30.81869878729185]],"angle":-130.69553103949204,"polygonAreaPixels":16264.5,"tileOrigin":[47708416,27510016],"tileWidth":1024,"tileHeight":1024,"zoom":18,"sourceRunId":"d3550eda-99e3-4948-8be4-2ec4024988a0","sourceDates":[20201109],"imageryRelease":"2021-12-21","isField":true,"edgeFragment":false}},{"type":"Feature","id":"T084.f30","geometry":{"type":"Polygon","coordinates":[[[75.92864334583282,30.818345967718138],[75.92904567718506,30.817853023851818],[75.92960894107819,30.81830911218947],[75.92914760112762,30.818774412201048],[75.92864334583282,30.818345967718138]]]},"properties":{"id":"T084.f30","tileId":"T084","modelObjectId":"f30","label":"unburned-looking field","tags":["pale-residue","turning-patterns","heterogeneous-cover"],"note":"Curving residue and turning patterns produce alternating light and dark bands, without clear char or ash evidence.","visibility":"clear","center":[75.9291261434555,30.818313719131325],"polygon":[[235,458],[321,559],[216,658],[141,551]],"holes":[],"bbox":[141,458,321,658],"obb":[[325.8854796888506,554.3936905790839],[216.00000000000009,658.0000000000001],[125.1145203111495,561.6063094209162],[235,457.99999999999994]],"obbLonLat":[[75.92914760112762,30.818774412201048],[75.92855812947917,30.818297105072475],[75.92904567718506,30.817853023851818],[75.92963514883351,30.818330333187316],[75.92914760112762,30.818774412201048]],"angle":136.68468431789628,"polygonAreaPixels":18076,"tileOrigin":[47708416,27510016],"tileWidth":1024,"tileHeight":1024,"zoom":18,"sourceRunId":"d3550eda-99e3-4948-8be4-2ec4024988a0","sourceDates":[20201109],"imageryRelease":"2021-12-21","isField":true,"edgeFragment":false}},{"type":"Feature","id":"T084.f31","geometry":{"type":"Polygon","coordinates":[[[75.93074083328247,30.818111013480586],[75.9312504529953,30.818548672873],[75.9308910369873,30.818894192037202],[75.93082666397095,30.818875764379825],[75.93073010444641,30.81889879895099],[75.93070328235626,30.818986330271066],[75.93061208724976,30.819055433888455],[75.93016147613525,30.818696094535092],[75.93074083328247,30.818111013480586]]]},"properties":{"id":"T084.f31","tileId":"T084","modelObjectId":"f31","label":"unburned-looking field","tags":["green-cover","fine-rows","tree-excluded"],"note":"Fairly continuous green cover and faint rows occupy the parcel; the prominent tree is excluded along the boundary.","visibility":"clear","center":[75.93070596456528,30.818583224845355],"polygon":[[424,475],[508,397],[525,412],[530,431],[548,436],[560,432],[627,507],[532,602]],"holes":[],"bbox":[424,397,627,602],"obb":[[519.5310460747478,386.69893217322516],[632.0346054973303,512.6357524223847],[531.9999999999999,601.9999999999999],[419.4964405774174,476.06317975084033]],"obbLonLat":[[75.93013731715988,30.8186911965473],[75.93074083328247,30.818111013480586],[75.9312774607238,30.818522709349914],[75.93067394460124,30.81910288992962],[75.93013731715988,30.8186911965473]],"angle":48.224522606519905,"polygonAreaPixels":20760,"tileOrigin":[47708416,27510016],"tileWidth":1024,"tileHeight":1024,"zoom":18,"sourceRunId":"d3550eda-99e3-4948-8be4-2ec4024988a0","sourceDates":[20201109],"imageryRelease":"2021-12-21","isField":true,"edgeFragment":false}},{"type":"Feature","id":"T084.f32","geometry":{"type":"Polygon","coordinates":[[[75.93022584915161,30.81770560089567],[75.93071401119232,30.81808797872048],[75.9301346540451,30.81867305991531],[75.92965722084045,30.818313719131325],[75.93022584915161,30.81770560089567]]]},"properties":{"id":"T084.f32","tileId":"T084","modelObjectId":"f32","label":"unburned-looking field","tags":["green-cover","fine-rows","faint-bunds"],"note":"Fine linear texture crosses a relatively even green-brown surface.","visibility":"clear","center":[75.93018561601639,30.81818933162363],"polygon":[[330,558],[419,480],[527,607],[436,690]],"holes":[],"bbox":[330,480,527,690],"obb":[[419.0000000000001,480.00000000000006],[529.770625697118,610.2580505882776],[436.00000000000006,690],[325.2293743028821,559.7419494117224]],"obbLonLat":[[75.92963162920995,30.818305694071526],[75.93022584915161,30.81770560089567],[75.93072887398677,30.81807296903477],[75.9301346540451,30.81867305991531],[75.92963162920995,30.818305694071526]],"angle":49.62237024168424,"polygonAreaPixels":20268.5,"tileOrigin":[47708416,27510016],"tileWidth":1024,"tileHeight":1024,"zoom":18,"sourceRunId":"d3550eda-99e3-4948-8be4-2ec4024988a0","sourceDates":[20201109],"imageryRelease":"2021-12-21","isField":true,"edgeFragment":false}},{"type":"Feature","id":"T084.f33","geometry":{"type":"Polygon","coordinates":[[[75.9296840429306,30.817277151644927],[75.93020439147949,30.817677959066195],[75.92963576316833,30.818290684419836],[75.92907249927521,30.817820775099495],[75.9296840429306,30.817277151644927]]]},"properties":{"id":"T084.f33","tileId":"T084","modelObjectId":"f33","label":"unburned-looking field","tags":["green-cover","parallel-rows","uniform-texture"],"note":"Continuous muted green cover has no visible coherent char-like or ash-like area.","visibility":"clear","center":[75.92963844537735,30.8177839193693],"polygon":[[221,665],[326,563],[432,696],[335,783]],"holes":[],"bbox":[221,563,432,783],"obb":[[338.35393759286774,786.4716196136701],[220.72050520059437,664.7106983655275],[326,563],[443.6334323922734,684.7609212481426]],"obbLonLat":[[75.93026679807397,30.81772973717607],[75.92963576316833,30.818290684419836],[75.92907099994827,30.817822107902103],[75.9297020348539,30.81726115792167],[75.93026679807397,30.81772973717607]],"angle":-134.0122396003602,"polygonAreaPixels":23070.5,"tileOrigin":[47708416,27510016],"tileWidth":1024,"tileHeight":1024,"zoom":18,"sourceRunId":"d3550eda-99e3-4948-8be4-2ec4024988a0","sourceDates":[20201109],"imageryRelease":"2021-12-21","isField":true,"edgeFragment":false}},{"type":"Feature","id":"T084.f34","geometry":{"type":"Polygon","coordinates":[[[75.92788696289062,30.817318614559174],[75.92877745628357,30.818064943954845],[75.92856824398041,30.818276863590288],[75.92788696289062,30.817829989029836],[75.92788696289062,30.817318614559174]]]},"properties":{"id":"T084.f34","tileId":"T084","modelObjectId":"f34","label":"unburned-looking field","tags":["edge-truncated","green-cover","parallel-rows"],"note":"Parallel cultivation rows extend through this left-edge fragment.","visibility":"partial","center":[75.9283322095871,30.81779774026978],"polygon":[[0,663],[127,566],[166,612],[0,774]],"holes":[],"bbox":[0,566,166,774],"obb":[[169.01762081784392,609.055092936803],[1.1368683772161603e-13,774],[-55.4834944237918,717.1465427509293],[113.53412639405201,552.2016356877323]],"obbLonLat":[[75.92849600740524,30.81834043185422],[75.92758932623278,30.817580537481348],[75.92788696289062,30.817318614559174],[75.92879364406309,30.818078511004305],[75.92849600740524,30.81834043185422]],"angle":135.6986943829835,"polygonAreaPixels":14025.5,"tileOrigin":[47708416,27510016],"tileWidth":1024,"tileHeight":1024,"zoom":18,"sourceRunId":"d3550eda-99e3-4948-8be4-2ec4024988a0","sourceDates":[20201109],"imageryRelease":"2021-12-21","isField":true,"edgeFragment":true}},{"type":"Feature","id":"T084.f35","geometry":{"type":"Polygon","coordinates":[[[75.92788696289062,30.81685791450658],[75.92845022678375,30.81726793766156],[75.92901885509491,30.817829989029836],[75.92879354953766,30.818041909183687],[75.92788696289062,30.81728636562742],[75.92788696289062,30.81685791450658]]]},"properties":{"id":"T084.f35","tileId":"T084","modelObjectId":"f35","label":"unburned-looking field","tags":["edge-truncated","row-texture","muted-cover"],"note":"Dense linear texture and muted cover remain visible, without distinct burn evidence.","visibility":"partial","center":[75.92845290899277,30.81744991366954],"polygon":[[0,781],[169,617],[211,663],[105,785],[0,874]],"holes":[],"bbox":[0,617,211,874],"obb":[[-46.47903781308037,826.103918351155],[169,617],[221.92287718412462,671.5363795372992],[6.443839371044248,880.6402978884541]],"obbLonLat":[[75.92792153033872,30.81682732257246],[75.92907744997422,30.817790662220457],[75.92879354953766,30.818041909183687],[75.92763762990216,30.817078572055657],[75.92792153033872,30.81682732257246]],"angle":-44.13976765308266,"polygonAreaPixels":18830.5,"tileOrigin":[47708416,27510016],"tileWidth":1024,"tileHeight":1024,"zoom":18,"sourceRunId":"d3550eda-99e3-4948-8be4-2ec4024988a0","sourceDates":[20201109],"imageryRelease":"2021-12-21","isField":true,"edgeFragment":true}},{"type":"Feature","id":"T084.f36","geometry":{"type":"Polygon","coordinates":[[[75.92904031276703,30.816728918095865],[75.92965185642242,30.81724490269925],[75.92905640602112,30.81778852633634],[75.92849314212799,30.81724029570614],[75.92904031276703,30.816728918095865]]]},"properties":{"id":"T084.f36","tileId":"T084","modelObjectId":"f36","label":"unburned-looking field","tags":["pale-residue","intersecting-tracks","tonal-variation"],"note":"Pale cultivation lines and crossing machinery marks explain much of the surface variation.","visibility":"clear","center":[75.92907249927521,30.817258723677302],"polygon":[[113,791],[218,672],[329,790],[215,902]],"holes":[],"bbox":[113,672,329,902],"obb":[[218.00000000000009,672],[331.37690988759766,792.5268051057344],[215,902],[101.62309011240245,781.4731948942656]],"obbLonLat":[[75.92843211162744,30.81728418562277],[75.92904031276703,30.816728918095865],[75.9296646071607,30.81723326172508],[75.92905640602112,30.81778852633634],[75.92843211162744,30.81728418562277]],"angle":46.75085418654284,"polygonAreaPixels":24838.5,"tileOrigin":[47708416,27510016],"tileWidth":1024,"tileHeight":1024,"zoom":18,"sourceRunId":"d3550eda-99e3-4948-8be4-2ec4024988a0","sourceDates":[20201109],"imageryRelease":"2021-12-21","isField":true,"edgeFragment":false}},{"type":"Feature","id":"T084.f37","geometry":{"type":"Polygon","coordinates":[[[75.92788696289062,30.816581493414347],[75.92813909053802,30.816498566931546],[75.92870771884918,30.816968482720725],[75.92845022678375,30.81718961876719],[75.92788696289062,30.81681645139345],[75.92788696289062,30.816581493414347]]]},"properties":{"id":"T084.f37","tileId":"T084","modelObjectId":"f37","label":"unburned-looking field","tags":["edge-truncated","green-cover","crop-bands"],"note":"Broad green bands and faint rows are visible in this lower-left fragment.","visibility":"partial","center":[75.9282973408699,30.81684409347086],"polygon":[[0,883],[105,802],[153,850],[47,952],[0,934]],"holes":[],"bbox":[0,802,153,952],"obb":[[153,850],[31.58983364140488,966.8286506469501],[-25.48114602587799,907.5195933456562],[95.92902033271713,790.6909426987061]],"obbLonLat":[[75.92840156625687,30.817241719531026],[75.92775027137148,30.81670348922791],[75.92805642396377,30.816430250886505],[75.92870771884918,30.816968482720725],[75.92840156625687,30.817241719531026]],"angle":136.10170611520635,"polygonAreaPixels":11716.5,"tileOrigin":[47708416,27510016],"tileWidth":1024,"tileHeight":1024,"zoom":18,"sourceRunId":"d3550eda-99e3-4948-8be4-2ec4024988a0","sourceDates":[20201109],"imageryRelease":"2021-12-21","isField":true,"edgeFragment":true}},{"type":"Feature","id":"T084.f38","geometry":{"type":"Polygon","coordinates":[[[75.92810153961182,30.816378784107783],[75.92834830284119,30.816166860284437],[75.92900812625885,30.816687454927052],[75.9287291765213,30.81694544768661],[75.92816054821014,30.816475531784732],[75.92810153961182,30.816378784107783]]]},"properties":{"id":"T084.f38","tileId":"T084","modelObjectId":"f38","label":"unburned-looking field","tags":["edge-truncated","green-cover","track-bounded"],"note":"Green cover is bounded by a pale track and neighboring cultivated parcels.","visibility":"partial","center":[75.92855483293533,30.81655615477442],"polygon":[[51,957],[157,855],[209,911],[86,1024],[40,978]],"holes":[],"bbox":[40,855,209,1024],"obb":[[157.00000000000006,855.0000000000001],[209,911.0000000000001],[84.84109589041094,1026.2904109589042],[32.841095890411,970.2904109589042]],"obbLonLat":[[75.92806313625752,30.81641430244435],[75.92834208599507,30.81615630825814],[75.92900812625885,30.816687454927052],[75.9287291765213,30.81694544768661],[75.92806313625752,30.81641430244435]],"angle":47.12109639666145,"polygonAreaPixels":12454,"tileOrigin":[47708416,27510016],"tileWidth":1024,"tileHeight":1024,"zoom":18,"sourceRunId":"d3550eda-99e3-4948-8be4-2ec4024988a0","sourceDates":[20201109],"imageryRelease":"2021-12-21","isField":true,"edgeFragment":true}},{"type":"Feature","id":"T084.f39","geometry":{"type":"Polygon","coordinates":[[[75.9315025806427,30.8183367538373],[75.9316474199295,30.818350574658226],[75.93223214149475,30.8188250883038],[75.93188881874084,30.819046220075677],[75.93129873275757,30.81852563821785],[75.9315025806427,30.8183367538373]]]},"properties":{"id":"T084.f39","tileId":"T084","modelObjectId":"f39","label":"unburned-looking field","tags":["pale-residue","diagonal-rows","bund-separated"],"note":"Pale residue bands dominate the parcel; darker marks follow rows and field margins.","visibility":"clear","center":[75.93176543712616,30.818691487611584],"polygon":[[636,512],[746,399],[810,447],[701,550],[674,553]],"holes":[],"bbox":[636,399,810,553],"obb":[[810,447],[685.2388617163184,564.8935526900844],[631.0871498443754,507.587372165407],[755.848288128057,389.69381947532247]],"obbLonLat":[[75.93194164907524,30.819089092770675],[75.9312723781756,30.818545966890234],[75.93156287059514,30.818281960930403],[75.93223214149475,30.8188250883038],[75.93194164907524,30.819089092770675]],"angle":136.6211459136534,"polygonAreaPixels":12285,"tileOrigin":[47708416,27510016],"tileWidth":1024,"tileHeight":1024,"zoom":18,"sourceRunId":"d3550eda-99e3-4948-8be4-2ec4024988a0","sourceDates":[20201109],"imageryRelease":"2021-12-21","isField":true,"edgeFragment":false}},{"type":"Feature","id":"T084.f40","geometry":{"type":"Polygon","coordinates":[[[75.931915640831,30.818028088318343],[75.93237161636353,30.818401250984614],[75.93272030353546,30.818686880687842],[75.93226432800293,30.818806660633168],[75.93167424201965,30.818313719131325],[75.931915640831,30.818028088318343]]]},"properties":{"id":"T084.f40","tileId":"T084","modelObjectId":"f40","label":"unburned-looking field","tags":["pale-residue","winding-swaths","tonal-variation"],"note":"Winding pale swaths cover most of the parcel, with no distinct coherent ash-like patch.","visibility":"clear","center":[75.93219727277756,30.81841737526468],"polygon":[[706,558],[816,451],[901,477],[836,539],[751,620]],"holes":[],"bbox":[706,451,901,620],"obb":[[901,476.9999999999999],[751.0384186392365,620.0402776056512],[697.559672821911,563.9738505391002],[847.5212541826745,420.9335729334489]],"obbLonLat":[[75.93243342118717,30.818945174100374],[75.93162896457639,30.818286197945937],[75.93191584692462,30.818027902761216],[75.93272030353546,30.818686880687842],[75.93243342118717,30.818945174100374]],"angle":136.35319195377969,"polygonAreaPixels":13847.5,"tileOrigin":[47708416,27510016],"tileWidth":1024,"tileHeight":1024,"zoom":18,"sourceRunId":"d3550eda-99e3-4948-8be4-2ec4024988a0","sourceDates":[20201109],"imageryRelease":"2021-12-21","isField":true,"edgeFragment":false}},{"type":"Feature","id":"T084.f41","geometry":{"type":"Polygon","coordinates":[[[75.93275785446167,30.818691487611584],[75.93242526054382,30.818401250984614],[75.93272566795349,30.8181755107795],[75.93298316001892,30.818226187198263],[75.93338012695312,30.81833214689654],[75.93338012695312,30.81867305991531],[75.9329241514206,30.81890340586457],[75.93244671821594,30.81893104734136],[75.93275785446167,30.818691487611584]]]},"properties":{"id":"T084.f41","tileId":"T084","modelObjectId":"f41","label":"uncertain field","tags":["edge-truncated","patchy-cover","vegetation-confounder","haze"],"note":"Patchy brown-green cover and irregular darker areas are difficult to separate from vegetation and exposed soil. Burn evidence is not diagnostic.","visibility":"partial","center":[75.93290269374847,30.818553279803364],"polygon":[[850,424],[939,430],[1024,480],[1024,554],[950,577],[902,588],[846,539],[908,476]],"holes":[],"bbox":[846,424,1024,588],"obb":[[844.3653802582886,585.9953175742013],[850,424],[1028.306019182841,430.2019484933162],[1022.6713994411298,592.1972660675175]],"obbLonLat":[[75.93337299978435,30.818156174189458],[75.93340322624005,30.818902475505332],[75.93244671821594,30.81893104734136],[75.9324164917602,30.8181847462475],[75.93337299978435,30.818156174189458]],"angle":-88.00790642703356,"polygonAreaPixels":19320,"tileOrigin":[47708416,27510016],"tileWidth":1024,"tileHeight":1024,"zoom":18,"sourceRunId":"d3550eda-99e3-4948-8be4-2ec4024988a0","sourceDates":[20201109],"imageryRelease":"2021-12-21","isField":true,"edgeFragment":true}},{"type":"Feature","id":"T084.f42","geometry":{"type":"Polygon","coordinates":[[[75.93217313289642,30.81772863574748],[75.93267738819122,30.818143262135454],[75.93239843845367,30.818364395477168],[75.93195855617523,30.817968197878862],[75.93217313289642,30.81772863574748]]]},"properties":{"id":"T084.f42","tileId":"T084","modelObjectId":"f42","label":"unburned-looking field","tags":["pale-surface","parallel-rows","distinct-boundary"],"note":"A pale field with regular parallel texture is distinctly separated from rougher surrounding cover.","visibility":"clear","center":[75.93231797218323,30.818046516138363],"polygon":[[759,633],[841,547],[893,595],[799,685]],"holes":[],"bbox":[759,547,893,685],"obb":[[893.0000000000001,595.0000000000001],[799,685.0000000000001],[750.1525743977327,633.9815777042985],[844.1525743977327,543.9815777042985]],"obbLonLat":[[75.9324153501806,30.8183783011645],[75.9319110948858,30.817963675791177],[75.93217313289642,30.81772863574748],[75.93267738819122,30.818143262135454],[75.9324153501806,30.8183783011645]],"angle":136.24536426676835,"polygonAreaPixels":8448,"tileOrigin":[47708416,27510016],"tileWidth":1024,"tileHeight":1024,"zoom":18,"sourceRunId":"d3550eda-99e3-4948-8be4-2ec4024988a0","sourceDates":[20201109],"imageryRelease":"2021-12-21","isField":true,"edgeFragment":false}},{"type":"Feature","id":"T084.f43","geometry":{"type":"Polygon","coordinates":[[[75.9307461977005,30.817760884530745],[75.9314489364624,30.818322933014375],[75.93126654624939,30.818497996624387],[75.93057990074158,30.817903700440727],[75.9307461977005,30.817760884530745]]]},"properties":{"id":"T084.f43","tileId":"T084","modelObjectId":"f43","label":"unburned-looking field","tags":["pale-residue","narrow-parcel","track-bounded"],"note":"This narrow pale strip contains cultivation texture without visible char-like patches.","visibility":"clear","center":[75.93101441860199,30.8181294412847],"polygon":[[502,647],[630,518],[664,556],[533,678]],"holes":[],"bbox":[502,518,664,678],"obb":[[537.5,682.5],[501.49999999999994,646.4999999999999],[630,518],[666,554.0000000000001]],"obbLonLat":[[75.93145966529846,30.81833214689654],[75.93126654624939,30.818497996624387],[75.93057721853256,30.817906003921415],[75.93077033758163,30.817740153171314],[75.93145966529846,30.81833214689654]],"angle":-135,"polygonAreaPixels":8546.5,"tileOrigin":[47708416,27510016],"tileWidth":1024,"tileHeight":1024,"zoom":18,"sourceRunId":"d3550eda-99e3-4948-8be4-2ec4024988a0","sourceDates":[20201109],"imageryRelease":"2021-12-21","isField":true,"edgeFragment":false}},{"type":"Feature","id":"T084.f44","geometry":{"type":"Polygon","coordinates":[[[75.93012392520905,30.817134334803303],[75.93016684055328,30.81721265374275],[75.93072474002838,30.817737849686658],[75.93055844306946,30.817880665630906],[75.92971086502075,30.81724490269925],[75.93012392520905,30.817134334803303]]]},"properties":{"id":"T084.f44","tileId":"T084","modelObjectId":"f44","label":"unburned-looking field","tags":["pale-residue","elongated-parcel","linear-texture"],"note":"Pale residue and linear cultivation marks extend southwest beside the much darker striped parcel.","visibility":"clear","center":[75.93021780252457,30.817507500942018],"polygon":[[340,790],[498,652],[529,683],[425,797],[417,814]],"holes":[],"bbox":[340,652,529,814],"obb":[[339.99999999999994,789.9999999999999],[500.22595891656056,650.0558080349026],[545.437829485548,701.8201236138883],[385.2118705689874,841.7643155789856]],"obbLonLat":[[75.92995340039437,30.81700642456301],[75.93081291941726,30.81765114591453],[75.93057038404359,30.817889622450004],[75.92971086502075,30.81724490269925],[75.92995340039437,30.81700642456301]],"angle":-41.13453883014825,"polygonAreaPixels":10547.5,"tileOrigin":[47708416,27510016],"tileWidth":1024,"tileHeight":1024,"zoom":18,"sourceRunId":"d3550eda-99e3-4948-8be4-2ec4024988a0","sourceDates":[20201109],"imageryRelease":"2021-12-21","isField":true,"edgeFragment":false}},{"type":"Feature","id":"T084.f45","geometry":{"type":"Polygon","coordinates":[[[75.93030631542206,30.817134334803303],[75.93045115470886,30.81708826480909],[75.93137919902802,30.817903700440727],[75.93169569969177,30.818120227383083],[75.93167424201965,30.818184724675813],[75.93151867389679,30.818295291362574],[75.93137383460999,30.81826764970282],[75.93123435974121,30.818147869085273],[75.93093931674957,30.817885272593305],[75.93020439147949,30.81724950969216],[75.93030631542206,30.817134334803303]]]},"properties":{"id":"T084.f45","tileId":"T084","modelObjectId":"f45","label":"uncertain field","tags":["dark-bands","pale-residue","curved-swaths","soil-confounder"],"note":"Broad dark bands alternate with pale winding residue, with irregular dark branching at the northeastern end. Burning is plausible, but dark soil, retained vegetation and residue arrangement cannot be distinguished confidently; no clear plume source is visible.","visibility":"clear","center":[75.93095004558563,30.81769177998193],"polygon":[[432,789],[569,651],[624,594],[650,568],[677,562],[706,586],[710,600],[651,647],[478,824],[451,814]],"holes":[],"bbox":[432,562,710,824],"obb":[[714.9255384615383,595.2443076923075],[469.02338461538454,832.6670769230768],[424.0855384615385,786.1243076923076],[669.9876923076922,548.7015384615383]],"obbLonLat":[[75.931481056947,30.818356556592413],[75.93016193499932,30.81726275798498],[75.93040300039144,30.81704833557285],[75.9317221223391,30.818142136622143],[75.931481056947,30.818356556592413]],"angle":136.00508600525419,"polygonAreaPixels":19113,"tileOrigin":[47708416,27510016],"tileWidth":1024,"tileHeight":1024,"zoom":18,"sourceRunId":"d3550eda-99e3-4948-8be4-2ec4024988a0","sourceDates":[20201109],"imageryRelease":"2021-12-21","isField":true,"edgeFragment":false}},{"type":"Feature","id":"T084.f46","geometry":{"type":"Polygon","coordinates":[[[75.930655002594,30.816954661700926],[75.93078374862671,30.816913198629564],[75.93192100524902,30.817885272593305],[75.93171715736389,30.818097192625192],[75.93048334121704,30.817051408797813],[75.930655002594,30.816954661700926]]]},"properties":{"id":"T084.f46","tileId":"T084","modelObjectId":"f46","label":"unburned-looking field","tags":["pale-residue","elongated-parcel","parallel-lines"],"note":"Pale residue and long cultivation lines dominate the strip adjoining the dark parcel.","visibility":"clear","center":[75.93120217323303,30.81750519745178],"polygon":[[484,832],[714,605],[752,651],[540,862],[516,853]],"holes":[],"bbox":[484,605,752,862],"obb":[[483.9999999999999,832],[713.9999999999999,605],[756.6311082170662,648.1945149335913],[526.6311082170662,875.1945149335913]],"obbLonLat":[[75.93071203230258,30.816852411362284],[75.93194584844943,30.817898197356364],[75.93171715736389,30.818097192625192],[75.93048334121704,30.817051408797813],[75.93071203230258,30.816852411362284]],"angle":-44.62388431173557,"polygonAreaPixels":18799,"tileOrigin":[47708416,27510016],"tileWidth":1024,"tileHeight":1024,"zoom":18,"sourceRunId":"d3550eda-99e3-4948-8be4-2ec4024988a0","sourceDates":[20201109],"imageryRelease":"2021-12-21","isField":true,"edgeFragment":false}},{"type":"Feature","id":"T084.f47","geometry":{"type":"Polygon","coordinates":[[[75.92938363552094,30.816166860284437],[75.93037068843842,30.81698691074404],[75.93012392520905,30.81710669280943],[75.92969477176666,30.81720343975319],[75.92841267585754,30.816166860284437],[75.92938363552094,30.816166860284437]]]},"properties":{"id":"T084.f47","tileId":"T084","modelObjectId":"f47","label":"unburned-looking field","tags":["edge-truncated","parallel-rows","green-brown-cover"],"note":"Long regular rows cross green-brown cover, with pale margins and no diagnostic char-like patch.","visibility":"partial","center":[75.92939168214798,30.816685151417154],"polygon":[[98,1024],[337,799],[417,820],[463,846],[279,1024]],"holes":[],"bbox":[98,799,463,1024],"obb":[[98.00000000000006,1024],[380.3410149796745,758.1977892450765],[465.3847753048838,848.5331613238543],[183.04376032520935,1114.335372078778]],"obbLonLat":[[75.92886888613873,30.815750680283813],[75.93038348137006,30.81697524045547],[75.92992727108884,30.81739141515026],[75.92841267585754,30.816166860284437],[75.92886888613873,30.815750680283813]],"angle":-43.271772349501454,"polygonAreaPixels":36457.5,"tileOrigin":[47708416,27510016],"tileWidth":1024,"tileHeight":1024,"zoom":18,"sourceRunId":"d3550eda-99e3-4948-8be4-2ec4024988a0","sourceDates":[20201109],"imageryRelease":"2021-12-21","isField":true,"edgeFragment":true}},{"type":"Feature","id":"T084.f48","geometry":{"type":"Polygon","coordinates":[[[75.92985033988953,30.816166860284437],[75.93059062957764,30.81681645139345],[75.93041360378265,30.816959268707745],[75.9294319152832,30.816166860284437],[75.92985033988953,30.816166860284437]]]},"properties":{"id":"T084.f48","tileId":"T084","modelObjectId":"f48","label":"unburned-looking field","tags":["edge-truncated","pale-residue","winding-swaths"],"note":"Pale winding residue bands cover this narrow bottom-edge fragment.","visibility":"partial","center":[75.93001127243042,30.81656306531324],"polygon":[[288,1024],[471,852],[504,883],[366,1024]],"holes":[],"bbox":[288,852,504,1024],"obb":[[287.99999999999994,1024],[473.0512897753397,850.0720117958556],[509.63670667322003,888.9971937279026],[324.5854168978803,1062.925181932047]],"obbLonLat":[[75.92962817475325,30.815987530063108],[75.93062086722853,30.816788822236642],[75.93042460775851,30.816968150961944],[75.9294319152832,30.816166860284437],[75.92962817475325,30.815987530063108]],"angle":-43.22520568183845,"polygonAreaPixels":11173.5,"tileOrigin":[47708416,27510016],"tileWidth":1024,"tileHeight":1024,"zoom":18,"sourceRunId":"d3550eda-99e3-4948-8be4-2ec4024988a0","sourceDates":[20201109],"imageryRelease":"2021-12-21","isField":true,"edgeFragment":true}},{"type":"Feature","id":"T084.f49","geometry":{"type":"Polygon","coordinates":[[[75.9303492307663,30.816166860284437],[75.9308534860611,30.816609135559368],[75.93061745166779,30.816784202293096],[75.92989325523376,30.816166860284437],[75.9303492307663,30.816166860284437]]]},"properties":{"id":"T084.f49","tileId":"T084","modelObjectId":"f49","label":"unburned-looking field","tags":["edge-truncated","muted-cover","fine-rows"],"note":"Muted green-brown cover contains fine linear cultivation texture.","visibility":"partial","center":[75.93037337064743,30.816475531784732],"polygon":[[374,1024],[509,890],[553,928],[459,1024]],"holes":[],"bbox":[374,890,553,1024],"obb":[[374,1023.9999999999998],[512.1640916503136,886.8593460656144],[554.3481108869296,929.3581714159366],[416.1840192366159,1066.498825350322]],"obbLonLat":[[75.93011954794713,30.815971066095926],[75.93086071789142,30.816602878431524],[75.93063442517806,30.81679867133214],[75.92989325523376,30.816166860284437],[75.93011954794713,30.815971066095926]],"angle":-44.78700551828858,"polygonAreaPixels":9593,"tileOrigin":[47708416,27510016],"tileWidth":1024,"tileHeight":1024,"zoom":18,"sourceRunId":"d3550eda-99e3-4948-8be4-2ec4024988a0","sourceDates":[20201109],"imageryRelease":"2021-12-21","isField":true,"edgeFragment":true}},{"type":"Feature","id":"T084.f50","geometry":{"type":"Polygon","coordinates":[[[75.9309983253479,30.816166860284437],[75.93118071556091,30.816337320787834],[75.93088567256927,30.816576886389402],[75.93039214611053,30.816166860284437],[75.9309983253479,30.816166860284437]]]},"properties":{"id":"T084.f50","tileId":"T084","modelObjectId":"f50","label":"unburned-looking field","tags":["edge-truncated","pale-rows","muted-cover"],"note":"The small visible fragment has pale rows without a distinct burn-like pattern.","visibility":"partial","center":[75.93078643083572,30.816371873555703],"polygon":[[467,1024],[559,935],[614,987],[580,1024]],"holes":[],"bbox":[467,935,614,1024],"obb":[[466.9999999999999,1024],[561.4256332010984,932.6534635337198],[616.0532194079951,989.1224290509613],[521.6275862068966,1080.4689655172415]],"obbLonLat":[[75.9306851913189,30.815906704882668],[75.93119172988813,30.816327542679137],[75.93089868467973,30.816587696941074],[75.93039214611053,30.816166860284437],[75.9306851913189,30.815906704882668]],"angle":-44.05043314356418,"polygonAreaPixels":6930,"tileOrigin":[47708416,27510016],"tileWidth":1024,"tileHeight":1024,"zoom":18,"sourceRunId":"d3550eda-99e3-4948-8be4-2ec4024988a0","sourceDates":[20201109],"imageryRelease":"2021-12-21","isField":true,"edgeFragment":true}},{"type":"Feature","id":"T084.f51","geometry":{"type":"Polygon","coordinates":[[[75.93185126781464,30.816871735540303],[75.93246281147003,30.817433789227056],[75.93213021755219,30.817645710255093],[75.93140602111816,30.8171435487995],[75.93185126781464,30.816871735540303]]]},"properties":{"id":"T084.f51","tileId":"T084","modelObjectId":"f51","label":"unburned-looking field","tags":["muted-cover","faint-rows","track-bounded"],"note":"Faint rows and scattered pale marks occupy the parcel beside an irregular vegetated strip.","visibility":"clear","center":[75.9319344162941,30.817258723677302],"polygon":[[656,812],[791,703],[853,749],[739,871]],"holes":[],"bbox":[656,703,853,871],"obb":[[853,749],[729.7426111908178,880.9070301291248],[656.0000000000001,812],[779.2573888091823,680.0929698708752]],"obbLonLat":[[75.932067225277,30.817751242284483],[75.93140602111816,30.8171435487995],[75.9318016073112,30.816826093733557],[75.93246281147003,30.817433789227056],[75.932067225277,30.817751242284483]],"angle":133.05851360908562,"polygonAreaPixels":14910,"tileOrigin":[47708416,27510016],"tileWidth":1024,"tileHeight":1024,"zoom":18,"sourceRunId":"d3550eda-99e3-4948-8be4-2ec4024988a0","sourceDates":[20201109],"imageryRelease":"2021-12-21","isField":true,"edgeFragment":false}},{"type":"Feature","id":"T084.f52","geometry":{"type":"Polygon","coordinates":[[[75.93228042125702,30.816558458287417],[75.93275785446167,30.817185011771418],[75.93249499797821,30.817410754304525],[75.93187808990479,30.816848700482982],[75.93228042125702,30.816558458287417]]]},"properties":{"id":"T084.f52","tileId":"T084","modelObjectId":"f52","label":"unburned-looking field","tags":["pale-residue","row-texture","tonal-variation"],"note":"Pale residue is scattered over muted cover without a coherent char-like area.","visibility":"clear","center":[75.93231797218323,30.816984607241327],"polygon":[[744,876],[859,754],[908,803],[819,939]],"holes":[],"bbox":[744,754,908,939],"obb":[[743.9999999999999,876.0000000000001],[859,754],[930.1583478601161,821.0754918353553],[815.158347860116,943.0754918353554]],"obbLonLat":[[75.93225981302902,30.81653968238899],[75.93287672110245,30.817101738018813],[75.93249499797821,30.817410754304525],[75.93187808990479,30.816848700482982],[75.93225981302902,30.81653968238899]],"angle":-46.691788568264485,"polygonAreaPixels":13710,"tileOrigin":[47708416,27510016],"tileWidth":1024,"tileHeight":1024,"zoom":18,"sourceRunId":"d3550eda-99e3-4948-8be4-2ec4024988a0","sourceDates":[20201109],"imageryRelease":"2021-12-21","isField":true,"edgeFragment":false}},{"type":"Feature","id":"T084.f53","geometry":{"type":"Polygon","coordinates":[[[75.93277394771576,30.81720343975319],[75.93286514282227,30.8171757977792],[75.93311727046967,30.817410754304525],[75.93280613422394,30.817654924202234],[75.93252718448639,30.81744761017792],[75.93277394771576,30.81720343975319]]]},"properties":{"id":"T084.f53","tileId":"T084","modelObjectId":"f53","label":"unburned-looking field","tags":["pale-residue","parallel-rows","vegetation-margin"],"note":"Parallel pale residue lines cover this parcel, with vegetation along its eastern side.","visibility":"clear","center":[75.93282222747803,30.81741536128948],"polygon":[[865,746],[917,701],[975,754],[928,805],[911,799]],"holes":[],"bbox":[865,701,975,805],"obb":[[975.0000000000001,754],[923.1827442827444,810.227234927235],[859.7137214137215,751.7361746361748],[911.5309771309772,695.5089397089398]],"obbLonLat":[[75.93277679609906,30.8176802213673],[75.93249882667826,30.817421183713588],[75.93283930104883,30.81715171592408],[75.93311727046967,30.817410754304525],[75.93277679609906,30.8176802213673]],"angle":132.6626941408762,"polygonAreaPixels":5988.5,"tileOrigin":[47708416,27510016],"tileWidth":1024,"tileHeight":1024,"zoom":18,"sourceRunId":"d3550eda-99e3-4948-8be4-2ec4024988a0","sourceDates":[20201109],"imageryRelease":"2021-12-21","isField":true,"edgeFragment":false}},{"type":"Feature","id":"T084.f54","geometry":{"type":"Polygon","coordinates":[[[75.93120753765106,30.816369570038233],[75.93182981014252,30.81684409347086],[75.93138456344604,30.81711129980896],[75.9309071302414,30.816632170674136],[75.93120753765106,30.816369570038233]]]},"properties":{"id":"T084.f54","tileId":"T084","modelObjectId":"f54","label":"unburned-looking field","tags":["muted-cover","pale-streaks","faint-bunds"],"note":"Pale streaks and fine cultivation texture occur across a fairly uniform muted surface.","visibility":"clear","center":[75.93136847019196,30.816740435639577],"polygon":[[563,923],[652,819],[735,877],[619,980]],"holes":[],"bbox":[563,819,735,980],"obb":[[624.4815974941268,985.5794831636648],[554.7205951448708,914.5727486296006],[665.238997650744,805.9932654659358],[735,877]],"obbLonLat":[[75.93182981014252,30.81684409347086],[75.93145558296376,30.817171221808746],[75.9308627160527,30.816670995202134],[75.93123694323148,30.816343865160594],[75.93182981014252,30.81684409347086]],"angle":-134.4929709390852,"polygonAreaPixels":13087,"tileOrigin":[47708416,27510016],"tileWidth":1024,"tileHeight":1024,"zoom":18,"sourceRunId":"d3550eda-99e3-4948-8be4-2ec4024988a0","sourceDates":[20201109],"imageryRelease":"2021-12-21","isField":true,"edgeFragment":false}},{"type":"Feature","id":"T084.f55","geometry":{"type":"Polygon","coordinates":[[[75.93144357204437,30.816166860284437],[75.93182444572449,30.816166860284437],[75.93225359916687,30.81653542315496],[75.93186736106873,30.81681645139345],[75.93123972415924,30.81634653486048],[75.93144357204437,30.816166860284437]]]},"properties":{"id":"T084.f55","tileId":"T084","modelObjectId":"f55","label":"unburned-looking field","tags":["edge-truncated","muted-cover","pale-residue"],"note":"Muted cover and scattered pale residue extend to the bottom edge without distinct burn evidence.","visibility":"partial","center":[75.93174666166306,30.816491656388084],"polygon":[[625,985],[742,883],[814,944],[734,1024],[663,1024]],"holes":[],"bbox":[625,883,814,1024],"obb":[[697.5780775716696,1059.4880269814503],[625.0000000000001,985],[742.4472175379427,870.5642495784149],[815.0252951096122,945.0522765598652]],"obbLonLat":[[75.93225909927844,30.81653057528828],[75.93186976013055,30.816873743047232],[75.93123972415924,30.81634653486048],[75.93162906330713,30.81600336521794],[75.93225909927844,30.81653057528828]],"angle":-134.2559407971113,"polygonAreaPixels":14545,"tileOrigin":[47708416,27510016],"tileWidth":1024,"tileHeight":1024,"zoom":18,"sourceRunId":"d3550eda-99e3-4948-8be4-2ec4024988a0","sourceDates":[20201109],"imageryRelease":"2021-12-21","isField":true,"edgeFragment":true}},{"type":"Feature","id":"T084.f56","geometry":{"type":"Polygon","coordinates":[[[75.93223750591278,30.816166860284437],[75.93324065208435,30.81704680179541],[75.93307971954346,30.817180404775424],[75.93190491199493,30.816166860284437],[75.93223750591278,30.816166860284437]]]},"properties":{"id":"T084.f56","tileId":"T084","modelObjectId":"f56","label":"unburned-looking field","tags":["edge-truncated","pale-surface","uniform-texture"],"note":"A conspicuously pale elongated parcel has a relatively uniform surface.","visibility":"partial","center":[75.93257278203964,30.816673633866817],"polygon":[[749,1024],[968,804],[998,833],[811,1024]],"holes":[],"bbox":[749,804,998,1024],"obb":[[748.9999999999999,1023.9999999999999],[968.4318137005635,803.5662145473791],[999.5730430360833,834.5658928404646],[780.1412293355197,1054.9996782930855]],"obbLonLat":[[75.93207196656707,30.81602404327405],[75.93324909054476,30.817039587722878],[75.93308203597266,30.817182403223292],[75.93190491199493,30.816166860284437],[75.93207196656707,30.81602404327405]],"angle":-45.1305140783911,"polygonAreaPixels":12396.5,"tileOrigin":[47708416,27510016],"tileWidth":1024,"tileHeight":1024,"zoom":18,"sourceRunId":"d3550eda-99e3-4948-8be4-2ec4024988a0","sourceDates":[20201109],"imageryRelease":"2021-12-21","isField":true,"edgeFragment":true}},{"type":"Feature","id":"T084.f57","geometry":{"type":"Polygon","coordinates":[[[75.93338012695312,30.816166860284437],[75.93338012695312,30.816899377601796],[75.93327283859253,30.81698691074404],[75.93229115009308,30.816166860284437],[75.93338012695312,30.816166860284437]]]},"properties":{"id":"T084.f57","tileId":"T084","modelObjectId":"f57","label":"unburned-looking field","tags":["edge-truncated","green-cover","parallel-rows"],"note":"Green cover and long parallel rows occupy the lower-right fragment.","visibility":"partial","center":[75.9328356385231,30.816576886389402],"polygon":[[821,1024],[1004,846],[1024,865],[1024,1024]],"holes":[],"bbox":[821,846,1024,1024],"obb":[[1024,846],[1024,1023.9999999999999],[821,1024],[820.9999999999999,846.0000000000001]],"obbLonLat":[[75.93229115009308,30.81698691074404],[75.93229115009308,30.816166860284437],[75.93338012695312,30.816166860284437],[75.93338012695312,30.81698691074404],[75.93229115009308,30.81698691074404]],"angle":90,"polygonAreaPixels":19657,"tileOrigin":[47708416,27510016],"tileWidth":1024,"tileHeight":1024,"zoom":18,"sourceRunId":"d3550eda-99e3-4948-8be4-2ec4024988a0","sourceDates":[20201109],"imageryRelease":"2021-12-21","isField":true,"edgeFragment":true}}]}